INFO-FLOW: Workspace /home/hufnagelde/ultrazohm_sw/ip_cores/uz_Matrix_Multi/HLS_Project/solution1 opened at Fri Nov 24 13:06:55 CET 2023
Execute     ap_set_clock -name default -period 10 -default=false 
INFO: [SYN 201-201] Setting up clock 'default' with a period of 10ns.
Execute     set_part xczu9eg-ffvc900-1-e 
Execute       create_platform xczu9eg-ffvc900-1-e -board  
DBG:HLSDevice: Trying to load device library: /home/Xilinx/Vitis_HLS/2022.2/lib/lnx64.o/libxv_hlsvwrap.so
DBG:HLSDevice: first parts/arch.xml in RDI_DATADIR: /home/Xilinx/Vivado/2022.2/data/parts/arch.xml
DBG:HLSDevice: init success
INFO: [HLS 200-1611] Setting target device to 'xczu9eg-ffvc900-1-e'
Command       create_platform done; 0.24 sec.
Execute       source /home/Xilinx/Vitis_HLS/2022.2/common/technology/xilinx/common/xilinx.gen 
Execute         source /home/Xilinx/Vitis_HLS/2022.2/common/technology/xilinx/interface/plb46.gen 
Execute         source /home/Xilinx/Vitis_HLS/2022.2/common/technology/xilinx/interface/axi4.gen 
Execute         source /home/Xilinx/Vitis_HLS/2022.2/common/technology/xilinx/interface/nativeAXI4.gen 
Execute           source /home/Xilinx/Vitis_HLS/2022.2/common/technology/xilinx/interface/saxilite.gen 
Execute         source /home/Xilinx/Vitis_HLS/2022.2/common/technology/xilinx/scripts/xilinxcoregen.gen 
Execute         source /home/Xilinx/Vitis_HLS/2022.2/common/technology/xilinx/interface/XilEDKCoreGen.gen 
Execute         source /home/Xilinx/Vitis_HLS/2022.2/common/technology/xilinx/ip/dds_compiler.gen 
Execute         source /home/Xilinx/Vitis_HLS/2022.2/common/technology/xilinx/ip/util.gen 
Execute         source /home/Xilinx/Vitis_HLS/2022.2/common/technology/xilinx/ip/xfft.gen 
Execute         source /home/Xilinx/Vitis_HLS/2022.2/common/technology/xilinx/ip/xfir.gen 
Execute         source /home/Xilinx/Vitis_HLS/2022.2/common/technology/xilinx/DSP48/dsp48.gen 
Command       ap_source done; 0.12 sec.
Execute       ap_part_info -name xczu9eg-ffvc900-1-e -data info 
Execute       config_compile -quiet -complex-mul-dsp=0 
Command     set_part done; 0.38 sec.
Execute     send_msg_by_id INFO @200-1505@%s%s  vitis 
INFO: [HLS 200-1505] Using flow_target 'vitis'
Execute     send_msg_by_id INFO @200-1464@%s config_interface -m_axi_latency=64 
INFO: [HLS 200-1464] Running solution command: config_interface -m_axi_latency=64
Execute     config_interface -m_axi_latency=64 
Execute     send_msg_by_id INFO @200-1464@%s config_interface -m_axi_alignment_byte_size=64 
INFO: [HLS 200-1464] Running solution command: config_interface -m_axi_alignment_byte_size=64
Execute     config_interface -m_axi_alignment_byte_size=64 
Execute     send_msg_by_id INFO @200-1464@%s config_interface -m_axi_max_widen_bitwidth=512 
INFO: [HLS 200-1464] Running solution command: config_interface -m_axi_max_widen_bitwidth=512
Execute     config_interface -m_axi_max_widen_bitwidth=512 
Execute     send_msg_by_id INFO @200-1464@%s config_interface -default_interface=kernel 
INFO: [HLS 200-1464] Running solution command: config_interface -default_interface=kernel
Execute     config_interface -default_interface=kernel 
Execute     send_msg_by_id INFO @200-1464@%s config_rtl -register_reset_num=3 
INFO: [HLS 200-1464] Running solution command: config_rtl -register_reset_num=3
Execute     config_rtl -register_reset_num=3 
Command   open_solution done; 0.45 sec.
Execute   set_part xczu9eg-ffvc900-1-e 
INFO: [HLS 200-1510] Running: set_part xczu9eg-ffvc900-1-e 
Execute     create_platform xczu9eg-ffvc900-1-e -board  
Execute     source /home/Xilinx/Vitis_HLS/2022.2/common/technology/xilinx/common/xilinx.gen 
Execute       source /home/Xilinx/Vitis_HLS/2022.2/common/technology/xilinx/interface/plb46.gen 
Execute       source /home/Xilinx/Vitis_HLS/2022.2/common/technology/xilinx/interface/axi4.gen 
Execute       source /home/Xilinx/Vitis_HLS/2022.2/common/technology/xilinx/interface/nativeAXI4.gen 
Execute         source /home/Xilinx/Vitis_HLS/2022.2/common/technology/xilinx/interface/saxilite.gen 
Execute       source /home/Xilinx/Vitis_HLS/2022.2/common/technology/xilinx/scripts/xilinxcoregen.gen 
Execute       source /home/Xilinx/Vitis_HLS/2022.2/common/technology/xilinx/interface/XilEDKCoreGen.gen 
Execute       source /home/Xilinx/Vitis_HLS/2022.2/common/technology/xilinx/ip/dds_compiler.gen 
Execute       source /home/Xilinx/Vitis_HLS/2022.2/common/technology/xilinx/ip/util.gen 
Execute       source /home/Xilinx/Vitis_HLS/2022.2/common/technology/xilinx/ip/xfft.gen 
Execute       source /home/Xilinx/Vitis_HLS/2022.2/common/technology/xilinx/ip/xfir.gen 
Execute       source /home/Xilinx/Vitis_HLS/2022.2/common/technology/xilinx/DSP48/dsp48.gen 
Execute     ap_part_info -name xczu9eg-ffvc900-1-e -data info 
Execute     config_compile -quiet -complex-mul-dsp=0 
Execute   create_clock -period 10 -name default 
INFO: [HLS 200-1510] Running: create_clock -period 10 -name default 
Execute   config_interface -m_axi_alignment_byte_size 64 -m_axi_latency 64 -m_axi_max_widen_bitwidth 512 
INFO: [HLS 200-1510] Running: config_interface -m_axi_alignment_byte_size 64 -m_axi_latency 64 -m_axi_max_widen_bitwidth 512 
Execute   config_rtl -register_reset_num 3 
INFO: [HLS 200-1510] Running: config_rtl -register_reset_num 3 
Execute   source ./HLS_Project/solution1/directives.tcl 
INFO: [HLS 200-1510] Running: source ./HLS_Project/solution1/directives.tcl
Execute     set_directive_top -name MatrixMultiplication MatrixMultiplication 
INFO: [HLS 200-1510] Running: set_directive_top -name MatrixMultiplication MatrixMultiplication 
Execute   csynth_design 
INFO: [HLS 200-1510] Running: csynth_design 
Execute     elaborate -effort=medium -skip_syncheck=0 -keep_printf=0 -skip_cdt=0 -skip_transform=0 -ng=0 -g=0 -opt_fp=0 -from_csynth_design=1 
INFO: [HLS 200-111] Finished File checks and directory preparation: CPU user time: 0.01 seconds. CPU system time: 0 seconds. Elapsed time: 10.02 seconds; current allocated memory: 206.707 MB.
INFO: [HLS 200-10] Analyzing design file 'HLS_Project/matrix_multiply.cpp' ... 
INFO-FLOW: Compiling one TU...
INFO-FLOW: Handling HLS_Project/matrix_multiply.cpp as C++
Execute       ap_part_info -name xczu9eg-ffvc900-1-e -data info 
INFO-FLOW: Running: GCC PP 39
INFO-FLOW: Source preprocessing
Execute       ap_eval exec -ignorestderr /home/Xilinx/Vitis_HLS/2022.2/lnx64/tools/clang-3.9-csynth/bin/clang HLS_Project/matrix_multiply.cpp -foptimization-record-file=/home/hufnagelde/ultrazohm_sw/ip_cores/uz_Matrix_Multi/HLS_Project/solution1/.autopilot/db/matrix_multiply.cpp.clang.diag.yml -mllvm -pass-remarks-missed=reflow|pasta|unroll -mllvm -pass-remarks=reflow|pasta|unroll|inline -fno-limit-debug-info -gcc-toolchain /home/Xilinx/Vitis_HLS/2022.2/tps/lnx64/gcc-8.3.0 -fhls -fno-exceptions -E -fno-math-errno -c -emit-llvm -mllvm -disable-llvm-optzns -Werror=implicit-function-declaration -Werror=implicit-hls-streams -Werror=return-type -Wpragmas -Wunused-parameter -Wdump-hls-pragmas -Wno-error=dump-hls-pragmas -fno-threadsafe-statics -fno-use-cxa-atexit -std=gnu++14 -target fpga64-xilinx-linux-gnu -fno-threadsafe-statics -fno-use-cxa-atexit -D__VITIS_HLS__ -DAESL_SYN -D__SYNTHESIS__ -D__HLS_SYN__ -I /home/Xilinx/Vitis_HLS/2022.2/common/technology/autopilot -I /home/Xilinx/Vitis_HLS/2022.2/common/technology/autopilot/ap_sysc -include etc/autopilot_ssdm_op.h -D__DSP48E2__ -I /usr/include/x86_64-linux-gnu -o /home/hufnagelde/ultrazohm_sw/ip_cores/uz_Matrix_Multi/HLS_Project/solution1/.autopilot/db/matrix_multiply.pp.0.cpp -hls-platform-db-name=/home/Xilinx/Vitis_HLS/2022.2/common/technology/xilinx/common/platform.db -hls-platform-name=zynquplus_slow -device-resource-info=BRAM_1824.000000_DSP_2520.000000_FF_548160.000000_LUT_274080.000000_SLICE_34260.000000_URAM_0.000000 -device-name-info=xczu9eg-ffvc900-1-e > /home/hufnagelde/ultrazohm_sw/ip_cores/uz_Matrix_Multi/HLS_Project/solution1/.autopilot/db/matrix_multiply.cpp.clang.out.log 2> /home/hufnagelde/ultrazohm_sw/ip_cores/uz_Matrix_Multi/HLS_Project/solution1/.autopilot/db/matrix_multiply.cpp.clang.err.log 
Command       ap_eval done; 0.24 sec.
INFO-FLOW: Done: GCC PP 39 time: 0.2 seconds per iteration
Execute       set_directive_top MatrixMultiplication -name=MatrixMultiplication 
Execute       source /home/Xilinx/Vitis_HLS/2022.2/tps/tcl/tcllib1.11.1/yaml/huddle.tcl 
Execute       source /home/Xilinx/Vitis_HLS/2022.2/tps/tcl/tcllib1.11.1/yaml/json2huddle.tcl 
INFO-FLOW: Source syntax check for synthesis
Execute       ap_eval exec -ignorestderr /home/Xilinx/Vitis_HLS/2022.2/lnx64/tools/clang-3.9-csynth/bin/clang -foptimization-record-file=/home/hufnagelde/ultrazohm_sw/ip_cores/uz_Matrix_Multi/HLS_Project/solution1/.autopilot/db/clang.diag.yml -mllvm -pass-remarks-missed=reflow|pasta|unroll -mllvm -pass-remarks=reflow|pasta|unroll|inline -fsyntax-only -fhls -target fpga64-xilinx-linux-gnu /home/hufnagelde/ultrazohm_sw/ip_cores/uz_Matrix_Multi/HLS_Project/solution1/.autopilot/db/matrix_multiply.pp.0.cpp -hls-platform-db-name=/home/Xilinx/Vitis_HLS/2022.2/common/technology/xilinx/common/platform.db -hls-platform-name=zynquplus_slow -device-resource-info=BRAM_1824.000000_DSP_2520.000000_FF_548160.000000_LUT_274080.000000_SLICE_34260.000000_URAM_0.000000 -device-name-info=xczu9eg-ffvc900-1-e > /home/hufnagelde/ultrazohm_sw/ip_cores/uz_Matrix_Multi/HLS_Project/solution1/.autopilot/db/clang.out.log 2> /home/hufnagelde/ultrazohm_sw/ip_cores/uz_Matrix_Multi/HLS_Project/solution1/.autopilot/db/clang.err.log 
Command       ap_eval done; 0.19 sec.
Execute       clang_tidy xilinx-systemc-detector -desc systemc-detector /home/hufnagelde/ultrazohm_sw/ip_cores/uz_Matrix_Multi/HLS_Project/solution1/.autopilot/db/matrix_multiply.pp.0.cpp std=gnu++14 -target fpga  -directive=/home/hufnagelde/ultrazohm_sw/ip_cores/uz_Matrix_Multi/HLS_Project/solution1/.autopilot/db/.systemc_flag 
INFO-FLOW: exec /home/Xilinx/Vitis_HLS/2022.2/lnx64/tools/clang-3.9-csynth/bin/clang-tidy -header-filter=.* --checks=-*,xilinx-systemc-detector -import-directive=/home/hufnagelde/ultrazohm_sw/ip_cores/uz_Matrix_Multi/HLS_Project/solution1/.autopilot/db/.systemc_flag -fix-errors /home/hufnagelde/ultrazohm_sw/ip_cores/uz_Matrix_Multi/HLS_Project/solution1/.autopilot/db/matrix_multiply.pp.0.cpp -- -std=gnu++14 -target fpga -fhls -ferror-limit=0
INFO-FLOW: Running: clang-tidy CDT preprocess 39
Execute       clang_tidy xilinx-directive2pragma -desc directive2pragma /home/hufnagelde/ultrazohm_sw/ip_cores/uz_Matrix_Multi/HLS_Project/solution1/.autopilot/db/matrix_multiply.pp.0.cpp std=gnu++14 -target fpga  -directive=/home/hufnagelde/ultrazohm_sw/ip_cores/uz_Matrix_Multi/HLS_Project/solution1/.autopilot/db/all.directive.json 
INFO-FLOW: exec /home/Xilinx/Vitis_HLS/2022.2/lnx64/tools/clang-3.9-csynth/bin/clang-tidy -header-filter=.* --checks=-*,xilinx-directive2pragma -import-directive=/home/hufnagelde/ultrazohm_sw/ip_cores/uz_Matrix_Multi/HLS_Project/solution1/.autopilot/db/all.directive.json -fix-errors /home/hufnagelde/ultrazohm_sw/ip_cores/uz_Matrix_Multi/HLS_Project/solution1/.autopilot/db/matrix_multiply.pp.0.cpp -- -std=gnu++14 -target fpga -fhls -ferror-limit=0
Execute       clang_tidy xilinx-remove-assert -desc remove-assert /home/hufnagelde/ultrazohm_sw/ip_cores/uz_Matrix_Multi/HLS_Project/solution1/.autopilot/db/matrix_multiply.pp.0.cpp std=gnu++14 -target fpga  
INFO-FLOW: exec /home/Xilinx/Vitis_HLS/2022.2/lnx64/tools/clang-3.9-csynth/bin/clang-tidy -header-filter=.* --checks=-*,xilinx-remove-assert -fix-errors /home/hufnagelde/ultrazohm_sw/ip_cores/uz_Matrix_Multi/HLS_Project/solution1/.autopilot/db/matrix_multiply.pp.0.cpp -- -std=gnu++14 -target fpga -fhls -ferror-limit=0
INFO-FLOW: Done: clang-tidy CDT preprocess 39 time: 0.1 seconds per iteration
INFO-FLOW: Calling xilinx-label-all-loops ... 
INFO-FLOW: Calling xilinx-aggregate-on-hls-vector ... 
Execute       clang_tidy -errorcheck -desc loop-label xilinx-label-all-loops,xilinx-aggregate-on-hls-vector,,xilinx-warn-mayneed-no-ctor-attribute /home/hufnagelde/ultrazohm_sw/ip_cores/uz_Matrix_Multi/HLS_Project/solution1/.autopilot/db/matrix_multiply.pp.0.cpp std=gnu++14 -target fpga  
Execute         ap_eval exec -ignorestderr /home/Xilinx/Vitis_HLS/2022.2/lnx64/tools/clang-3.9-csynth/bin/clang-tidy -export-fixes=/home/hufnagelde/ultrazohm_sw/ip_cores/uz_Matrix_Multi/HLS_Project/solution1/.autopilot/db/matrix_multiply.pp.0.cpp.clang-tidy.loop-label.diag.yml -header-filter=.* --checks=-*,xilinx-label-all-loops,xilinx-aggregate-on-hls-vector,,xilinx-warn-mayneed-no-ctor-attribute -fix-errors /home/hufnagelde/ultrazohm_sw/ip_cores/uz_Matrix_Multi/HLS_Project/solution1/.autopilot/db/matrix_multiply.pp.0.cpp -- -std=gnu++14 -target fpga -fhls -ferror-limit=0 > /home/hufnagelde/ultrazohm_sw/ip_cores/uz_Matrix_Multi/HLS_Project/solution1/.autopilot/db/matrix_multiply.pp.0.cpp.clang-tidy.loop-label.out.log 2> /home/hufnagelde/ultrazohm_sw/ip_cores/uz_Matrix_Multi/HLS_Project/solution1/.autopilot/db/matrix_multiply.pp.0.cpp.clang-tidy.loop-label.err.log 
Execute         source /home/Xilinx/Vitis_HLS/2022.2/tps/tcl/tcllib1.11.1/yaml/yaml.tcl 
Execute       ap_eval exec -ignorestderr /home/Xilinx/Vitis_HLS/2022.2/lnx64/tools/clang-3.9-csynth/bin/xilinx-dataflow-lawyer -export-fixes=/home/hufnagelde/ultrazohm_sw/ip_cores/uz_Matrix_Multi/HLS_Project/solution1/.autopilot/db/matrix_multiply.pp.0.cpp.xilinx-dataflow-lawyer.diag.yml /home/hufnagelde/ultrazohm_sw/ip_cores/uz_Matrix_Multi/HLS_Project/solution1/.autopilot/db/matrix_multiply.pp.0.cpp -- -std=gnu++14 -target fpga -fhls -ferror-limit=0 -fstrict-dataflow > /home/hufnagelde/ultrazohm_sw/ip_cores/uz_Matrix_Multi/HLS_Project/solution1/.autopilot/db/matrix_multiply.pp.0.cpp.xilinx-dataflow-lawyer.out.log 2> /home/hufnagelde/ultrazohm_sw/ip_cores/uz_Matrix_Multi/HLS_Project/solution1/.autopilot/db/matrix_multiply.pp.0.cpp.xilinx-dataflow-lawyer.err.log 
Execute       ap_part_info -name xczu9eg-ffvc900-1-e -data info 
INFO-FLOW: compiling source code to llvm bc
Execute       ap_eval exec -ignorestderr /home/Xilinx/Vitis_HLS/2022.2/lnx64/tools/clang-3.9-csynth/bin/clang -foptimization-record-file=/home/hufnagelde/ultrazohm_sw/ip_cores/uz_Matrix_Multi/HLS_Project/solution1/.autopilot/db/matrix_multiply.pp.0.cpp.clang.diag.yml -mllvm -pass-remarks-missed=reflow|pasta|unroll -mllvm -pass-remarks=reflow|pasta|unroll|inline -fno-limit-debug-info -fhls -flto -fno-exceptions -Wno-error=c++11-narrowing /home/hufnagelde/ultrazohm_sw/ip_cores/uz_Matrix_Multi/HLS_Project/solution1/.autopilot/db/matrix_multiply.pp.0.cpp -fno-math-errno -c -emit-llvm -mllvm -disable-llvm-optzns -Werror=implicit-function-declaration -Werror=implicit-hls-streams -Werror=return-type -Wpragmas -Wunused-parameter -Wdump-hls-pragmas -Wno-error=dump-hls-pragmas -fno-threadsafe-statics -fno-use-cxa-atexit -std=gnu++14 -target fpga64-xilinx-linux-gnu -D__VITIS_HLS__ -DAESL_SYN -D__SYNTHESIS__ -D__HLS_SYN__ -I /home/Xilinx/Vitis_HLS/2022.2/common/technology/autopilot -I /home/Xilinx/Vitis_HLS/2022.2/common/technology/autopilot/ap_sysc -include etc/autopilot_ssdm_op.h -D__DSP48E2__ -g -o /home/hufnagelde/ultrazohm_sw/ip_cores/uz_Matrix_Multi/HLS_Project/solution1/.autopilot/db/matrix_multiply.bc -hls-platform-db-name=/home/Xilinx/Vitis_HLS/2022.2/common/technology/xilinx/common/platform.db -hls-platform-name=zynquplus_slow -device-resource-info=BRAM_1824.000000_DSP_2520.000000_FF_548160.000000_LUT_274080.000000_SLICE_34260.000000_URAM_0.000000 -device-name-info=xczu9eg-ffvc900-1-e > /home/hufnagelde/ultrazohm_sw/ip_cores/uz_Matrix_Multi/HLS_Project/solution1/.autopilot/db/matrix_multiply.pp.0.cpp.clang.out.log 2> /home/hufnagelde/ultrazohm_sw/ip_cores/uz_Matrix_Multi/HLS_Project/solution1/.autopilot/db/matrix_multiply.pp.0.cpp.clang.err.log 
Command       ap_eval done; 0.17 sec.
INFO: [HLS 200-111] Finished Source Code Analysis and Preprocessing: CPU user time: 0.21 seconds. CPU system time: 0.51 seconds. Elapsed time: 0.88 seconds; current allocated memory: 206.734 MB.
INFO-FLOW: Linking Debug ...
INFO-FLOW: Linking dut bc code.
Execute       run_link_or_opt -out /home/hufnagelde/ultrazohm_sw/ip_cores/uz_Matrix_Multi/HLS_Project/solution1/.autopilot/db/a.g.ld.0.bc -args  "/home/hufnagelde/ultrazohm_sw/ip_cores/uz_Matrix_Multi/HLS_Project/solution1/.autopilot/db/matrix_multiply.g.bc"  
Execute         ap_eval exec -ignorestderr /home/Xilinx/Vitis_HLS/2022.2/lnx64/tools/clang-3.9-csynth/bin/llvm-link /home/hufnagelde/ultrazohm_sw/ip_cores/uz_Matrix_Multi/HLS_Project/solution1/.autopilot/db/matrix_multiply.g.bc -o /home/hufnagelde/ultrazohm_sw/ip_cores/uz_Matrix_Multi/HLS_Project/solution1/.autopilot/db/a.g.ld.0.bc > /home/hufnagelde/ultrazohm_sw/ip_cores/uz_Matrix_Multi/HLS_Project/solution1/.autopilot/db/a.g.ld.0.bc.llvm-link.out.log 2> /home/hufnagelde/ultrazohm_sw/ip_cores/uz_Matrix_Multi/HLS_Project/solution1/.autopilot/db/a.g.ld.0.bc.llvm-link.err.log 
INFO-FLOW: 
Execute       run_link_or_opt -opt -out /home/hufnagelde/ultrazohm_sw/ip_cores/uz_Matrix_Multi/HLS_Project/solution1/.autopilot/db/a.g.ld.1.lower.bc -args /home/hufnagelde/ultrazohm_sw/ip_cores/uz_Matrix_Multi/HLS_Project/solution1/.autopilot/db/a.g.ld.0.bc -reflow-lower-math-intrinsics 
Execute         ap_eval exec -ignorestderr /home/Xilinx/Vitis_HLS/2022.2/lnx64/tools/clang-3.9-csynth/bin/opt -pass-remarks-missed=reflow|pasta|unroll -pass-remarks=reflow|pasta|unroll|inline -pass-remarks-output=/home/hufnagelde/ultrazohm_sw/ip_cores/uz_Matrix_Multi/HLS_Project/solution1/.autopilot/db/a.g.ld.1.lower.bc.opt.diag.yml /home/hufnagelde/ultrazohm_sw/ip_cores/uz_Matrix_Multi/HLS_Project/solution1/.autopilot/db/a.g.ld.0.bc -reflow-lower-math-intrinsics -o /home/hufnagelde/ultrazohm_sw/ip_cores/uz_Matrix_Multi/HLS_Project/solution1/.autopilot/db/a.g.ld.1.lower.bc > /home/hufnagelde/ultrazohm_sw/ip_cores/uz_Matrix_Multi/HLS_Project/solution1/.autopilot/db/a.g.ld.1.lower.bc.opt.out.log 2> /home/hufnagelde/ultrazohm_sw/ip_cores/uz_Matrix_Multi/HLS_Project/solution1/.autopilot/db/a.g.ld.1.lower.bc.opt.err.log 
INFO-FLOW: 
INFO-FLOW: Linking math bc lib
Execute       run_link_or_opt -out /home/hufnagelde/ultrazohm_sw/ip_cores/uz_Matrix_Multi/HLS_Project/solution1/.autopilot/db/a.g.ld.2.m1.bc -args /home/hufnagelde/ultrazohm_sw/ip_cores/uz_Matrix_Multi/HLS_Project/solution1/.autopilot/db/a.g.ld.1.lower.bc -only-needed /home/Xilinx/Vitis_HLS/2022.2/lnx64/lib/libhlsm_39.bc /home/Xilinx/Vitis_HLS/2022.2/lnx64/lib/libhlsmc++_39.bc 
Execute         ap_eval exec -ignorestderr /home/Xilinx/Vitis_HLS/2022.2/lnx64/tools/clang-3.9-csynth/bin/llvm-link /home/hufnagelde/ultrazohm_sw/ip_cores/uz_Matrix_Multi/HLS_Project/solution1/.autopilot/db/a.g.ld.1.lower.bc -only-needed /home/Xilinx/Vitis_HLS/2022.2/lnx64/lib/libhlsm_39.bc /home/Xilinx/Vitis_HLS/2022.2/lnx64/lib/libhlsmc++_39.bc -o /home/hufnagelde/ultrazohm_sw/ip_cores/uz_Matrix_Multi/HLS_Project/solution1/.autopilot/db/a.g.ld.2.m1.bc > /home/hufnagelde/ultrazohm_sw/ip_cores/uz_Matrix_Multi/HLS_Project/solution1/.autopilot/db/a.g.ld.2.m1.bc.llvm-link.out.log 2> /home/hufnagelde/ultrazohm_sw/ip_cores/uz_Matrix_Multi/HLS_Project/solution1/.autopilot/db/a.g.ld.2.m1.bc.llvm-link.err.log 
Command         ap_eval done; 2.3 sec.
INFO-FLOW: 
Command       run_link_or_opt done; 2.31 sec.
Execute       run_link_or_opt -opt -out /home/hufnagelde/ultrazohm_sw/ip_cores/uz_Matrix_Multi/HLS_Project/solution1/.autopilot/db/a.g.ld.3.fpc.bc -args /home/hufnagelde/ultrazohm_sw/ip_cores/uz_Matrix_Multi/HLS_Project/solution1/.autopilot/db/a.g.ld.2.m1.bc -reflow-globaldce -hls-top-function-name=MatrixMultiplication -reflow-float-conversion 
Execute         ap_eval exec -ignorestderr /home/Xilinx/Vitis_HLS/2022.2/lnx64/tools/clang-3.9-csynth/bin/opt -pass-remarks-missed=reflow|pasta|unroll -pass-remarks=reflow|pasta|unroll|inline -pass-remarks-output=/home/hufnagelde/ultrazohm_sw/ip_cores/uz_Matrix_Multi/HLS_Project/solution1/.autopilot/db/a.g.ld.3.fpc.bc.opt.diag.yml /home/hufnagelde/ultrazohm_sw/ip_cores/uz_Matrix_Multi/HLS_Project/solution1/.autopilot/db/a.g.ld.2.m1.bc -reflow-globaldce -hls-top-function-name=MatrixMultiplication -reflow-float-conversion -o /home/hufnagelde/ultrazohm_sw/ip_cores/uz_Matrix_Multi/HLS_Project/solution1/.autopilot/db/a.g.ld.3.fpc.bc > /home/hufnagelde/ultrazohm_sw/ip_cores/uz_Matrix_Multi/HLS_Project/solution1/.autopilot/db/a.g.ld.3.fpc.bc.opt.out.log 2> /home/hufnagelde/ultrazohm_sw/ip_cores/uz_Matrix_Multi/HLS_Project/solution1/.autopilot/db/a.g.ld.3.fpc.bc.opt.err.log 
Command         ap_eval done; 0.72 sec.
INFO-FLOW: 
Command       run_link_or_opt done; 0.72 sec.
Execute       run_link_or_opt -out /home/hufnagelde/ultrazohm_sw/ip_cores/uz_Matrix_Multi/HLS_Project/solution1/.autopilot/db/a.g.ld.4.m2.bc -args /home/hufnagelde/ultrazohm_sw/ip_cores/uz_Matrix_Multi/HLS_Project/solution1/.autopilot/db/a.g.ld.3.fpc.bc -only-needed /home/Xilinx/Vitis_HLS/2022.2/lnx64/lib/libfloatconversion_39.bc 
Execute         ap_eval exec -ignorestderr /home/Xilinx/Vitis_HLS/2022.2/lnx64/tools/clang-3.9-csynth/bin/llvm-link /home/hufnagelde/ultrazohm_sw/ip_cores/uz_Matrix_Multi/HLS_Project/solution1/.autopilot/db/a.g.ld.3.fpc.bc -only-needed /home/Xilinx/Vitis_HLS/2022.2/lnx64/lib/libfloatconversion_39.bc -o /home/hufnagelde/ultrazohm_sw/ip_cores/uz_Matrix_Multi/HLS_Project/solution1/.autopilot/db/a.g.ld.4.m2.bc > /home/hufnagelde/ultrazohm_sw/ip_cores/uz_Matrix_Multi/HLS_Project/solution1/.autopilot/db/a.g.ld.4.m2.bc.llvm-link.out.log 2> /home/hufnagelde/ultrazohm_sw/ip_cores/uz_Matrix_Multi/HLS_Project/solution1/.autopilot/db/a.g.ld.4.m2.bc.llvm-link.err.log 
INFO-FLOW: 
Execute       run_link_or_opt -opt -out /home/hufnagelde/ultrazohm_sw/ip_cores/uz_Matrix_Multi/HLS_Project/solution1/.autopilot/db/a.g.ld.5.gdce.bc -args /home/hufnagelde/ultrazohm_sw/ip_cores/uz_Matrix_Multi/HLS_Project/solution1/.autopilot/db/a.g.ld.4.m2.bc -reflow-globaldce -hls-top-function-name=MatrixMultiplication 
Execute         ap_eval exec -ignorestderr /home/Xilinx/Vitis_HLS/2022.2/lnx64/tools/clang-3.9-csynth/bin/opt -pass-remarks-missed=reflow|pasta|unroll -pass-remarks=reflow|pasta|unroll|inline -pass-remarks-output=/home/hufnagelde/ultrazohm_sw/ip_cores/uz_Matrix_Multi/HLS_Project/solution1/.autopilot/db/a.g.ld.5.gdce.bc.opt.diag.yml /home/hufnagelde/ultrazohm_sw/ip_cores/uz_Matrix_Multi/HLS_Project/solution1/.autopilot/db/a.g.ld.4.m2.bc -reflow-globaldce -hls-top-function-name=MatrixMultiplication -o /home/hufnagelde/ultrazohm_sw/ip_cores/uz_Matrix_Multi/HLS_Project/solution1/.autopilot/db/a.g.ld.5.gdce.bc > /home/hufnagelde/ultrazohm_sw/ip_cores/uz_Matrix_Multi/HLS_Project/solution1/.autopilot/db/a.g.ld.5.gdce.bc.opt.out.log 2> /home/hufnagelde/ultrazohm_sw/ip_cores/uz_Matrix_Multi/HLS_Project/solution1/.autopilot/db/a.g.ld.5.gdce.bc.opt.err.log 
INFO-FLOW: 
Execute       send_msg_by_id INFO @200-777@%s Vitis 
INFO: [HLS 200-777] Using interface defaults for 'Vitis' flow target.
Execute       is_m_axi_addr64 
INFO-FLOW: Doing LTO.
Execute       ap_eval exec -ignorestderr /home/Xilinx/Vitis_HLS/2022.2/lnx64/tools/clang-3.9-csynth/bin/clang -foptimization-record-file=/home/hufnagelde/ultrazohm_sw/ip_cores/uz_Matrix_Multi/HLS_Project/solution1/.autopilot/db/a.g.ld.0.bc.clang.diag.yml -mllvm -pass-remarks-missed=reflow|pasta|unroll -mllvm -pass-remarks=reflow|pasta|unroll|inline -fhls -mllvm -hls-top-function-name=MatrixMultiplication -mllvm -hls-db-dir -mllvm /home/hufnagelde/ultrazohm_sw/ip_cores/uz_Matrix_Multi/HLS_Project/solution1/.autopilot/db -emit-llvm -c -target fpga64-xilinx-none -mllvm -xcl-xmlinfo=/home/hufnagelde/ultrazohm_sw/ip_cores/uz_Matrix_Multi/HLS_Project/solution1/.autopilot/db/../../../kernel.xml -mllvm -top-io-mapping-info=/home/hufnagelde/ultrazohm_sw/ip_cores/uz_Matrix_Multi/HLS_Project/solution1/.autopilot/db/top-io-fe.xml -mllvm -hls-bitcode-version=3.1 -mllvm -reflow-enable-slave-interface-default-setting=true -mllvm -gen-kernel-xml=true -mllvm -default-maxi-offset=slave -mllvm -maxi-latency=64 -mllvm -hls-maxi-data-size-in-bits=8 -mllvm -hls-maxi-max-data-size-in-bits=1024 -mllvm -hls-max-widen-size-in-bits=512 -mllvm -xcl-kernel-max-mem-ports=0 -mllvm -maxi-read-trans=16 -mllvm -maxi-write-trans=16 -mllvm -maxi-read-burst-len=16 -mllvm -maxi-write-burst-len=16 -mllvm -reflow-enable-saxi-64bits=0 -mllvm -reflow-basic-block-instr-threshold=200000 -mllvm -reflow-auto-pipeline-threshold=64 -mllvm -reflow-enable-maxi-auto-id-channel=0 -mllvm -assume-maxi-align=64 -mllvm -reflow-pipeline-style-llvm-setting=2 -mllvm -reflow-enable-dataflow-strict-mode-checking=1 -mllvm -reflow-auto-array-partition-mode=default -mllvm -reflow-enable-auto-array-partition=true -mllvm -reflow-enable-auto-parallel-performance-driven=true -mllvm -reflow-enable-partition-for-automation=true -mllvm -reflow-aggregate-bitwidth-threshold=4096 -mllvm -reflow-assume-no-address-wrap=true -mllvm -hls -mllvm -disable-inlined-alloca-merging=true -mllvm -enable-reflow-vitis-flow-setting=true -mllvm -default-clock-period=10 -x ir /home/hufnagelde/ultrazohm_sw/ip_cores/uz_Matrix_Multi/HLS_Project/solution1/.autopilot/db/a.g.ld.5.gdce.bc -o /home/hufnagelde/ultrazohm_sw/ip_cores/uz_Matrix_Multi/HLS_Project/solution1/.autopilot/db/a.g.lto.bc -hls-platform-db-name=/home/Xilinx/Vitis_HLS/2022.2/common/technology/xilinx/common/platform.db -hls-platform-name=zynquplus_slow -device-resource-info=BRAM_1824.000000_DSP_2520.000000_FF_548160.000000_LUT_274080.000000_SLICE_34260.000000_URAM_0.000000 -device-name-info=xczu9eg-ffvc900-1-e > /home/hufnagelde/ultrazohm_sw/ip_cores/uz_Matrix_Multi/HLS_Project/solution1/.autopilot/db/a.g.ld.0.bc.clang.out.log 2> /home/hufnagelde/ultrazohm_sw/ip_cores/uz_Matrix_Multi/HLS_Project/solution1/.autopilot/db/a.g.ld.0.bc.clang.err.log 
Command       ap_eval done; 0.27 sec.
INFO: [HLS 214-115] Multiple burst reads of length 5 and bit width 32 in loop 'VITIS_LOOP_20_1'(HLS_Project/matrix_multiply.cpp:20:19) has been inferred on bundle 'arrays'. These burst requests might be further partitioned into multiple requests during RTL generation, based on max_read_burst_length or max_write_burst_length settings. (HLS_Project/matrix_multiply.cpp:20:19)
INFO: [HLS 214-115] Multiple burst reads of length 25 and bit width 32 in loop 'VITIS_LOOP_24_2'(HLS_Project/matrix_multiply.cpp:24:19) has been inferred on bundle 'arrays'. These burst requests might be further partitioned into multiple requests during RTL generation, based on max_read_burst_length or max_write_burst_length settings. (HLS_Project/matrix_multiply.cpp:24:19)
INFO: [HLS 214-115] Multiple burst writes of length 5 and bit width 32 in loop 'VITIS_LOOP_41_7'(HLS_Project/matrix_multiply.cpp:41:19) has been inferred on bundle 'arrays'. These burst requests might be further partitioned into multiple requests during RTL generation, based on max_read_burst_length or max_write_burst_length settings. (HLS_Project/matrix_multiply.cpp:41:19)
INFO-FLOW: DBG:PUTS: copy_raw_kernel_xml ap_link_39: copying raw kernel.xml: /home/hufnagelde/ultrazohm_sw/ip_cores/uz_Matrix_Multi/HLS_Project/solution1/.autopilot/db/../../../kernel.xml -> /home/hufnagelde/ultrazohm_sw/ip_cores/uz_Matrix_Multi/HLS_Project/solution1/.autopilot/db/kernel.internal.xml
INFO: [HLS 200-111] Finished Compiling Optimization and Transform: CPU user time: 2.92 seconds. CPU system time: 0.56 seconds. Elapsed time: 3.6 seconds; current allocated memory: 208.059 MB.
INFO: [HLS 200-111] Finished Checking Pragmas: CPU user time: 0 seconds. CPU system time: 0 seconds. Elapsed time: 0 seconds; current allocated memory: 208.059 MB.
Execute       opt_and_import_c a -opt_level=2 -skip_syncheck=0 -ng=0 -keep_printf=0 
Execute         cleanup_all_models 
INFO: [HLS 200-10] Starting code transformations ...
INFO-FLOW: Running Standard Transforms...
Execute         transform -hls -share-std-xform -demangle-name -inline-byval-memcpy -always-inline -promote-dbg-pointer -interface-preproc -mem2reg -scalarrepl -mem2reg -keep-read-access -instcombine -dce -promote-dbg-pointer -bitop-raise -loop-simplify -indvarspre -indvars -loop-simplify -xunroll -constprop -instcombine -simplifycfg -indvars -simplifycfg -dce -globaldce -basicaa -simplifycfg -mem2reg -globalopt -global-constprop -deadargelim -instcombine -simplifycfg -scalarrepl -instcombine -reassociate -licm -simplifycfg -loop-simplify -indvars -instcombine -simplifycfg -mem2reg -loop-simplify -indvars -instcombine -gvn -gvn -instcombine -adce -break-crit-edges -simplifycfg -loop-delete -global-array-opt -dce -dse -adce -find-syn-modules -top MatrixMultiplication -deadargelim -mem2reg -instcombine -dce -presyn-prepare -auto-rom-infer -interface-preproc -syn-check -check-rec-only -find-region -simplifycfg -func-extr -function-inline -globaldce -mem2reg -instcombine -dce -gvn -globaldce -adce -adse -constprop -instcombine -bit-constprop -instcombine -dce -simplifycfg -bitop-raise -simplifycfg -dce -loop-delete -reassociate -globalopt -global-privatize -mem2reg -dce -global-constprop -pointer-simplify -constprop -dce -auto-shift-reg-idiom -promote-dbg-pointer -norm-name /home/hufnagelde/ultrazohm_sw/ip_cores/uz_Matrix_Multi/HLS_Project/solution1/.autopilot/db/a.g.0.bc -o /home/hufnagelde/ultrazohm_sw/ip_cores/uz_Matrix_Multi/HLS_Project/solution1/.autopilot/db/a.g.1.bc -f -phase std-opt 
INFO: [HLS 200-111] Finished Standard Transforms: CPU user time: 0.01 seconds. CPU system time: 0.01 seconds. Elapsed time: 0.03 seconds; current allocated memory: 208.660 MB.
INFO: [HLS 200-10] Checking synthesizability ...
INFO-FLOW: Checking Synthesizability 1/2..
Execute         transform -hls -syn-check -check-rec-only -scalarrepl -norm-name -dce -mem2reg -instcombine -directive-preproc -mem2reg -dse -dce -auto-rom-infer -dce -pag -array-normalize -instcombine -dce -array-seg-normalize -instcombine -dce -data-pack -instcombine -dce -inst-simplify -array-flatten -instcombine -dce -array-burst -dce -deadargelim -promote-global-argument -simplifycfg -mem2reg -globaldce -dce -deadargelim -dce -instcombine -function-inline -globaldce -dce -doublePtrSimplify -doublePtrElim -dce -doublePtrSimplify -promote-dbg-pointer -dce -scalarrepl -dse -adse -instcombine -ptrLegalization -simplifycfg -dce -instcombine -pointer-simplify -ptrArgReplace -dce -instcombine -resolve-double-ptr -scalarrepl -norm-name -dce -mem2reg -instcombine -ptrLegalization -simplifycfg -deadargelim -instcombine -dce -inst-simplify -directive-preproc -mem2reg -dse -dce -globaldce /home/hufnagelde/ultrazohm_sw/ip_cores/uz_Matrix_Multi/HLS_Project/solution1/.autopilot/db/a.g.1.bc -o /home/hufnagelde/ultrazohm_sw/ip_cores/uz_Matrix_Multi/HLS_Project/solution1/.autopilot/db/a.g.2.prechk.bc -f 
INFO-FLOW: Checking Synthesizability 2/2..
Execute         transform -syn-check /home/hufnagelde/ultrazohm_sw/ip_cores/uz_Matrix_Multi/HLS_Project/solution1/.autopilot/db/a.g.2.prechk.bc -o /home/hufnagelde/ultrazohm_sw/ip_cores/uz_Matrix_Multi/HLS_Project/solution1/.autopilot/db/a.g.2.bc -f -phase syn-check 
INFO: [HLS 200-111] Finished Checking Synthesizability: CPU user time: 0.01 seconds. CPU system time: 0 seconds. Elapsed time: 0.01 seconds; current allocated memory: 208.762 MB.
INFO-FLOW: Compiler optimizing ...
INFO-FLOW: Share syncheck's 1.bc for syn flow: copy /home/hufnagelde/ultrazohm_sw/ip_cores/uz_Matrix_Multi/HLS_Project/solution1/.autopilot/db/a.g.1.bc to /home/hufnagelde/ultrazohm_sw/ip_cores/uz_Matrix_Multi/HLS_Project/solution1/.autopilot/db/a.o.1.bc
INFO-FLOW: Presyn 1...
Execute         transform -hls -tmp /home/hufnagelde/ultrazohm_sw/ip_cores/uz_Matrix_Multi/HLS_Project/solution1/.autopilot/db -interface-port-rename -directive-preproc -mem2reg -dse -dce -scalarrepl -norm-name -deadargelim -mem2reg -instcombine -dce -simplifycfg -auto-rom-infer -dce -resource-proc -clib-intrinsic-prepare -dce -func-buffer -dce -pag -array-normalize -func-legal -instcombine -gvn -constprop -dce -simplifycfg -mem2reg -globaldce -resolve-double-ptr -dce -deadargelim -dce -instcombine -ptrArgReplace -mem2reg -dce -array-seg-normalize -deadargelim -instcombine -dce -directive-preproc -mem2reg -dse -dce -pointer-simplify -dce -port-alignment -dce -interface-preproc -data-pack -instcombine -dce -basicaa -aggr-aa -aggrmodref-aa -aggr-aa -gvn -gvn -basicaa -aggr-aa -aggrmodref-aa -aggr-aa -dse -adse -adce -loop-simplify -indvars -instcombine -gvn -loop-simplify -mem2reg -dce -find-region -instcombine -auto-loop-pipeline -inst-simplify -interface-preproc -cfgopt -instcombine -indvars -auto-loop-unroll -loop-simplify -loop-bound -xunroll -constprop -instcombine -simplifycfg -indvars -simplifycfg -dce -globaldce -clean-region -attach-range -gvn -inst-simplify -constprop -simplifycfg -dce -pointer-simplify -dce -globalopt -constprop -dce -array-promote -scalar-auto-dep-elim -constprop -dce -ptrArgReplace -mem2reg -simplifycfg -dce -instcombine -dce -array-transform-check -array-reshape -instcombine -simplifycfg -dce -ptrArgReplace -deadargelim -mem2reg -instcombine -simplifycfg -dce -indvars -loop-simplify -loop-bound -xunroll -constprop -instcombine -simplifycfg -indvars -simplifycfg -dce -globaldce -basicaa -aggr-aa -aggrmodref-aa -aggr-aa -dse -duplicate-dataflow-processes -globaldce -instcombine -array-partition -prepare-dynamic-array-partition -instcombine -simplifycfg -dce -ptrArgReplace -global-constprop -deadargelim -mem2reg -func-legal -dce -global-constprop -deadargelim -mem2reg -simplifycfg -dce -merge-param -deadargelim -globalopt -constprop -dce -array-promote -scalar-auto-dep-elim -constprop -dce -ptrArgReplace -mem2reg -simplifycfg -dce -mem-intrinsic-preproc -dce -global-internalize -global-privatize -mem2reg -globaldce -promote-global-argument -ptrArgReplace -mem2reg -dce -globalopt -mergereturn -simplify-global-access -mem2reg -dce -pointer-simplify -dce -functionattrs -basicaa -aggr-aa -aggrmodref-aa -aggr-aa -gvn -gvn -basicaa -aggr-aa -aggrmodref-aa -aggr-aa -dse -adse -adce -dce -norm-name -basicaa -aggr-aa -aggrmodref-aa -aggr-aa -accesses-merge -function-inline -complex-op-raise -inst-simplify -globaldce -func-legal -dce -loop-bound -arraycheck -bitwidthmin2 -bitwidthmin2 -on-by-dataflow -loop-delete -instcombine -simplifycfg -globaldce -dce -gvn -deadargelim -dce -loop-simplify -clean-region -simplifycfg -propagate-stable-arguments -loop-stream -instcombine -simplifycfg -dce -globaldce -duplicate-dataflow-processes -stream-intrinsic-preproc -dce -check-ap-stream -loop-simplify -eliminate-keepreads -extract-dataflow-in-loop -loop-simplify -dce -gvn -deadargelim -dse -duplicate-dataflow-processes -check-dataflow-syntax -legalize-stream-variable -globaldce -legalize-global -extract-subproc -dce -dead-channel-elimination -canonicalize-gep -globaldce -dce -gvn -hls-dead-arg-elim -deadargelim -directive-preproc -canonicalize-dataflow -dce -globaldce -scalar-preprocessing -scalar-propagation2 -deadargelim -globaldce -mem2reg -check-dataflow-channels -function-stream -dce -globaldce -prop-fifo-spec -internal-stream-gen -canonicalize-gep -globaldce -dce -gvn -deadargelim -mergereturn -indvars -loop-simplify -instcombine -array-stream -array-seg-normalize -array-partition -func-legal -instcombine -simplifycfg -dce -bundle-memfifo-ops -deadargelim -directive-preproc -mem2reg -dse -dce -group-axi-access -licm -simplifycfg -dce -loop-delete -hls-display -norm-name /home/hufnagelde/ultrazohm_sw/ip_cores/uz_Matrix_Multi/HLS_Project/solution1/.autopilot/db/a.o.1.bc -o /home/hufnagelde/ultrazohm_sw/ip_cores/uz_Matrix_Multi/HLS_Project/solution1/.autopilot/db/a.o.1.tmp.bc -f 
INFO: [XFORM 203-510] Pipelining loop 'Loop-2' in function 'MatrixMultiplication' automatically.
INFO: [XFORM 203-510] Pipelining loop 'Loop-3' in function 'MatrixMultiplication' automatically.
INFO: [XFORM 203-510] Pipelining loop 'Loop-4' in function 'MatrixMultiplication' automatically.
INFO: [XFORM 203-510] Pipelining loop 'VITIS_LOOP_20_1' (HLS_Project/matrix_multiply.cpp:20) in function 'MatrixMultiplication' automatically.
INFO: [XFORM 203-510] Pipelining loop 'VITIS_LOOP_24_2' (HLS_Project/matrix_multiply.cpp:24) in function 'MatrixMultiplication' automatically.
INFO: [XFORM 203-510] Pipelining loop 'VITIS_LOOP_31_5' (HLS_Project/matrix_multiply.cpp:31) in function 'MatrixMultiplication' automatically.
INFO: [XFORM 203-510] Pipelining loop 'VITIS_LOOP_34_6' (HLS_Project/matrix_multiply.cpp:34) in function 'MatrixMultiplication' automatically.
INFO: [XFORM 203-510] Pipelining loop 'Loop-7.1' in function 'MatrixMultiplication' automatically.
INFO: [XFORM 203-510] Pipelining loop 'VITIS_LOOP_41_7' (HLS_Project/matrix_multiply.cpp:41) in function 'MatrixMultiplication' automatically.
INFO-FLOW: Presyn 2...
Execute         transform -hls -keep-callgraph -scalarrepl -mem2reg -port-alignment -attach-range -dce -pipe-mux-gen -indvars -loop-bound -inst-simplify -instcombine -dce -merge-array-access -mem2reg -dce -clean-region -mergereturn -if-conv -instcombine -dce -constprop -basicaa -aggr-aa -aggrmodref-aa -aggr-aa -gvn -gvn -basicaa -aggr-aa -aggrmodref-aa -aggr-aa -dse -adse -adce -scalarrepl -mem2reg -global-constprop -deadargelim -deadargelim -instcombine -dce -simplifycfg -ptrArgReplace -mem2reg -function-inline -globaldce -mem2reg -instcombine -dce -expr-balance -instcombine -dce -bitwidthmin2 -bitwidthmin2 -interface-preproc -directive-preproc -inst-rectify -instcombine -dce -functionattrs -constprop -instcombine -bit-constprop -simplify-global-access -globalopt -globaldce -inst-simplify -instcombine -elimdeaddata -dce -loop-delete -simplifycfg -loop-simplify -barrier -norm-name /home/hufnagelde/ultrazohm_sw/ip_cores/uz_Matrix_Multi/HLS_Project/solution1/.autopilot/db/a.o.1.tmp.bc -o /home/hufnagelde/ultrazohm_sw/ip_cores/uz_Matrix_Multi/HLS_Project/solution1/.autopilot/db/a.o.2.bc -f -phase presyn 
INFO: [HLS 200-111] Finished Loop, function and other optimizations: CPU user time: 0.05 seconds. CPU system time: 0.01 seconds. Elapsed time: 0.06 seconds; current allocated memory: 230.859 MB.
INFO-FLOW: Building ssdm...
Execute         transform -hls -auto-function-inline -globaldce -ptrArgReplace -mem2reg -dce -reset-lda -loop-simplify -indvars -aggr-aa -licm -loop-dep -loop-bound -licm -loop-simplify -loop-sink-hoist -flattenloopnest -array-flatten -gvn -instcombine -dce -array-map -dce -func-legal -gvn -adce -instcombine -cfgopt -simplifycfg -loop-simplify -array-burst -promote-global-argument -dce -array-seg-normalize -basicaa -aggrmodref-aa -globalsmodref-aa -aggr-aa -gvn -gvn -basicaa -aggrmodref-aa -globalsmodref-aa -aggr-aa -dse -adse -adce -licm -inst-simplify -dce -globaldce -instcombine -array-stream -eliminate-keepreads -instcombine -dce -deadargelim -doublePtrSimplify -doublePtrElim -dce -doublePtrSimplify -promote-dbg-pointer -dce -scalarrepl -mem2reg -norm-name -mem2reg -instcombine -dse -adse -adce -ptrLegalization -dce -auto-rom-infer -array-flatten -dce -instcombine -check-doubleptr -loop-rot -constprop -cfgopt -simplifycfg -loop-simplify -indvars -pointer-simplify -dce -loop-bound -loop-simplify -loop-preproc -constprop -global-constprop -gvn -mem2reg -instcombine -dce -loop-bound -loop-merge -dce -deadargelim -dce -canonicalize-dataflow -dce -deadargelim -globaldce -mem2reg -bram-byte-enable -load-elim -read-loop-dep -loop-simplify -loop-extract-inner -directive-preproc -bitwidthmin2 -bitwidthmin2 -read-loop-dep -interface-preproc -directive-preproc -interface-gen -bram-byte-enable-spec-prop -deadargelim -inst-simplify -dce -gvn -mem2reg -instcombine -dce -adse -loop-bound -instcombine -cfgopt -simplifycfg -loop-simplify -clean-region -io-protocol -find-region -mem2reg -bitop-raise -complex-op-raise -inst-simplify -inst-rectify -instcombine -adce -deadargelim -float-op-raise -loop-simplify -phi-opt -bitop-raise -cfgopt -simplifycfg -strip-dead-prototypes -interface-lower -bitop-lower -intrinsic-lower -auto-function-inline -basicaa -aggrmodref-aa -globalsmodref-aa -aggr-aa -inst-simplify -simplifycfg -loop-simplify -mergereturn -inst-simplify -inst-rectify -dce -load-elim -bitop-lower -float-op-raise -fma-raise -loop-rewind -pointer-simplify -dce -cfgopt -dce -loop-bound -loop-dep -read-loop-dep -dce -dyn-mem-reuse -dce -recurrence-min -dce -share-scalar-alloca -deadargelim -dce -check-stream -norm-name -legalize -validate-dataflow -inst-clarity -bitwidth -dump-loop-dep-to-ir -check-all-ssdm -cdfg-build /home/hufnagelde/ultrazohm_sw/ip_cores/uz_Matrix_Multi/HLS_Project/solution1/.autopilot/db/a.o.2.bc -o /home/hufnagelde/ultrazohm_sw/ip_cores/uz_Matrix_Multi/HLS_Project/solution1/.autopilot/db/a.o.3.bc -f -phase build-ssdm 
WARNING: [HLS 200-960] Cannot flatten loop 'VITIS_LOOP_30_4' (HLS_Project/matrix_multiply.cpp:30:39) in function 'MatrixMultiplication' more than one sub loop.
WARNING: [HLS 200-960] Cannot flatten loop 'VITIS_LOOP_28_3' (HLS_Project/matrix_multiply.cpp:28:38) in function 'MatrixMultiplication' more than one sub loop.
INFO: [HLS 200-472] Inferring partial write operation for 'A' 
INFO: [HLS 200-472] Inferring partial write operation for 'B' 
INFO: [HLS 200-472] Inferring partial write operation for 'C' 
INFO: [HLS 200-472] Inferring partial write operation for 'A' (HLS_Project/matrix_multiply.cpp:21:8)
INFO: [HLS 200-472] Inferring partial write operation for 'B' (HLS_Project/matrix_multiply.cpp:25:8)
INFO: [HLS 200-472] Inferring partial write operation for 'acc' 
INFO: [HLS 200-472] Inferring partial write operation for 'acc' (HLS_Project/matrix_multiply.cpp:32:12)
INFO: [HLS 200-472] Inferring partial write operation for 'C' (HLS_Project/matrix_multiply.cpp:35:23)
INFO: [HLS 200-111] Finished Architecture Synthesis: CPU user time: 0.06 seconds. CPU system time: 0.03 seconds. Elapsed time: 0.1 seconds; current allocated memory: 308.488 MB.
INFO-FLOW: Finish building internal data model.
Command       opt_and_import_c done; 0.2 sec.
Command     elaborate done; 4.68 sec.
Execute     ap_eval exec zip -j /home/hufnagelde/ultrazohm_sw/ip_cores/uz_Matrix_Multi/HLS_Project/solution1/.autopilot/db/dut.hcp $dbDir/a.o.3.bc $dbDir/${topname}.rtl_wrap.cfg.tcl $dbDir/apatb_${topname}.cpp $dbDir/apatb_${topname}_util.cpp $dbDir/apatb_${topname}_ir.ll $dbDir/mapper_${topname}.cpp $dbDir/top-io-fe.xml $dbDir/kernel.internal.xml $workdir/../hls.app 
Execute     autosyn -from_csynth_design=1 
INFO: [HLS 200-10] Starting hardware synthesis ...
INFO-FLOW: Synthesizing C/C++ design ...
INFO: [HLS 200-10] Synthesizing 'MatrixMultiplication' ...
Execute       ap_set_top_model MatrixMultiplication 
Execute       get_model_list MatrixMultiplication -filter all-wo-channel -topdown 
Execute       preproc_iomode -model MatrixMultiplication 
Execute       preproc_iomode -model MatrixMultiplication_Pipeline_VITIS_LOOP_41_7 
Execute       preproc_iomode -model MatrixMultiplication_Pipeline_VITIS_LOOP_34_6 
Execute       preproc_iomode -model MatrixMultiplication_Pipeline_VITIS_LOOP_31_5 
Execute       preproc_iomode -model MatrixMultiplication_Pipeline_6 
Execute       preproc_iomode -model MatrixMultiplication_Pipeline_VITIS_LOOP_24_2 
Execute       preproc_iomode -model MatrixMultiplication_Pipeline_VITIS_LOOP_20_1 
Execute       preproc_iomode -model MatrixMultiplication_Pipeline_3 
Execute       preproc_iomode -model MatrixMultiplication_Pipeline_2 
Execute       preproc_iomode -model MatrixMultiplication_Pipeline_1 
Execute       get_model_list MatrixMultiplication -filter all-wo-channel 
INFO-FLOW: Model list for configure: MatrixMultiplication_Pipeline_1 MatrixMultiplication_Pipeline_2 MatrixMultiplication_Pipeline_3 MatrixMultiplication_Pipeline_VITIS_LOOP_20_1 MatrixMultiplication_Pipeline_VITIS_LOOP_24_2 MatrixMultiplication_Pipeline_6 MatrixMultiplication_Pipeline_VITIS_LOOP_31_5 MatrixMultiplication_Pipeline_VITIS_LOOP_34_6 MatrixMultiplication_Pipeline_VITIS_LOOP_41_7 MatrixMultiplication
INFO-FLOW: Configuring Module : MatrixMultiplication_Pipeline_1 ...
Execute       set_default_model MatrixMultiplication_Pipeline_1 
Execute       apply_spec_resource_limit MatrixMultiplication_Pipeline_1 
INFO-FLOW: Configuring Module : MatrixMultiplication_Pipeline_2 ...
Execute       set_default_model MatrixMultiplication_Pipeline_2 
Execute       apply_spec_resource_limit MatrixMultiplication_Pipeline_2 
INFO-FLOW: Configuring Module : MatrixMultiplication_Pipeline_3 ...
Execute       set_default_model MatrixMultiplication_Pipeline_3 
Execute       apply_spec_resource_limit MatrixMultiplication_Pipeline_3 
INFO-FLOW: Configuring Module : MatrixMultiplication_Pipeline_VITIS_LOOP_20_1 ...
Execute       set_default_model MatrixMultiplication_Pipeline_VITIS_LOOP_20_1 
Execute       apply_spec_resource_limit MatrixMultiplication_Pipeline_VITIS_LOOP_20_1 
INFO-FLOW: Configuring Module : MatrixMultiplication_Pipeline_VITIS_LOOP_24_2 ...
Execute       set_default_model MatrixMultiplication_Pipeline_VITIS_LOOP_24_2 
Execute       apply_spec_resource_limit MatrixMultiplication_Pipeline_VITIS_LOOP_24_2 
INFO-FLOW: Configuring Module : MatrixMultiplication_Pipeline_6 ...
Execute       set_default_model MatrixMultiplication_Pipeline_6 
Execute       apply_spec_resource_limit MatrixMultiplication_Pipeline_6 
INFO-FLOW: Configuring Module : MatrixMultiplication_Pipeline_VITIS_LOOP_31_5 ...
Execute       set_default_model MatrixMultiplication_Pipeline_VITIS_LOOP_31_5 
Execute       apply_spec_resource_limit MatrixMultiplication_Pipeline_VITIS_LOOP_31_5 
INFO-FLOW: Configuring Module : MatrixMultiplication_Pipeline_VITIS_LOOP_34_6 ...
Execute       set_default_model MatrixMultiplication_Pipeline_VITIS_LOOP_34_6 
Execute       apply_spec_resource_limit MatrixMultiplication_Pipeline_VITIS_LOOP_34_6 
INFO-FLOW: Configuring Module : MatrixMultiplication_Pipeline_VITIS_LOOP_41_7 ...
Execute       set_default_model MatrixMultiplication_Pipeline_VITIS_LOOP_41_7 
Execute       apply_spec_resource_limit MatrixMultiplication_Pipeline_VITIS_LOOP_41_7 
INFO-FLOW: Configuring Module : MatrixMultiplication ...
Execute       set_default_model MatrixMultiplication 
Execute       apply_spec_resource_limit MatrixMultiplication 
INFO-FLOW: Model list for preprocess: MatrixMultiplication_Pipeline_1 MatrixMultiplication_Pipeline_2 MatrixMultiplication_Pipeline_3 MatrixMultiplication_Pipeline_VITIS_LOOP_20_1 MatrixMultiplication_Pipeline_VITIS_LOOP_24_2 MatrixMultiplication_Pipeline_6 MatrixMultiplication_Pipeline_VITIS_LOOP_31_5 MatrixMultiplication_Pipeline_VITIS_LOOP_34_6 MatrixMultiplication_Pipeline_VITIS_LOOP_41_7 MatrixMultiplication
INFO-FLOW: Preprocessing Module: MatrixMultiplication_Pipeline_1 ...
Execute       set_default_model MatrixMultiplication_Pipeline_1 
Execute       cdfg_preprocess -model MatrixMultiplication_Pipeline_1 
Execute       rtl_gen_preprocess MatrixMultiplication_Pipeline_1 
INFO-FLOW: Preprocessing Module: MatrixMultiplication_Pipeline_2 ...
Execute       set_default_model MatrixMultiplication_Pipeline_2 
Execute       cdfg_preprocess -model MatrixMultiplication_Pipeline_2 
Execute       rtl_gen_preprocess MatrixMultiplication_Pipeline_2 
INFO-FLOW: Preprocessing Module: MatrixMultiplication_Pipeline_3 ...
Execute       set_default_model MatrixMultiplication_Pipeline_3 
Execute       cdfg_preprocess -model MatrixMultiplication_Pipeline_3 
Execute       rtl_gen_preprocess MatrixMultiplication_Pipeline_3 
INFO-FLOW: Preprocessing Module: MatrixMultiplication_Pipeline_VITIS_LOOP_20_1 ...
Execute       set_default_model MatrixMultiplication_Pipeline_VITIS_LOOP_20_1 
Execute       cdfg_preprocess -model MatrixMultiplication_Pipeline_VITIS_LOOP_20_1 
Execute       rtl_gen_preprocess MatrixMultiplication_Pipeline_VITIS_LOOP_20_1 
INFO-FLOW: Preprocessing Module: MatrixMultiplication_Pipeline_VITIS_LOOP_24_2 ...
Execute       set_default_model MatrixMultiplication_Pipeline_VITIS_LOOP_24_2 
Execute       cdfg_preprocess -model MatrixMultiplication_Pipeline_VITIS_LOOP_24_2 
Execute       rtl_gen_preprocess MatrixMultiplication_Pipeline_VITIS_LOOP_24_2 
INFO-FLOW: Preprocessing Module: MatrixMultiplication_Pipeline_6 ...
Execute       set_default_model MatrixMultiplication_Pipeline_6 
Execute       cdfg_preprocess -model MatrixMultiplication_Pipeline_6 
Execute       rtl_gen_preprocess MatrixMultiplication_Pipeline_6 
INFO-FLOW: Preprocessing Module: MatrixMultiplication_Pipeline_VITIS_LOOP_31_5 ...
Execute       set_default_model MatrixMultiplication_Pipeline_VITIS_LOOP_31_5 
Execute       cdfg_preprocess -model MatrixMultiplication_Pipeline_VITIS_LOOP_31_5 
Execute       rtl_gen_preprocess MatrixMultiplication_Pipeline_VITIS_LOOP_31_5 
INFO-FLOW: Preprocessing Module: MatrixMultiplication_Pipeline_VITIS_LOOP_34_6 ...
Execute       set_default_model MatrixMultiplication_Pipeline_VITIS_LOOP_34_6 
Execute       cdfg_preprocess -model MatrixMultiplication_Pipeline_VITIS_LOOP_34_6 
Execute       rtl_gen_preprocess MatrixMultiplication_Pipeline_VITIS_LOOP_34_6 
INFO-FLOW: Preprocessing Module: MatrixMultiplication_Pipeline_VITIS_LOOP_41_7 ...
Execute       set_default_model MatrixMultiplication_Pipeline_VITIS_LOOP_41_7 
Execute       cdfg_preprocess -model MatrixMultiplication_Pipeline_VITIS_LOOP_41_7 
Execute       rtl_gen_preprocess MatrixMultiplication_Pipeline_VITIS_LOOP_41_7 
INFO-FLOW: Preprocessing Module: MatrixMultiplication ...
Execute       set_default_model MatrixMultiplication 
Execute       cdfg_preprocess -model MatrixMultiplication 
Execute       rtl_gen_preprocess MatrixMultiplication 
INFO-FLOW: Model list for synthesis: MatrixMultiplication_Pipeline_1 MatrixMultiplication_Pipeline_2 MatrixMultiplication_Pipeline_3 MatrixMultiplication_Pipeline_VITIS_LOOP_20_1 MatrixMultiplication_Pipeline_VITIS_LOOP_24_2 MatrixMultiplication_Pipeline_6 MatrixMultiplication_Pipeline_VITIS_LOOP_31_5 MatrixMultiplication_Pipeline_VITIS_LOOP_34_6 MatrixMultiplication_Pipeline_VITIS_LOOP_41_7 MatrixMultiplication
INFO: [HLS 200-10] ----------------------------------------------------------------
INFO: [HLS 200-42] -- Implementing module 'MatrixMultiplication_Pipeline_1' 
INFO: [HLS 200-10] ----------------------------------------------------------------
Execute       set_default_model MatrixMultiplication_Pipeline_1 
Execute       schedule -model MatrixMultiplication_Pipeline_1 
INFO: [SCHED 204-11] Starting scheduling ...
INFO: [SCHED 204-61] Pipelining loop 'Loop 1'.
INFO: [HLS 200-1470] Pipelining result : Target II = NA, Final II = 1, Depth = 1, loop 'Loop 1'
INFO: [SCHED 204-11] Finished scheduling.
INFO: [HLS 200-111] Finished Scheduling: CPU user time: 0.02 seconds. CPU system time: 0.03 seconds. Elapsed time: 0.06 seconds; current allocated memory: 309.824 MB.
Execute       syn_report -verbosereport -o /home/hufnagelde/ultrazohm_sw/ip_cores/uz_Matrix_Multi/HLS_Project/solution1/.autopilot/db/MatrixMultiplication_Pipeline_1.verbose.sched.rpt 
Execute         AP::get_flow_target_display_name
Execute       db_write -o /home/hufnagelde/ultrazohm_sw/ip_cores/uz_Matrix_Multi/HLS_Project/solution1/.autopilot/db/MatrixMultiplication_Pipeline_1.sched.adb -f 
INFO-FLOW: Finish scheduling MatrixMultiplication_Pipeline_1.
Execute       set_default_model MatrixMultiplication_Pipeline_1 
Execute       bind -model MatrixMultiplication_Pipeline_1 
INFO: [BIND 205-100] Starting micro-architecture generation ...
INFO: [BIND 205-101] Performing variable lifetime analysis.
INFO: [BIND 205-101] Exploring resource sharing.
INFO: [BIND 205-101] Binding ...
INFO: [BIND 205-100] Finished micro-architecture generation.
INFO: [HLS 200-111] Finished Binding: CPU user time: 0.01 seconds. CPU system time: 0 seconds. Elapsed time: 0.01 seconds; current allocated memory: 309.824 MB.
Execute       syn_report -verbosereport -o /home/hufnagelde/ultrazohm_sw/ip_cores/uz_Matrix_Multi/HLS_Project/solution1/.autopilot/db/MatrixMultiplication_Pipeline_1.verbose.bind.rpt 
Execute         AP::get_flow_target_display_name
Execute       db_write -o /home/hufnagelde/ultrazohm_sw/ip_cores/uz_Matrix_Multi/HLS_Project/solution1/.autopilot/db/MatrixMultiplication_Pipeline_1.bind.adb -f 
INFO-FLOW: Finish binding MatrixMultiplication_Pipeline_1.
INFO: [HLS 200-10] ----------------------------------------------------------------
INFO: [HLS 200-42] -- Implementing module 'MatrixMultiplication_Pipeline_2' 
INFO: [HLS 200-10] ----------------------------------------------------------------
Execute       set_default_model MatrixMultiplication_Pipeline_2 
Execute       schedule -model MatrixMultiplication_Pipeline_2 
INFO: [SCHED 204-11] Starting scheduling ...
INFO: [SCHED 204-61] Pipelining loop 'Loop 1'.
INFO: [HLS 200-1470] Pipelining result : Target II = NA, Final II = 1, Depth = 1, loop 'Loop 1'
INFO: [SCHED 204-11] Finished scheduling.
INFO: [HLS 200-111] Finished Scheduling: CPU user time: 0.02 seconds. CPU system time: 0 seconds. Elapsed time: 0.02 seconds; current allocated memory: 310.129 MB.
Execute       syn_report -verbosereport -o /home/hufnagelde/ultrazohm_sw/ip_cores/uz_Matrix_Multi/HLS_Project/solution1/.autopilot/db/MatrixMultiplication_Pipeline_2.verbose.sched.rpt 
Execute         AP::get_flow_target_display_name
Execute       db_write -o /home/hufnagelde/ultrazohm_sw/ip_cores/uz_Matrix_Multi/HLS_Project/solution1/.autopilot/db/MatrixMultiplication_Pipeline_2.sched.adb -f 
INFO-FLOW: Finish scheduling MatrixMultiplication_Pipeline_2.
Execute       set_default_model MatrixMultiplication_Pipeline_2 
Execute       bind -model MatrixMultiplication_Pipeline_2 
INFO: [BIND 205-100] Starting micro-architecture generation ...
INFO: [BIND 205-101] Performing variable lifetime analysis.
INFO: [BIND 205-101] Exploring resource sharing.
INFO: [BIND 205-101] Binding ...
INFO: [BIND 205-100] Finished micro-architecture generation.
INFO: [HLS 200-111] Finished Binding: CPU user time: 0.01 seconds. CPU system time: 0 seconds. Elapsed time: 0.01 seconds; current allocated memory: 310.129 MB.
Execute       syn_report -verbosereport -o /home/hufnagelde/ultrazohm_sw/ip_cores/uz_Matrix_Multi/HLS_Project/solution1/.autopilot/db/MatrixMultiplication_Pipeline_2.verbose.bind.rpt 
Execute         AP::get_flow_target_display_name
Execute       db_write -o /home/hufnagelde/ultrazohm_sw/ip_cores/uz_Matrix_Multi/HLS_Project/solution1/.autopilot/db/MatrixMultiplication_Pipeline_2.bind.adb -f 
INFO-FLOW: Finish binding MatrixMultiplication_Pipeline_2.
INFO: [HLS 200-10] ----------------------------------------------------------------
INFO: [HLS 200-42] -- Implementing module 'MatrixMultiplication_Pipeline_3' 
INFO: [HLS 200-10] ----------------------------------------------------------------
Execute       set_default_model MatrixMultiplication_Pipeline_3 
Execute       schedule -model MatrixMultiplication_Pipeline_3 
INFO: [SCHED 204-11] Starting scheduling ...
INFO: [SCHED 204-61] Pipelining loop 'Loop 1'.
INFO: [HLS 200-1470] Pipelining result : Target II = NA, Final II = 1, Depth = 1, loop 'Loop 1'
INFO: [SCHED 204-11] Finished scheduling.
INFO: [HLS 200-111] Finished Scheduling: CPU user time: 0.02 seconds. CPU system time: 0 seconds. Elapsed time: 0.02 seconds; current allocated memory: 310.355 MB.
Execute       syn_report -verbosereport -o /home/hufnagelde/ultrazohm_sw/ip_cores/uz_Matrix_Multi/HLS_Project/solution1/.autopilot/db/MatrixMultiplication_Pipeline_3.verbose.sched.rpt 
Execute         AP::get_flow_target_display_name
Execute       db_write -o /home/hufnagelde/ultrazohm_sw/ip_cores/uz_Matrix_Multi/HLS_Project/solution1/.autopilot/db/MatrixMultiplication_Pipeline_3.sched.adb -f 
INFO-FLOW: Finish scheduling MatrixMultiplication_Pipeline_3.
Execute       set_default_model MatrixMultiplication_Pipeline_3 
Execute       bind -model MatrixMultiplication_Pipeline_3 
INFO: [BIND 205-100] Starting micro-architecture generation ...
INFO: [BIND 205-101] Performing variable lifetime analysis.
INFO: [BIND 205-101] Exploring resource sharing.
INFO: [BIND 205-101] Binding ...
INFO: [BIND 205-100] Finished micro-architecture generation.
INFO: [HLS 200-111] Finished Binding: CPU user time: 0.01 seconds. CPU system time: 0 seconds. Elapsed time: 0.01 seconds; current allocated memory: 310.355 MB.
Execute       syn_report -verbosereport -o /home/hufnagelde/ultrazohm_sw/ip_cores/uz_Matrix_Multi/HLS_Project/solution1/.autopilot/db/MatrixMultiplication_Pipeline_3.verbose.bind.rpt 
Execute         AP::get_flow_target_display_name
Execute       db_write -o /home/hufnagelde/ultrazohm_sw/ip_cores/uz_Matrix_Multi/HLS_Project/solution1/.autopilot/db/MatrixMultiplication_Pipeline_3.bind.adb -f 
INFO-FLOW: Finish binding MatrixMultiplication_Pipeline_3.
INFO: [HLS 200-10] ----------------------------------------------------------------
INFO: [HLS 200-42] -- Implementing module 'MatrixMultiplication_Pipeline_VITIS_LOOP_20_1' 
INFO: [HLS 200-10] ----------------------------------------------------------------
Execute       set_default_model MatrixMultiplication_Pipeline_VITIS_LOOP_20_1 
Execute       schedule -model MatrixMultiplication_Pipeline_VITIS_LOOP_20_1 
INFO: [SCHED 204-11] Starting scheduling ...
INFO: [SCHED 204-61] Pipelining loop 'VITIS_LOOP_20_1'.
INFO: [HLS 200-1470] Pipelining result : Target II = NA, Final II = 1, Depth = 3, loop 'VITIS_LOOP_20_1'
INFO: [SCHED 204-11] Finished scheduling.
INFO: [HLS 200-111] Finished Scheduling: CPU user time: 0.03 seconds. CPU system time: 0 seconds. Elapsed time: 0.03 seconds; current allocated memory: 310.520 MB.
Execute       syn_report -verbosereport -o /home/hufnagelde/ultrazohm_sw/ip_cores/uz_Matrix_Multi/HLS_Project/solution1/.autopilot/db/MatrixMultiplication_Pipeline_VITIS_LOOP_20_1.verbose.sched.rpt 
Execute         AP::get_flow_target_display_name
Execute       db_write -o /home/hufnagelde/ultrazohm_sw/ip_cores/uz_Matrix_Multi/HLS_Project/solution1/.autopilot/db/MatrixMultiplication_Pipeline_VITIS_LOOP_20_1.sched.adb -f 
INFO-FLOW: Finish scheduling MatrixMultiplication_Pipeline_VITIS_LOOP_20_1.
Execute       set_default_model MatrixMultiplication_Pipeline_VITIS_LOOP_20_1 
Execute       bind -model MatrixMultiplication_Pipeline_VITIS_LOOP_20_1 
INFO: [BIND 205-100] Starting micro-architecture generation ...
INFO: [BIND 205-101] Performing variable lifetime analysis.
INFO: [BIND 205-101] Exploring resource sharing.
INFO: [BIND 205-101] Binding ...
INFO: [BIND 205-100] Finished micro-architecture generation.
INFO: [HLS 200-111] Finished Binding: CPU user time: 0.01 seconds. CPU system time: 0 seconds. Elapsed time: 0.01 seconds; current allocated memory: 310.520 MB.
Execute       syn_report -verbosereport -o /home/hufnagelde/ultrazohm_sw/ip_cores/uz_Matrix_Multi/HLS_Project/solution1/.autopilot/db/MatrixMultiplication_Pipeline_VITIS_LOOP_20_1.verbose.bind.rpt 
Execute         AP::get_flow_target_display_name
Execute       db_write -o /home/hufnagelde/ultrazohm_sw/ip_cores/uz_Matrix_Multi/HLS_Project/solution1/.autopilot/db/MatrixMultiplication_Pipeline_VITIS_LOOP_20_1.bind.adb -f 
INFO-FLOW: Finish binding MatrixMultiplication_Pipeline_VITIS_LOOP_20_1.
INFO: [HLS 200-10] ----------------------------------------------------------------
INFO: [HLS 200-42] -- Implementing module 'MatrixMultiplication_Pipeline_VITIS_LOOP_24_2' 
INFO: [HLS 200-10] ----------------------------------------------------------------
Execute       set_default_model MatrixMultiplication_Pipeline_VITIS_LOOP_24_2 
Execute       schedule -model MatrixMultiplication_Pipeline_VITIS_LOOP_24_2 
INFO: [SCHED 204-11] Starting scheduling ...
INFO: [SCHED 204-61] Pipelining loop 'VITIS_LOOP_24_2'.
INFO: [HLS 200-1470] Pipelining result : Target II = NA, Final II = 1, Depth = 3, loop 'VITIS_LOOP_24_2'
INFO: [SCHED 204-11] Finished scheduling.
INFO: [HLS 200-111] Finished Scheduling: CPU user time: 0.03 seconds. CPU system time: 0 seconds. Elapsed time: 0.02 seconds; current allocated memory: 310.898 MB.
Execute       syn_report -verbosereport -o /home/hufnagelde/ultrazohm_sw/ip_cores/uz_Matrix_Multi/HLS_Project/solution1/.autopilot/db/MatrixMultiplication_Pipeline_VITIS_LOOP_24_2.verbose.sched.rpt 
Execute         AP::get_flow_target_display_name
Execute       db_write -o /home/hufnagelde/ultrazohm_sw/ip_cores/uz_Matrix_Multi/HLS_Project/solution1/.autopilot/db/MatrixMultiplication_Pipeline_VITIS_LOOP_24_2.sched.adb -f 
INFO-FLOW: Finish scheduling MatrixMultiplication_Pipeline_VITIS_LOOP_24_2.
Execute       set_default_model MatrixMultiplication_Pipeline_VITIS_LOOP_24_2 
Execute       bind -model MatrixMultiplication_Pipeline_VITIS_LOOP_24_2 
INFO: [BIND 205-100] Starting micro-architecture generation ...
INFO: [BIND 205-101] Performing variable lifetime analysis.
INFO: [BIND 205-101] Exploring resource sharing.
INFO: [BIND 205-101] Binding ...
INFO: [BIND 205-100] Finished micro-architecture generation.
INFO: [HLS 200-111] Finished Binding: CPU user time: 0.02 seconds. CPU system time: 0 seconds. Elapsed time: 0.02 seconds; current allocated memory: 310.898 MB.
Execute       syn_report -verbosereport -o /home/hufnagelde/ultrazohm_sw/ip_cores/uz_Matrix_Multi/HLS_Project/solution1/.autopilot/db/MatrixMultiplication_Pipeline_VITIS_LOOP_24_2.verbose.bind.rpt 
Execute         AP::get_flow_target_display_name
Execute       db_write -o /home/hufnagelde/ultrazohm_sw/ip_cores/uz_Matrix_Multi/HLS_Project/solution1/.autopilot/db/MatrixMultiplication_Pipeline_VITIS_LOOP_24_2.bind.adb -f 
INFO-FLOW: Finish binding MatrixMultiplication_Pipeline_VITIS_LOOP_24_2.
INFO: [HLS 200-10] ----------------------------------------------------------------
INFO: [HLS 200-42] -- Implementing module 'MatrixMultiplication_Pipeline_6' 
INFO: [HLS 200-10] ----------------------------------------------------------------
Execute       set_default_model MatrixMultiplication_Pipeline_6 
Execute       schedule -model MatrixMultiplication_Pipeline_6 
INFO: [SCHED 204-11] Starting scheduling ...
INFO: [SCHED 204-61] Pipelining loop 'Loop 1'.
INFO: [HLS 200-1470] Pipelining result : Target II = NA, Final II = 1, Depth = 1, loop 'Loop 1'
INFO: [SCHED 204-11] Finished scheduling.
INFO: [HLS 200-111] Finished Scheduling: CPU user time: 0.02 seconds. CPU system time: 0.01 seconds. Elapsed time: 0.02 seconds; current allocated memory: 311.176 MB.
Execute       syn_report -verbosereport -o /home/hufnagelde/ultrazohm_sw/ip_cores/uz_Matrix_Multi/HLS_Project/solution1/.autopilot/db/MatrixMultiplication_Pipeline_6.verbose.sched.rpt 
Execute         AP::get_flow_target_display_name
Execute       db_write -o /home/hufnagelde/ultrazohm_sw/ip_cores/uz_Matrix_Multi/HLS_Project/solution1/.autopilot/db/MatrixMultiplication_Pipeline_6.sched.adb -f 
INFO-FLOW: Finish scheduling MatrixMultiplication_Pipeline_6.
Execute       set_default_model MatrixMultiplication_Pipeline_6 
Execute       bind -model MatrixMultiplication_Pipeline_6 
INFO: [BIND 205-100] Starting micro-architecture generation ...
INFO: [BIND 205-101] Performing variable lifetime analysis.
INFO: [BIND 205-101] Exploring resource sharing.
INFO: [BIND 205-101] Binding ...
INFO: [BIND 205-100] Finished micro-architecture generation.
INFO: [HLS 200-111] Finished Binding: CPU user time: 0.01 seconds. CPU system time: 0 seconds. Elapsed time: 0.02 seconds; current allocated memory: 311.176 MB.
Execute       syn_report -verbosereport -o /home/hufnagelde/ultrazohm_sw/ip_cores/uz_Matrix_Multi/HLS_Project/solution1/.autopilot/db/MatrixMultiplication_Pipeline_6.verbose.bind.rpt 
Execute         AP::get_flow_target_display_name
Execute       db_write -o /home/hufnagelde/ultrazohm_sw/ip_cores/uz_Matrix_Multi/HLS_Project/solution1/.autopilot/db/MatrixMultiplication_Pipeline_6.bind.adb -f 
INFO-FLOW: Finish binding MatrixMultiplication_Pipeline_6.
INFO: [HLS 200-10] ----------------------------------------------------------------
INFO: [HLS 200-42] -- Implementing module 'MatrixMultiplication_Pipeline_VITIS_LOOP_31_5' 
INFO: [HLS 200-10] ----------------------------------------------------------------
Execute       set_default_model MatrixMultiplication_Pipeline_VITIS_LOOP_31_5 
Execute       schedule -model MatrixMultiplication_Pipeline_VITIS_LOOP_31_5 
INFO: [SCHED 204-11] Starting scheduling ...
INFO: [SCHED 204-61] Pipelining loop 'VITIS_LOOP_31_5'.
INFO: [HLS 200-1470] Pipelining result : Target II = NA, Final II = 1, Depth = 5, loop 'VITIS_LOOP_31_5'
INFO: [SCHED 204-11] Finished scheduling.
INFO: [HLS 200-111] Finished Scheduling: CPU user time: 0.03 seconds. CPU system time: 0.01 seconds. Elapsed time: 0.04 seconds; current allocated memory: 311.477 MB.
Execute       syn_report -verbosereport -o /home/hufnagelde/ultrazohm_sw/ip_cores/uz_Matrix_Multi/HLS_Project/solution1/.autopilot/db/MatrixMultiplication_Pipeline_VITIS_LOOP_31_5.verbose.sched.rpt 
Execute         AP::get_flow_target_display_name
Execute       db_write -o /home/hufnagelde/ultrazohm_sw/ip_cores/uz_Matrix_Multi/HLS_Project/solution1/.autopilot/db/MatrixMultiplication_Pipeline_VITIS_LOOP_31_5.sched.adb -f 
INFO-FLOW: Finish scheduling MatrixMultiplication_Pipeline_VITIS_LOOP_31_5.
Execute       set_default_model MatrixMultiplication_Pipeline_VITIS_LOOP_31_5 
Execute       bind -model MatrixMultiplication_Pipeline_VITIS_LOOP_31_5 
INFO: [BIND 205-100] Starting micro-architecture generation ...
INFO: [BIND 205-101] Performing variable lifetime analysis.
INFO: [BIND 205-101] Exploring resource sharing.
INFO: [BIND 205-101] Binding ...
INFO: [BIND 205-100] Finished micro-architecture generation.
INFO: [HLS 200-111] Finished Binding: CPU user time: 0.03 seconds. CPU system time: 0 seconds. Elapsed time: 0.03 seconds; current allocated memory: 311.477 MB.
Execute       syn_report -verbosereport -o /home/hufnagelde/ultrazohm_sw/ip_cores/uz_Matrix_Multi/HLS_Project/solution1/.autopilot/db/MatrixMultiplication_Pipeline_VITIS_LOOP_31_5.verbose.bind.rpt 
Execute         AP::get_flow_target_display_name
Execute       db_write -o /home/hufnagelde/ultrazohm_sw/ip_cores/uz_Matrix_Multi/HLS_Project/solution1/.autopilot/db/MatrixMultiplication_Pipeline_VITIS_LOOP_31_5.bind.adb -f 
INFO-FLOW: Finish binding MatrixMultiplication_Pipeline_VITIS_LOOP_31_5.
INFO: [HLS 200-10] ----------------------------------------------------------------
INFO: [HLS 200-42] -- Implementing module 'MatrixMultiplication_Pipeline_VITIS_LOOP_34_6' 
INFO: [HLS 200-10] ----------------------------------------------------------------
Execute       set_default_model MatrixMultiplication_Pipeline_VITIS_LOOP_34_6 
Execute       schedule -model MatrixMultiplication_Pipeline_VITIS_LOOP_34_6 
INFO: [SCHED 204-11] Starting scheduling ...
INFO: [SCHED 204-61] Pipelining loop 'VITIS_LOOP_34_6'.
WARNING: [HLS 200-880] The II Violation in module 'MatrixMultiplication_Pipeline_VITIS_LOOP_34_6' (loop 'VITIS_LOOP_34_6'): Unable to enforce a carried dependence constraint (II = 1, distance = 1, offset = 0) between 'store' operation ('add4518_write_ln34', HLS_Project/matrix_multiply.cpp:34) of variable 'add', HLS_Project/matrix_multiply.cpp:35 on local variable 'add4518' and 'load' operation ('add4518_load', HLS_Project/matrix_multiply.cpp:35) on local variable 'add4518'.
WARNING: [HLS 200-880] The II Violation in module 'MatrixMultiplication_Pipeline_VITIS_LOOP_34_6' (loop 'VITIS_LOOP_34_6'): Unable to enforce a carried dependence constraint (II = 2, distance = 1, offset = 0) between 'store' operation ('add4518_write_ln34', HLS_Project/matrix_multiply.cpp:34) of variable 'add', HLS_Project/matrix_multiply.cpp:35 on local variable 'add4518' and 'load' operation ('add4518_load', HLS_Project/matrix_multiply.cpp:35) on local variable 'add4518'.
WARNING: [HLS 200-880] The II Violation in module 'MatrixMultiplication_Pipeline_VITIS_LOOP_34_6' (loop 'VITIS_LOOP_34_6'): Unable to enforce a carried dependence constraint (II = 3, distance = 1, offset = 0) between 'store' operation ('add4518_write_ln34', HLS_Project/matrix_multiply.cpp:34) of variable 'add', HLS_Project/matrix_multiply.cpp:35 on local variable 'add4518' and 'load' operation ('add4518_load', HLS_Project/matrix_multiply.cpp:35) on local variable 'add4518'.
INFO: [HLS 200-1470] Pipelining result : Target II = NA, Final II = 4, Depth = 6, loop 'VITIS_LOOP_34_6'
INFO: [SCHED 204-11] Finished scheduling.
INFO: [HLS 200-111] Finished Scheduling: CPU user time: 0.06 seconds. CPU system time: 0 seconds. Elapsed time: 0.06 seconds; current allocated memory: 311.844 MB.
Execute       syn_report -verbosereport -o /home/hufnagelde/ultrazohm_sw/ip_cores/uz_Matrix_Multi/HLS_Project/solution1/.autopilot/db/MatrixMultiplication_Pipeline_VITIS_LOOP_34_6.verbose.sched.rpt 
Execute         AP::get_flow_target_display_name
Execute       db_write -o /home/hufnagelde/ultrazohm_sw/ip_cores/uz_Matrix_Multi/HLS_Project/solution1/.autopilot/db/MatrixMultiplication_Pipeline_VITIS_LOOP_34_6.sched.adb -f 
INFO-FLOW: Finish scheduling MatrixMultiplication_Pipeline_VITIS_LOOP_34_6.
Execute       set_default_model MatrixMultiplication_Pipeline_VITIS_LOOP_34_6 
Execute       bind -model MatrixMultiplication_Pipeline_VITIS_LOOP_34_6 
INFO: [BIND 205-100] Starting micro-architecture generation ...
INFO: [BIND 205-101] Performing variable lifetime analysis.
INFO: [BIND 205-101] Exploring resource sharing.
INFO: [BIND 205-101] Binding ...
INFO: [BIND 205-100] Finished micro-architecture generation.
INFO: [HLS 200-111] Finished Binding: CPU user time: 0.04 seconds. CPU system time: 0 seconds. Elapsed time: 0.04 seconds; current allocated memory: 311.844 MB.
Execute       syn_report -verbosereport -o /home/hufnagelde/ultrazohm_sw/ip_cores/uz_Matrix_Multi/HLS_Project/solution1/.autopilot/db/MatrixMultiplication_Pipeline_VITIS_LOOP_34_6.verbose.bind.rpt 
Execute         AP::get_flow_target_display_name
Execute       db_write -o /home/hufnagelde/ultrazohm_sw/ip_cores/uz_Matrix_Multi/HLS_Project/solution1/.autopilot/db/MatrixMultiplication_Pipeline_VITIS_LOOP_34_6.bind.adb -f 
INFO-FLOW: Finish binding MatrixMultiplication_Pipeline_VITIS_LOOP_34_6.
INFO: [HLS 200-10] ----------------------------------------------------------------
INFO: [HLS 200-42] -- Implementing module 'MatrixMultiplication_Pipeline_VITIS_LOOP_41_7' 
INFO: [HLS 200-10] ----------------------------------------------------------------
Execute       set_default_model MatrixMultiplication_Pipeline_VITIS_LOOP_41_7 
Execute       schedule -model MatrixMultiplication_Pipeline_VITIS_LOOP_41_7 
INFO: [SCHED 204-11] Starting scheduling ...
INFO: [SCHED 204-61] Pipelining loop 'VITIS_LOOP_41_7'.
INFO: [HLS 200-1470] Pipelining result : Target II = NA, Final II = 1, Depth = 3, loop 'VITIS_LOOP_41_7'
INFO: [SCHED 204-11] Finished scheduling.
INFO: [HLS 200-111] Finished Scheduling: CPU user time: 0.03 seconds. CPU system time: 0 seconds. Elapsed time: 0.04 seconds; current allocated memory: 312.219 MB.
Execute       syn_report -verbosereport -o /home/hufnagelde/ultrazohm_sw/ip_cores/uz_Matrix_Multi/HLS_Project/solution1/.autopilot/db/MatrixMultiplication_Pipeline_VITIS_LOOP_41_7.verbose.sched.rpt 
Execute         AP::get_flow_target_display_name
Execute       db_write -o /home/hufnagelde/ultrazohm_sw/ip_cores/uz_Matrix_Multi/HLS_Project/solution1/.autopilot/db/MatrixMultiplication_Pipeline_VITIS_LOOP_41_7.sched.adb -f 
INFO-FLOW: Finish scheduling MatrixMultiplication_Pipeline_VITIS_LOOP_41_7.
Execute       set_default_model MatrixMultiplication_Pipeline_VITIS_LOOP_41_7 
Execute       bind -model MatrixMultiplication_Pipeline_VITIS_LOOP_41_7 
INFO: [BIND 205-100] Starting micro-architecture generation ...
INFO: [BIND 205-101] Performing variable lifetime analysis.
INFO: [BIND 205-101] Exploring resource sharing.
INFO: [BIND 205-101] Binding ...
INFO: [BIND 205-100] Finished micro-architecture generation.
INFO: [HLS 200-111] Finished Binding: CPU user time: 0.01 seconds. CPU system time: 0 seconds. Elapsed time: 0.02 seconds; current allocated memory: 312.219 MB.
Execute       syn_report -verbosereport -o /home/hufnagelde/ultrazohm_sw/ip_cores/uz_Matrix_Multi/HLS_Project/solution1/.autopilot/db/MatrixMultiplication_Pipeline_VITIS_LOOP_41_7.verbose.bind.rpt 
Execute         AP::get_flow_target_display_name
Execute       db_write -o /home/hufnagelde/ultrazohm_sw/ip_cores/uz_Matrix_Multi/HLS_Project/solution1/.autopilot/db/MatrixMultiplication_Pipeline_VITIS_LOOP_41_7.bind.adb -f 
INFO-FLOW: Finish binding MatrixMultiplication_Pipeline_VITIS_LOOP_41_7.
INFO: [HLS 200-10] ----------------------------------------------------------------
INFO: [HLS 200-42] -- Implementing module 'MatrixMultiplication' 
INFO: [HLS 200-10] ----------------------------------------------------------------
Execute       set_default_model MatrixMultiplication 
Execute       schedule -model MatrixMultiplication 
INFO: [SCHED 204-11] Starting scheduling ...
INFO: [SCHED 204-11] Finished scheduling.
Command       schedule done; 0.23 sec.
INFO: [HLS 200-111] Finished Scheduling: CPU user time: 0.24 seconds. CPU system time: 0.02 seconds. Elapsed time: 0.25 seconds; current allocated memory: 312.797 MB.
Execute       syn_report -verbosereport -o /home/hufnagelde/ultrazohm_sw/ip_cores/uz_Matrix_Multi/HLS_Project/solution1/.autopilot/db/MatrixMultiplication.verbose.sched.rpt 
Execute         AP::get_flow_target_display_name
Command       syn_report done; 0.36 sec.
Execute       db_write -o /home/hufnagelde/ultrazohm_sw/ip_cores/uz_Matrix_Multi/HLS_Project/solution1/.autopilot/db/MatrixMultiplication.sched.adb -f 
INFO-FLOW: Finish scheduling MatrixMultiplication.
Execute       set_default_model MatrixMultiplication 
Execute       bind -model MatrixMultiplication 
INFO: [BIND 205-100] Starting micro-architecture generation ...
INFO: [BIND 205-101] Performing variable lifetime analysis.
INFO: [BIND 205-101] Exploring resource sharing.
INFO: [BIND 205-101] Binding ...
INFO: [BIND 205-100] Finished micro-architecture generation.
Command       bind done; 0.24 sec.
INFO: [HLS 200-111] Finished Binding: CPU user time: 0.59 seconds. CPU system time: 0 seconds. Elapsed time: 0.6 seconds; current allocated memory: 313.199 MB.
Execute       syn_report -verbosereport -o /home/hufnagelde/ultrazohm_sw/ip_cores/uz_Matrix_Multi/HLS_Project/solution1/.autopilot/db/MatrixMultiplication.verbose.bind.rpt 
Execute         AP::get_flow_target_display_name
Command       syn_report done; 0.15 sec.
Execute       db_write -o /home/hufnagelde/ultrazohm_sw/ip_cores/uz_Matrix_Multi/HLS_Project/solution1/.autopilot/db/MatrixMultiplication.bind.adb -f 
INFO-FLOW: Finish binding MatrixMultiplication.
Execute       get_model_list MatrixMultiplication -filter all-wo-channel 
INFO-FLOW: Preprocessing for RTLGen ...
Execute       rtl_gen_preprocess MatrixMultiplication_Pipeline_1 
Execute       rtl_gen_preprocess MatrixMultiplication_Pipeline_2 
Execute       rtl_gen_preprocess MatrixMultiplication_Pipeline_3 
Execute       rtl_gen_preprocess MatrixMultiplication_Pipeline_VITIS_LOOP_20_1 
Execute       rtl_gen_preprocess MatrixMultiplication_Pipeline_VITIS_LOOP_24_2 
Execute       rtl_gen_preprocess MatrixMultiplication_Pipeline_6 
Execute       rtl_gen_preprocess MatrixMultiplication_Pipeline_VITIS_LOOP_31_5 
Execute       rtl_gen_preprocess MatrixMultiplication_Pipeline_VITIS_LOOP_34_6 
Execute       rtl_gen_preprocess MatrixMultiplication_Pipeline_VITIS_LOOP_41_7 
Execute       rtl_gen_preprocess MatrixMultiplication 
INFO-FLOW: Model list for RTL generation: MatrixMultiplication_Pipeline_1 MatrixMultiplication_Pipeline_2 MatrixMultiplication_Pipeline_3 MatrixMultiplication_Pipeline_VITIS_LOOP_20_1 MatrixMultiplication_Pipeline_VITIS_LOOP_24_2 MatrixMultiplication_Pipeline_6 MatrixMultiplication_Pipeline_VITIS_LOOP_31_5 MatrixMultiplication_Pipeline_VITIS_LOOP_34_6 MatrixMultiplication_Pipeline_VITIS_LOOP_41_7 MatrixMultiplication
INFO: [HLS 200-10] ----------------------------------------------------------------
INFO: [HLS 200-10] -- Generating RTL for module 'MatrixMultiplication_Pipeline_1' 
INFO: [HLS 200-10] ----------------------------------------------------------------
Execute       create_rtl_model MatrixMultiplication_Pipeline_1 -top_prefix MatrixMultiplication_ -sub_prefix MatrixMultiplication_ -mg_file /home/hufnagelde/ultrazohm_sw/ip_cores/uz_Matrix_Multi/HLS_Project/solution1/.autopilot/db/MatrixMultiplication_Pipeline_1.compgen.tcl 
INFO: [RTGEN 206-100] Finished creating RTL model for 'MatrixMultiplication_Pipeline_1'.
INFO: [HLS 200-111] Finished Creating RTL model: CPU user time: 0.17 seconds. CPU system time: 0 seconds. Elapsed time: 0.17 seconds; current allocated memory: 313.602 MB.
Execute       source /home/hufnagelde/ultrazohm_sw/ip_cores/uz_Matrix_Multi/HLS_Project/solution1/.autopilot/db/MatrixMultiplication.rtl_wrap.cfg.tcl 
Execute       gen_rtl MatrixMultiplication_Pipeline_1 -style xilinx -f -lang vhdl -o /home/hufnagelde/ultrazohm_sw/ip_cores/uz_Matrix_Multi/HLS_Project/solution1/syn/vhdl/MatrixMultiplication_MatrixMultiplication_Pipeline_1 
Execute       gen_rtl MatrixMultiplication_Pipeline_1 -style xilinx -f -lang vlog -o /home/hufnagelde/ultrazohm_sw/ip_cores/uz_Matrix_Multi/HLS_Project/solution1/syn/verilog/MatrixMultiplication_MatrixMultiplication_Pipeline_1 
Execute       syn_report -csynth -model MatrixMultiplication_Pipeline_1 -o /home/hufnagelde/ultrazohm_sw/ip_cores/uz_Matrix_Multi/HLS_Project/solution1/syn/report/MatrixMultiplication_Pipeline_1_csynth.rpt 
Execute         AP::get_flow_target_display_name
Execute       syn_report -rtlxml -model MatrixMultiplication_Pipeline_1 -o /home/hufnagelde/ultrazohm_sw/ip_cores/uz_Matrix_Multi/HLS_Project/solution1/syn/report/MatrixMultiplication_Pipeline_1_csynth.xml 
Execute       syn_report -verbosereport -model MatrixMultiplication_Pipeline_1 -o /home/hufnagelde/ultrazohm_sw/ip_cores/uz_Matrix_Multi/HLS_Project/solution1/.autopilot/db/MatrixMultiplication_Pipeline_1.verbose.rpt 
Execute         AP::get_flow_target_display_name
Execute       db_write -model MatrixMultiplication_Pipeline_1 -f -o /home/hufnagelde/ultrazohm_sw/ip_cores/uz_Matrix_Multi/HLS_Project/solution1/.autopilot/db/MatrixMultiplication_Pipeline_1.adb 
Execute       db_write -model MatrixMultiplication_Pipeline_1 -bindview -o /home/hufnagelde/ultrazohm_sw/ip_cores/uz_Matrix_Multi/HLS_Project/solution1/.autopilot/db/design.bindinfo.xml 
Execute       gen_tb_info MatrixMultiplication_Pipeline_1 -p /home/hufnagelde/ultrazohm_sw/ip_cores/uz_Matrix_Multi/HLS_Project/solution1/.autopilot/db -o /home/hufnagelde/ultrazohm_sw/ip_cores/uz_Matrix_Multi/HLS_Project/solution1/.autopilot/db/MatrixMultiplication_Pipeline_1 
INFO: [HLS 200-10] ----------------------------------------------------------------
INFO: [HLS 200-10] -- Generating RTL for module 'MatrixMultiplication_Pipeline_2' 
INFO: [HLS 200-10] ----------------------------------------------------------------
Execute       create_rtl_model MatrixMultiplication_Pipeline_2 -top_prefix MatrixMultiplication_ -sub_prefix MatrixMultiplication_ -mg_file /home/hufnagelde/ultrazohm_sw/ip_cores/uz_Matrix_Multi/HLS_Project/solution1/.autopilot/db/MatrixMultiplication_Pipeline_2.compgen.tcl 
INFO: [RTGEN 206-100] Finished creating RTL model for 'MatrixMultiplication_Pipeline_2'.
INFO: [HLS 200-111] Finished Creating RTL model: CPU user time: 0.03 seconds. CPU system time: 0 seconds. Elapsed time: 0.04 seconds; current allocated memory: 314.320 MB.
Execute       source /home/hufnagelde/ultrazohm_sw/ip_cores/uz_Matrix_Multi/HLS_Project/solution1/.autopilot/db/MatrixMultiplication.rtl_wrap.cfg.tcl 
Execute       gen_rtl MatrixMultiplication_Pipeline_2 -style xilinx -f -lang vhdl -o /home/hufnagelde/ultrazohm_sw/ip_cores/uz_Matrix_Multi/HLS_Project/solution1/syn/vhdl/MatrixMultiplication_MatrixMultiplication_Pipeline_2 
Execute       gen_rtl MatrixMultiplication_Pipeline_2 -style xilinx -f -lang vlog -o /home/hufnagelde/ultrazohm_sw/ip_cores/uz_Matrix_Multi/HLS_Project/solution1/syn/verilog/MatrixMultiplication_MatrixMultiplication_Pipeline_2 
Execute       syn_report -csynth -model MatrixMultiplication_Pipeline_2 -o /home/hufnagelde/ultrazohm_sw/ip_cores/uz_Matrix_Multi/HLS_Project/solution1/syn/report/MatrixMultiplication_Pipeline_2_csynth.rpt 
Execute         AP::get_flow_target_display_name
Execute       syn_report -rtlxml -model MatrixMultiplication_Pipeline_2 -o /home/hufnagelde/ultrazohm_sw/ip_cores/uz_Matrix_Multi/HLS_Project/solution1/syn/report/MatrixMultiplication_Pipeline_2_csynth.xml 
Execute       syn_report -verbosereport -model MatrixMultiplication_Pipeline_2 -o /home/hufnagelde/ultrazohm_sw/ip_cores/uz_Matrix_Multi/HLS_Project/solution1/.autopilot/db/MatrixMultiplication_Pipeline_2.verbose.rpt 
Execute         AP::get_flow_target_display_name
Execute       db_write -model MatrixMultiplication_Pipeline_2 -f -o /home/hufnagelde/ultrazohm_sw/ip_cores/uz_Matrix_Multi/HLS_Project/solution1/.autopilot/db/MatrixMultiplication_Pipeline_2.adb 
Execute       db_write -model MatrixMultiplication_Pipeline_2 -bindview -o /home/hufnagelde/ultrazohm_sw/ip_cores/uz_Matrix_Multi/HLS_Project/solution1/.autopilot/db/design.bindinfo.xml 
Execute       gen_tb_info MatrixMultiplication_Pipeline_2 -p /home/hufnagelde/ultrazohm_sw/ip_cores/uz_Matrix_Multi/HLS_Project/solution1/.autopilot/db -o /home/hufnagelde/ultrazohm_sw/ip_cores/uz_Matrix_Multi/HLS_Project/solution1/.autopilot/db/MatrixMultiplication_Pipeline_2 
INFO: [HLS 200-10] ----------------------------------------------------------------
INFO: [HLS 200-10] -- Generating RTL for module 'MatrixMultiplication_Pipeline_3' 
INFO: [HLS 200-10] ----------------------------------------------------------------
Execute       create_rtl_model MatrixMultiplication_Pipeline_3 -top_prefix MatrixMultiplication_ -sub_prefix MatrixMultiplication_ -mg_file /home/hufnagelde/ultrazohm_sw/ip_cores/uz_Matrix_Multi/HLS_Project/solution1/.autopilot/db/MatrixMultiplication_Pipeline_3.compgen.tcl 
INFO: [RTGEN 206-100] Finished creating RTL model for 'MatrixMultiplication_Pipeline_3'.
INFO: [HLS 200-111] Finished Creating RTL model: CPU user time: 0.03 seconds. CPU system time: 0.01 seconds. Elapsed time: 0.03 seconds; current allocated memory: 314.926 MB.
Execute       source /home/hufnagelde/ultrazohm_sw/ip_cores/uz_Matrix_Multi/HLS_Project/solution1/.autopilot/db/MatrixMultiplication.rtl_wrap.cfg.tcl 
Execute       gen_rtl MatrixMultiplication_Pipeline_3 -style xilinx -f -lang vhdl -o /home/hufnagelde/ultrazohm_sw/ip_cores/uz_Matrix_Multi/HLS_Project/solution1/syn/vhdl/MatrixMultiplication_MatrixMultiplication_Pipeline_3 
Execute       gen_rtl MatrixMultiplication_Pipeline_3 -style xilinx -f -lang vlog -o /home/hufnagelde/ultrazohm_sw/ip_cores/uz_Matrix_Multi/HLS_Project/solution1/syn/verilog/MatrixMultiplication_MatrixMultiplication_Pipeline_3 
Execute       syn_report -csynth -model MatrixMultiplication_Pipeline_3 -o /home/hufnagelde/ultrazohm_sw/ip_cores/uz_Matrix_Multi/HLS_Project/solution1/syn/report/MatrixMultiplication_Pipeline_3_csynth.rpt 
Execute         AP::get_flow_target_display_name
Execute       syn_report -rtlxml -model MatrixMultiplication_Pipeline_3 -o /home/hufnagelde/ultrazohm_sw/ip_cores/uz_Matrix_Multi/HLS_Project/solution1/syn/report/MatrixMultiplication_Pipeline_3_csynth.xml 
Execute       syn_report -verbosereport -model MatrixMultiplication_Pipeline_3 -o /home/hufnagelde/ultrazohm_sw/ip_cores/uz_Matrix_Multi/HLS_Project/solution1/.autopilot/db/MatrixMultiplication_Pipeline_3.verbose.rpt 
Execute         AP::get_flow_target_display_name
Execute       db_write -model MatrixMultiplication_Pipeline_3 -f -o /home/hufnagelde/ultrazohm_sw/ip_cores/uz_Matrix_Multi/HLS_Project/solution1/.autopilot/db/MatrixMultiplication_Pipeline_3.adb 
Execute       db_write -model MatrixMultiplication_Pipeline_3 -bindview -o /home/hufnagelde/ultrazohm_sw/ip_cores/uz_Matrix_Multi/HLS_Project/solution1/.autopilot/db/design.bindinfo.xml 
Execute       gen_tb_info MatrixMultiplication_Pipeline_3 -p /home/hufnagelde/ultrazohm_sw/ip_cores/uz_Matrix_Multi/HLS_Project/solution1/.autopilot/db -o /home/hufnagelde/ultrazohm_sw/ip_cores/uz_Matrix_Multi/HLS_Project/solution1/.autopilot/db/MatrixMultiplication_Pipeline_3 
INFO: [HLS 200-10] ----------------------------------------------------------------
INFO: [HLS 200-10] -- Generating RTL for module 'MatrixMultiplication_Pipeline_VITIS_LOOP_20_1' 
INFO: [HLS 200-10] ----------------------------------------------------------------
Execute       create_rtl_model MatrixMultiplication_Pipeline_VITIS_LOOP_20_1 -top_prefix MatrixMultiplication_ -sub_prefix MatrixMultiplication_ -mg_file /home/hufnagelde/ultrazohm_sw/ip_cores/uz_Matrix_Multi/HLS_Project/solution1/.autopilot/db/MatrixMultiplication_Pipeline_VITIS_LOOP_20_1.compgen.tcl 
INFO: [HLS 200-1030] Apply Unified Pipeline Control on module 'MatrixMultiplication_Pipeline_VITIS_LOOP_20_1' pipeline 'VITIS_LOOP_20_1' pipeline type 'loop pipeline'
WARNING: [RTGEN 206-101] Setting dangling out port 'MatrixMultiplication_Pipeline_VITIS_LOOP_20_1/m_axi_arrays_ARVALID' to 0.
WARNING: [RTGEN 206-101] Setting dangling out port 'MatrixMultiplication_Pipeline_VITIS_LOOP_20_1/m_axi_arrays_ARADDR' to 0.
WARNING: [RTGEN 206-101] Setting dangling out port 'MatrixMultiplication_Pipeline_VITIS_LOOP_20_1/m_axi_arrays_ARID' to 0.
WARNING: [RTGEN 206-101] Setting dangling out port 'MatrixMultiplication_Pipeline_VITIS_LOOP_20_1/m_axi_arrays_ARLEN' to 0.
WARNING: [RTGEN 206-101] Setting dangling out port 'MatrixMultiplication_Pipeline_VITIS_LOOP_20_1/m_axi_arrays_ARSIZE' to 0.
WARNING: [RTGEN 206-101] Setting dangling out port 'MatrixMultiplication_Pipeline_VITIS_LOOP_20_1/m_axi_arrays_ARBURST' to 0.
WARNING: [RTGEN 206-101] Setting dangling out port 'MatrixMultiplication_Pipeline_VITIS_LOOP_20_1/m_axi_arrays_ARLOCK' to 0.
WARNING: [RTGEN 206-101] Setting dangling out port 'MatrixMultiplication_Pipeline_VITIS_LOOP_20_1/m_axi_arrays_ARCACHE' to 0.
WARNING: [RTGEN 206-101] Setting dangling out port 'MatrixMultiplication_Pipeline_VITIS_LOOP_20_1/m_axi_arrays_ARPROT' to 0.
WARNING: [RTGEN 206-101] Setting dangling out port 'MatrixMultiplication_Pipeline_VITIS_LOOP_20_1/m_axi_arrays_ARQOS' to 0.
WARNING: [RTGEN 206-101] Setting dangling out port 'MatrixMultiplication_Pipeline_VITIS_LOOP_20_1/m_axi_arrays_ARREGION' to 0.
WARNING: [RTGEN 206-101] Setting dangling out port 'MatrixMultiplication_Pipeline_VITIS_LOOP_20_1/m_axi_arrays_ARUSER' to 0.
INFO: [RTGEN 206-100] Finished creating RTL model for 'MatrixMultiplication_Pipeline_VITIS_LOOP_20_1'.
INFO: [HLS 200-111] Finished Creating RTL model: CPU user time: 0.04 seconds. CPU system time: 0 seconds. Elapsed time: 0.06 seconds; current allocated memory: 315.809 MB.
Execute       source /home/hufnagelde/ultrazohm_sw/ip_cores/uz_Matrix_Multi/HLS_Project/solution1/.autopilot/db/MatrixMultiplication.rtl_wrap.cfg.tcl 
Execute       gen_rtl MatrixMultiplication_Pipeline_VITIS_LOOP_20_1 -style xilinx -f -lang vhdl -o /home/hufnagelde/ultrazohm_sw/ip_cores/uz_Matrix_Multi/HLS_Project/solution1/syn/vhdl/MatrixMultiplication_MatrixMultiplication_Pipeline_VITIS_LOOP_20_1 
Execute       gen_rtl MatrixMultiplication_Pipeline_VITIS_LOOP_20_1 -style xilinx -f -lang vlog -o /home/hufnagelde/ultrazohm_sw/ip_cores/uz_Matrix_Multi/HLS_Project/solution1/syn/verilog/MatrixMultiplication_MatrixMultiplication_Pipeline_VITIS_LOOP_20_1 
Execute       syn_report -csynth -model MatrixMultiplication_Pipeline_VITIS_LOOP_20_1 -o /home/hufnagelde/ultrazohm_sw/ip_cores/uz_Matrix_Multi/HLS_Project/solution1/syn/report/MatrixMultiplication_Pipeline_VITIS_LOOP_20_1_csynth.rpt 
Execute         AP::get_flow_target_display_name
Execute       syn_report -rtlxml -model MatrixMultiplication_Pipeline_VITIS_LOOP_20_1 -o /home/hufnagelde/ultrazohm_sw/ip_cores/uz_Matrix_Multi/HLS_Project/solution1/syn/report/MatrixMultiplication_Pipeline_VITIS_LOOP_20_1_csynth.xml 
Execute       syn_report -verbosereport -model MatrixMultiplication_Pipeline_VITIS_LOOP_20_1 -o /home/hufnagelde/ultrazohm_sw/ip_cores/uz_Matrix_Multi/HLS_Project/solution1/.autopilot/db/MatrixMultiplication_Pipeline_VITIS_LOOP_20_1.verbose.rpt 
Execute         AP::get_flow_target_display_name
Execute       db_write -model MatrixMultiplication_Pipeline_VITIS_LOOP_20_1 -f -o /home/hufnagelde/ultrazohm_sw/ip_cores/uz_Matrix_Multi/HLS_Project/solution1/.autopilot/db/MatrixMultiplication_Pipeline_VITIS_LOOP_20_1.adb 
Execute       db_write -model MatrixMultiplication_Pipeline_VITIS_LOOP_20_1 -bindview -o /home/hufnagelde/ultrazohm_sw/ip_cores/uz_Matrix_Multi/HLS_Project/solution1/.autopilot/db/design.bindinfo.xml 
Execute       gen_tb_info MatrixMultiplication_Pipeline_VITIS_LOOP_20_1 -p /home/hufnagelde/ultrazohm_sw/ip_cores/uz_Matrix_Multi/HLS_Project/solution1/.autopilot/db -o /home/hufnagelde/ultrazohm_sw/ip_cores/uz_Matrix_Multi/HLS_Project/solution1/.autopilot/db/MatrixMultiplication_Pipeline_VITIS_LOOP_20_1 
INFO: [HLS 200-10] ----------------------------------------------------------------
INFO: [HLS 200-10] -- Generating RTL for module 'MatrixMultiplication_Pipeline_VITIS_LOOP_24_2' 
INFO: [HLS 200-10] ----------------------------------------------------------------
Execute       create_rtl_model MatrixMultiplication_Pipeline_VITIS_LOOP_24_2 -top_prefix MatrixMultiplication_ -sub_prefix MatrixMultiplication_ -mg_file /home/hufnagelde/ultrazohm_sw/ip_cores/uz_Matrix_Multi/HLS_Project/solution1/.autopilot/db/MatrixMultiplication_Pipeline_VITIS_LOOP_24_2.compgen.tcl 
INFO: [HLS 200-1030] Apply Unified Pipeline Control on module 'MatrixMultiplication_Pipeline_VITIS_LOOP_24_2' pipeline 'VITIS_LOOP_24_2' pipeline type 'loop pipeline'
WARNING: [RTGEN 206-101] Setting dangling out port 'MatrixMultiplication_Pipeline_VITIS_LOOP_24_2/m_axi_arrays_ARVALID' to 0.
WARNING: [RTGEN 206-101] Setting dangling out port 'MatrixMultiplication_Pipeline_VITIS_LOOP_24_2/m_axi_arrays_ARADDR' to 0.
WARNING: [RTGEN 206-101] Setting dangling out port 'MatrixMultiplication_Pipeline_VITIS_LOOP_24_2/m_axi_arrays_ARID' to 0.
WARNING: [RTGEN 206-101] Setting dangling out port 'MatrixMultiplication_Pipeline_VITIS_LOOP_24_2/m_axi_arrays_ARLEN' to 0.
WARNING: [RTGEN 206-101] Setting dangling out port 'MatrixMultiplication_Pipeline_VITIS_LOOP_24_2/m_axi_arrays_ARSIZE' to 0.
WARNING: [RTGEN 206-101] Setting dangling out port 'MatrixMultiplication_Pipeline_VITIS_LOOP_24_2/m_axi_arrays_ARBURST' to 0.
WARNING: [RTGEN 206-101] Setting dangling out port 'MatrixMultiplication_Pipeline_VITIS_LOOP_24_2/m_axi_arrays_ARLOCK' to 0.
WARNING: [RTGEN 206-101] Setting dangling out port 'MatrixMultiplication_Pipeline_VITIS_LOOP_24_2/m_axi_arrays_ARCACHE' to 0.
WARNING: [RTGEN 206-101] Setting dangling out port 'MatrixMultiplication_Pipeline_VITIS_LOOP_24_2/m_axi_arrays_ARPROT' to 0.
WARNING: [RTGEN 206-101] Setting dangling out port 'MatrixMultiplication_Pipeline_VITIS_LOOP_24_2/m_axi_arrays_ARQOS' to 0.
WARNING: [RTGEN 206-101] Setting dangling out port 'MatrixMultiplication_Pipeline_VITIS_LOOP_24_2/m_axi_arrays_ARREGION' to 0.
WARNING: [RTGEN 206-101] Setting dangling out port 'MatrixMultiplication_Pipeline_VITIS_LOOP_24_2/m_axi_arrays_ARUSER' to 0.
INFO: [RTGEN 206-100] Finished creating RTL model for 'MatrixMultiplication_Pipeline_VITIS_LOOP_24_2'.
INFO: [HLS 200-111] Finished Creating RTL model: CPU user time: 0.09 seconds. CPU system time: 0 seconds. Elapsed time: 0.1 seconds; current allocated memory: 316.805 MB.
Execute       source /home/hufnagelde/ultrazohm_sw/ip_cores/uz_Matrix_Multi/HLS_Project/solution1/.autopilot/db/MatrixMultiplication.rtl_wrap.cfg.tcl 
Execute       gen_rtl MatrixMultiplication_Pipeline_VITIS_LOOP_24_2 -style xilinx -f -lang vhdl -o /home/hufnagelde/ultrazohm_sw/ip_cores/uz_Matrix_Multi/HLS_Project/solution1/syn/vhdl/MatrixMultiplication_MatrixMultiplication_Pipeline_VITIS_LOOP_24_2 
Execute       gen_rtl MatrixMultiplication_Pipeline_VITIS_LOOP_24_2 -style xilinx -f -lang vlog -o /home/hufnagelde/ultrazohm_sw/ip_cores/uz_Matrix_Multi/HLS_Project/solution1/syn/verilog/MatrixMultiplication_MatrixMultiplication_Pipeline_VITIS_LOOP_24_2 
Execute       syn_report -csynth -model MatrixMultiplication_Pipeline_VITIS_LOOP_24_2 -o /home/hufnagelde/ultrazohm_sw/ip_cores/uz_Matrix_Multi/HLS_Project/solution1/syn/report/MatrixMultiplication_Pipeline_VITIS_LOOP_24_2_csynth.rpt 
Execute         AP::get_flow_target_display_name
Execute       syn_report -rtlxml -model MatrixMultiplication_Pipeline_VITIS_LOOP_24_2 -o /home/hufnagelde/ultrazohm_sw/ip_cores/uz_Matrix_Multi/HLS_Project/solution1/syn/report/MatrixMultiplication_Pipeline_VITIS_LOOP_24_2_csynth.xml 
Execute       syn_report -verbosereport -model MatrixMultiplication_Pipeline_VITIS_LOOP_24_2 -o /home/hufnagelde/ultrazohm_sw/ip_cores/uz_Matrix_Multi/HLS_Project/solution1/.autopilot/db/MatrixMultiplication_Pipeline_VITIS_LOOP_24_2.verbose.rpt 
Execute         AP::get_flow_target_display_name
Execute       db_write -model MatrixMultiplication_Pipeline_VITIS_LOOP_24_2 -f -o /home/hufnagelde/ultrazohm_sw/ip_cores/uz_Matrix_Multi/HLS_Project/solution1/.autopilot/db/MatrixMultiplication_Pipeline_VITIS_LOOP_24_2.adb 
Execute       db_write -model MatrixMultiplication_Pipeline_VITIS_LOOP_24_2 -bindview -o /home/hufnagelde/ultrazohm_sw/ip_cores/uz_Matrix_Multi/HLS_Project/solution1/.autopilot/db/design.bindinfo.xml 
Execute       gen_tb_info MatrixMultiplication_Pipeline_VITIS_LOOP_24_2 -p /home/hufnagelde/ultrazohm_sw/ip_cores/uz_Matrix_Multi/HLS_Project/solution1/.autopilot/db -o /home/hufnagelde/ultrazohm_sw/ip_cores/uz_Matrix_Multi/HLS_Project/solution1/.autopilot/db/MatrixMultiplication_Pipeline_VITIS_LOOP_24_2 
INFO: [HLS 200-10] ----------------------------------------------------------------
INFO: [HLS 200-10] -- Generating RTL for module 'MatrixMultiplication_Pipeline_6' 
INFO: [HLS 200-10] ----------------------------------------------------------------
Execute       create_rtl_model MatrixMultiplication_Pipeline_6 -top_prefix MatrixMultiplication_ -sub_prefix MatrixMultiplication_ -mg_file /home/hufnagelde/ultrazohm_sw/ip_cores/uz_Matrix_Multi/HLS_Project/solution1/.autopilot/db/MatrixMultiplication_Pipeline_6.compgen.tcl 
INFO: [RTGEN 206-100] Finished creating RTL model for 'MatrixMultiplication_Pipeline_6'.
INFO: [HLS 200-111] Finished Creating RTL model: CPU user time: 0.08 seconds. CPU system time: 0 seconds. Elapsed time: 0.09 seconds; current allocated memory: 317.598 MB.
Execute       source /home/hufnagelde/ultrazohm_sw/ip_cores/uz_Matrix_Multi/HLS_Project/solution1/.autopilot/db/MatrixMultiplication.rtl_wrap.cfg.tcl 
Execute       gen_rtl MatrixMultiplication_Pipeline_6 -style xilinx -f -lang vhdl -o /home/hufnagelde/ultrazohm_sw/ip_cores/uz_Matrix_Multi/HLS_Project/solution1/syn/vhdl/MatrixMultiplication_MatrixMultiplication_Pipeline_6 
Execute       gen_rtl MatrixMultiplication_Pipeline_6 -style xilinx -f -lang vlog -o /home/hufnagelde/ultrazohm_sw/ip_cores/uz_Matrix_Multi/HLS_Project/solution1/syn/verilog/MatrixMultiplication_MatrixMultiplication_Pipeline_6 
Execute       syn_report -csynth -model MatrixMultiplication_Pipeline_6 -o /home/hufnagelde/ultrazohm_sw/ip_cores/uz_Matrix_Multi/HLS_Project/solution1/syn/report/MatrixMultiplication_Pipeline_6_csynth.rpt 
Execute         AP::get_flow_target_display_name
Execute       syn_report -rtlxml -model MatrixMultiplication_Pipeline_6 -o /home/hufnagelde/ultrazohm_sw/ip_cores/uz_Matrix_Multi/HLS_Project/solution1/syn/report/MatrixMultiplication_Pipeline_6_csynth.xml 
Execute       syn_report -verbosereport -model MatrixMultiplication_Pipeline_6 -o /home/hufnagelde/ultrazohm_sw/ip_cores/uz_Matrix_Multi/HLS_Project/solution1/.autopilot/db/MatrixMultiplication_Pipeline_6.verbose.rpt 
Execute         AP::get_flow_target_display_name
Execute       db_write -model MatrixMultiplication_Pipeline_6 -f -o /home/hufnagelde/ultrazohm_sw/ip_cores/uz_Matrix_Multi/HLS_Project/solution1/.autopilot/db/MatrixMultiplication_Pipeline_6.adb 
Execute       db_write -model MatrixMultiplication_Pipeline_6 -bindview -o /home/hufnagelde/ultrazohm_sw/ip_cores/uz_Matrix_Multi/HLS_Project/solution1/.autopilot/db/design.bindinfo.xml 
Execute       gen_tb_info MatrixMultiplication_Pipeline_6 -p /home/hufnagelde/ultrazohm_sw/ip_cores/uz_Matrix_Multi/HLS_Project/solution1/.autopilot/db -o /home/hufnagelde/ultrazohm_sw/ip_cores/uz_Matrix_Multi/HLS_Project/solution1/.autopilot/db/MatrixMultiplication_Pipeline_6 
INFO: [HLS 200-10] ----------------------------------------------------------------
INFO: [HLS 200-10] -- Generating RTL for module 'MatrixMultiplication_Pipeline_VITIS_LOOP_31_5' 
INFO: [HLS 200-10] ----------------------------------------------------------------
Execute       create_rtl_model MatrixMultiplication_Pipeline_VITIS_LOOP_31_5 -top_prefix MatrixMultiplication_ -sub_prefix MatrixMultiplication_ -mg_file /home/hufnagelde/ultrazohm_sw/ip_cores/uz_Matrix_Multi/HLS_Project/solution1/.autopilot/db/MatrixMultiplication_Pipeline_VITIS_LOOP_31_5.compgen.tcl 
INFO: [HLS 200-1030] Apply Unified Pipeline Control on module 'MatrixMultiplication_Pipeline_VITIS_LOOP_31_5' pipeline 'VITIS_LOOP_31_5' pipeline type 'loop pipeline'
INFO: [RTGEN 206-100] Generating core module 'fmul_32ns_32ns_32_4_max_dsp_1': 1 instance(s).
INFO: [RTGEN 206-100] Finished creating RTL model for 'MatrixMultiplication_Pipeline_VITIS_LOOP_31_5'.
INFO: [HLS 200-111] Finished Creating RTL model: CPU user time: 0.06 seconds. CPU system time: 0.01 seconds. Elapsed time: 0.07 seconds; current allocated memory: 318.422 MB.
Execute       source /home/hufnagelde/ultrazohm_sw/ip_cores/uz_Matrix_Multi/HLS_Project/solution1/.autopilot/db/MatrixMultiplication.rtl_wrap.cfg.tcl 
Execute       gen_rtl MatrixMultiplication_Pipeline_VITIS_LOOP_31_5 -style xilinx -f -lang vhdl -o /home/hufnagelde/ultrazohm_sw/ip_cores/uz_Matrix_Multi/HLS_Project/solution1/syn/vhdl/MatrixMultiplication_MatrixMultiplication_Pipeline_VITIS_LOOP_31_5 
Execute       gen_rtl MatrixMultiplication_Pipeline_VITIS_LOOP_31_5 -style xilinx -f -lang vlog -o /home/hufnagelde/ultrazohm_sw/ip_cores/uz_Matrix_Multi/HLS_Project/solution1/syn/verilog/MatrixMultiplication_MatrixMultiplication_Pipeline_VITIS_LOOP_31_5 
Execute       syn_report -csynth -model MatrixMultiplication_Pipeline_VITIS_LOOP_31_5 -o /home/hufnagelde/ultrazohm_sw/ip_cores/uz_Matrix_Multi/HLS_Project/solution1/syn/report/MatrixMultiplication_Pipeline_VITIS_LOOP_31_5_csynth.rpt 
Execute         AP::get_flow_target_display_name
Execute       syn_report -rtlxml -model MatrixMultiplication_Pipeline_VITIS_LOOP_31_5 -o /home/hufnagelde/ultrazohm_sw/ip_cores/uz_Matrix_Multi/HLS_Project/solution1/syn/report/MatrixMultiplication_Pipeline_VITIS_LOOP_31_5_csynth.xml 
Execute       syn_report -verbosereport -model MatrixMultiplication_Pipeline_VITIS_LOOP_31_5 -o /home/hufnagelde/ultrazohm_sw/ip_cores/uz_Matrix_Multi/HLS_Project/solution1/.autopilot/db/MatrixMultiplication_Pipeline_VITIS_LOOP_31_5.verbose.rpt 
Execute         AP::get_flow_target_display_name
Execute       db_write -model MatrixMultiplication_Pipeline_VITIS_LOOP_31_5 -f -o /home/hufnagelde/ultrazohm_sw/ip_cores/uz_Matrix_Multi/HLS_Project/solution1/.autopilot/db/MatrixMultiplication_Pipeline_VITIS_LOOP_31_5.adb 
Execute       db_write -model MatrixMultiplication_Pipeline_VITIS_LOOP_31_5 -bindview -o /home/hufnagelde/ultrazohm_sw/ip_cores/uz_Matrix_Multi/HLS_Project/solution1/.autopilot/db/design.bindinfo.xml 
Execute       gen_tb_info MatrixMultiplication_Pipeline_VITIS_LOOP_31_5 -p /home/hufnagelde/ultrazohm_sw/ip_cores/uz_Matrix_Multi/HLS_Project/solution1/.autopilot/db -o /home/hufnagelde/ultrazohm_sw/ip_cores/uz_Matrix_Multi/HLS_Project/solution1/.autopilot/db/MatrixMultiplication_Pipeline_VITIS_LOOP_31_5 
INFO: [HLS 200-10] ----------------------------------------------------------------
INFO: [HLS 200-10] -- Generating RTL for module 'MatrixMultiplication_Pipeline_VITIS_LOOP_34_6' 
INFO: [HLS 200-10] ----------------------------------------------------------------
Execute       create_rtl_model MatrixMultiplication_Pipeline_VITIS_LOOP_34_6 -top_prefix MatrixMultiplication_ -sub_prefix MatrixMultiplication_ -mg_file /home/hufnagelde/ultrazohm_sw/ip_cores/uz_Matrix_Multi/HLS_Project/solution1/.autopilot/db/MatrixMultiplication_Pipeline_VITIS_LOOP_34_6.compgen.tcl 
INFO: [HLS 200-1030] Apply Unified Pipeline Control on module 'MatrixMultiplication_Pipeline_VITIS_LOOP_34_6' pipeline 'VITIS_LOOP_34_6' pipeline type 'loop pipeline'
INFO: [RTGEN 206-100] Generating core module 'fadd_32ns_32ns_32_5_full_dsp_1': 1 instance(s).
INFO: [RTGEN 206-100] Finished creating RTL model for 'MatrixMultiplication_Pipeline_VITIS_LOOP_34_6'.
INFO: [HLS 200-111] Finished Creating RTL model: CPU user time: 0.13 seconds. CPU system time: 0 seconds. Elapsed time: 0.14 seconds; current allocated memory: 319.555 MB.
Execute       source /home/hufnagelde/ultrazohm_sw/ip_cores/uz_Matrix_Multi/HLS_Project/solution1/.autopilot/db/MatrixMultiplication.rtl_wrap.cfg.tcl 
Execute       gen_rtl MatrixMultiplication_Pipeline_VITIS_LOOP_34_6 -style xilinx -f -lang vhdl -o /home/hufnagelde/ultrazohm_sw/ip_cores/uz_Matrix_Multi/HLS_Project/solution1/syn/vhdl/MatrixMultiplication_MatrixMultiplication_Pipeline_VITIS_LOOP_34_6 
Execute       gen_rtl MatrixMultiplication_Pipeline_VITIS_LOOP_34_6 -style xilinx -f -lang vlog -o /home/hufnagelde/ultrazohm_sw/ip_cores/uz_Matrix_Multi/HLS_Project/solution1/syn/verilog/MatrixMultiplication_MatrixMultiplication_Pipeline_VITIS_LOOP_34_6 
Execute       syn_report -csynth -model MatrixMultiplication_Pipeline_VITIS_LOOP_34_6 -o /home/hufnagelde/ultrazohm_sw/ip_cores/uz_Matrix_Multi/HLS_Project/solution1/syn/report/MatrixMultiplication_Pipeline_VITIS_LOOP_34_6_csynth.rpt 
Execute         AP::get_flow_target_display_name
Execute       syn_report -rtlxml -model MatrixMultiplication_Pipeline_VITIS_LOOP_34_6 -o /home/hufnagelde/ultrazohm_sw/ip_cores/uz_Matrix_Multi/HLS_Project/solution1/syn/report/MatrixMultiplication_Pipeline_VITIS_LOOP_34_6_csynth.xml 
Execute       syn_report -verbosereport -model MatrixMultiplication_Pipeline_VITIS_LOOP_34_6 -o /home/hufnagelde/ultrazohm_sw/ip_cores/uz_Matrix_Multi/HLS_Project/solution1/.autopilot/db/MatrixMultiplication_Pipeline_VITIS_LOOP_34_6.verbose.rpt 
Execute         AP::get_flow_target_display_name
Execute       db_write -model MatrixMultiplication_Pipeline_VITIS_LOOP_34_6 -f -o /home/hufnagelde/ultrazohm_sw/ip_cores/uz_Matrix_Multi/HLS_Project/solution1/.autopilot/db/MatrixMultiplication_Pipeline_VITIS_LOOP_34_6.adb 
Execute       db_write -model MatrixMultiplication_Pipeline_VITIS_LOOP_34_6 -bindview -o /home/hufnagelde/ultrazohm_sw/ip_cores/uz_Matrix_Multi/HLS_Project/solution1/.autopilot/db/design.bindinfo.xml 
Execute       gen_tb_info MatrixMultiplication_Pipeline_VITIS_LOOP_34_6 -p /home/hufnagelde/ultrazohm_sw/ip_cores/uz_Matrix_Multi/HLS_Project/solution1/.autopilot/db -o /home/hufnagelde/ultrazohm_sw/ip_cores/uz_Matrix_Multi/HLS_Project/solution1/.autopilot/db/MatrixMultiplication_Pipeline_VITIS_LOOP_34_6 
INFO: [HLS 200-10] ----------------------------------------------------------------
INFO: [HLS 200-10] -- Generating RTL for module 'MatrixMultiplication_Pipeline_VITIS_LOOP_41_7' 
INFO: [HLS 200-10] ----------------------------------------------------------------
Execute       create_rtl_model MatrixMultiplication_Pipeline_VITIS_LOOP_41_7 -top_prefix MatrixMultiplication_ -sub_prefix MatrixMultiplication_ -mg_file /home/hufnagelde/ultrazohm_sw/ip_cores/uz_Matrix_Multi/HLS_Project/solution1/.autopilot/db/MatrixMultiplication_Pipeline_VITIS_LOOP_41_7.compgen.tcl 
INFO: [HLS 200-1030] Apply Unified Pipeline Control on module 'MatrixMultiplication_Pipeline_VITIS_LOOP_41_7' pipeline 'VITIS_LOOP_41_7' pipeline type 'loop pipeline'
WARNING: [RTGEN 206-101] Setting dangling out port 'MatrixMultiplication_Pipeline_VITIS_LOOP_41_7/m_axi_arrays_AWVALID' to 0.
WARNING: [RTGEN 206-101] Setting dangling out port 'MatrixMultiplication_Pipeline_VITIS_LOOP_41_7/m_axi_arrays_AWADDR' to 0.
WARNING: [RTGEN 206-101] Setting dangling out port 'MatrixMultiplication_Pipeline_VITIS_LOOP_41_7/m_axi_arrays_AWID' to 0.
WARNING: [RTGEN 206-101] Setting dangling out port 'MatrixMultiplication_Pipeline_VITIS_LOOP_41_7/m_axi_arrays_AWLEN' to 0.
WARNING: [RTGEN 206-101] Setting dangling out port 'MatrixMultiplication_Pipeline_VITIS_LOOP_41_7/m_axi_arrays_AWSIZE' to 0.
WARNING: [RTGEN 206-101] Setting dangling out port 'MatrixMultiplication_Pipeline_VITIS_LOOP_41_7/m_axi_arrays_AWBURST' to 0.
WARNING: [RTGEN 206-101] Setting dangling out port 'MatrixMultiplication_Pipeline_VITIS_LOOP_41_7/m_axi_arrays_AWLOCK' to 0.
WARNING: [RTGEN 206-101] Setting dangling out port 'MatrixMultiplication_Pipeline_VITIS_LOOP_41_7/m_axi_arrays_AWCACHE' to 0.
WARNING: [RTGEN 206-101] Setting dangling out port 'MatrixMultiplication_Pipeline_VITIS_LOOP_41_7/m_axi_arrays_AWPROT' to 0.
WARNING: [RTGEN 206-101] Setting dangling out port 'MatrixMultiplication_Pipeline_VITIS_LOOP_41_7/m_axi_arrays_AWQOS' to 0.
WARNING: [RTGEN 206-101] Setting dangling out port 'MatrixMultiplication_Pipeline_VITIS_LOOP_41_7/m_axi_arrays_AWREGION' to 0.
WARNING: [RTGEN 206-101] Setting dangling out port 'MatrixMultiplication_Pipeline_VITIS_LOOP_41_7/m_axi_arrays_AWUSER' to 0.
WARNING: [RTGEN 206-101] Setting dangling out port 'MatrixMultiplication_Pipeline_VITIS_LOOP_41_7/m_axi_arrays_BREADY' to 0.
INFO: [RTGEN 206-100] Finished creating RTL model for 'MatrixMultiplication_Pipeline_VITIS_LOOP_41_7'.
INFO: [HLS 200-111] Finished Creating RTL model: CPU user time: 0.12 seconds. CPU system time: 0.02 seconds. Elapsed time: 0.14 seconds; current allocated memory: 320.578 MB.
Execute       source /home/hufnagelde/ultrazohm_sw/ip_cores/uz_Matrix_Multi/HLS_Project/solution1/.autopilot/db/MatrixMultiplication.rtl_wrap.cfg.tcl 
Execute       gen_rtl MatrixMultiplication_Pipeline_VITIS_LOOP_41_7 -style xilinx -f -lang vhdl -o /home/hufnagelde/ultrazohm_sw/ip_cores/uz_Matrix_Multi/HLS_Project/solution1/syn/vhdl/MatrixMultiplication_MatrixMultiplication_Pipeline_VITIS_LOOP_41_7 
Execute       gen_rtl MatrixMultiplication_Pipeline_VITIS_LOOP_41_7 -style xilinx -f -lang vlog -o /home/hufnagelde/ultrazohm_sw/ip_cores/uz_Matrix_Multi/HLS_Project/solution1/syn/verilog/MatrixMultiplication_MatrixMultiplication_Pipeline_VITIS_LOOP_41_7 
Execute       syn_report -csynth -model MatrixMultiplication_Pipeline_VITIS_LOOP_41_7 -o /home/hufnagelde/ultrazohm_sw/ip_cores/uz_Matrix_Multi/HLS_Project/solution1/syn/report/MatrixMultiplication_Pipeline_VITIS_LOOP_41_7_csynth.rpt 
Execute         AP::get_flow_target_display_name
Execute       syn_report -rtlxml -model MatrixMultiplication_Pipeline_VITIS_LOOP_41_7 -o /home/hufnagelde/ultrazohm_sw/ip_cores/uz_Matrix_Multi/HLS_Project/solution1/syn/report/MatrixMultiplication_Pipeline_VITIS_LOOP_41_7_csynth.xml 
Execute       syn_report -verbosereport -model MatrixMultiplication_Pipeline_VITIS_LOOP_41_7 -o /home/hufnagelde/ultrazohm_sw/ip_cores/uz_Matrix_Multi/HLS_Project/solution1/.autopilot/db/MatrixMultiplication_Pipeline_VITIS_LOOP_41_7.verbose.rpt 
Execute         AP::get_flow_target_display_name
Execute       db_write -model MatrixMultiplication_Pipeline_VITIS_LOOP_41_7 -f -o /home/hufnagelde/ultrazohm_sw/ip_cores/uz_Matrix_Multi/HLS_Project/solution1/.autopilot/db/MatrixMultiplication_Pipeline_VITIS_LOOP_41_7.adb 
Execute       db_write -model MatrixMultiplication_Pipeline_VITIS_LOOP_41_7 -bindview -o /home/hufnagelde/ultrazohm_sw/ip_cores/uz_Matrix_Multi/HLS_Project/solution1/.autopilot/db/design.bindinfo.xml 
Execute       gen_tb_info MatrixMultiplication_Pipeline_VITIS_LOOP_41_7 -p /home/hufnagelde/ultrazohm_sw/ip_cores/uz_Matrix_Multi/HLS_Project/solution1/.autopilot/db -o /home/hufnagelde/ultrazohm_sw/ip_cores/uz_Matrix_Multi/HLS_Project/solution1/.autopilot/db/MatrixMultiplication_Pipeline_VITIS_LOOP_41_7 
INFO: [HLS 200-10] ----------------------------------------------------------------
INFO: [HLS 200-10] -- Generating RTL for module 'MatrixMultiplication' 
INFO: [HLS 200-10] ----------------------------------------------------------------
Execute       create_rtl_model MatrixMultiplication -top_prefix  -sub_prefix MatrixMultiplication_ -mg_file /home/hufnagelde/ultrazohm_sw/ip_cores/uz_Matrix_Multi/HLS_Project/solution1/.autopilot/db/MatrixMultiplication.compgen.tcl 
WARNING: [RTGEN 206-101] Design contains AXI ports. Reset is fixed to synchronous and active low.
INFO: [RTGEN 206-500] Setting interface mode on port 'MatrixMultiplication/arrays' to 'm_axi'.
INFO: [RTGEN 206-500] Setting interface mode on port 'MatrixMultiplication/A_input' to 's_axilite & ap_none'.
INFO: [RTGEN 206-500] Setting interface mode on port 'MatrixMultiplication/B_input' to 's_axilite & ap_none'.
INFO: [RTGEN 206-500] Setting interface mode on port 'MatrixMultiplication/C_output' to 's_axilite & ap_none'.
INFO: [RTGEN 206-500] Setting interface mode on port 'MatrixMultiplication/A_rows' to 's_axilite & ap_none'.
INFO: [RTGEN 206-500] Setting interface mode on port 'MatrixMultiplication/B_rows' to 's_axilite & ap_none'.
INFO: [RTGEN 206-500] Setting interface mode on port 'MatrixMultiplication/B_columns' to 's_axilite & ap_none'.
INFO: [RTGEN 206-500] Setting interface mode on function 'MatrixMultiplication' to 's_axilite & ap_ctrl_chain'.
INFO: [RTGEN 206-100] Bundling port 'A_input', 'B_input', 'C_output', 'A_rows', 'B_rows', 'B_columns' and 'return' to AXI-Lite port control.
INFO: [RTGEN 206-100] Generating core module 'mul_3s_3s_3_1_1': 2 instance(s).
INFO: [RTGEN 206-100] Finished creating RTL model for 'MatrixMultiplication'.
INFO: [RTMG 210-278] Implementing memory 'MatrixMultiplication_A_RAM_AUTO_1R1W' using auto RAMs.
INFO: [RTMG 210-278] Implementing memory 'MatrixMultiplication_B_RAM_AUTO_1R1W' using auto RAMs.
INFO: [HLS 200-111] Finished Creating RTL model: CPU user time: 0.15 seconds. CPU system time: 0.01 seconds. Elapsed time: 0.16 seconds; current allocated memory: 325.348 MB.
Execute       source /home/hufnagelde/ultrazohm_sw/ip_cores/uz_Matrix_Multi/HLS_Project/solution1/.autopilot/db/MatrixMultiplication.rtl_wrap.cfg.tcl 
Execute       gen_rtl MatrixMultiplication -istop -style xilinx -f -lang vhdl -o /home/hufnagelde/ultrazohm_sw/ip_cores/uz_Matrix_Multi/HLS_Project/solution1/syn/vhdl/MatrixMultiplication 
Execute       gen_rtl MatrixMultiplication -istop -style xilinx -f -lang vlog -o /home/hufnagelde/ultrazohm_sw/ip_cores/uz_Matrix_Multi/HLS_Project/solution1/syn/verilog/MatrixMultiplication 
Execute       syn_report -csynth -model MatrixMultiplication -o /home/hufnagelde/ultrazohm_sw/ip_cores/uz_Matrix_Multi/HLS_Project/solution1/syn/report/MatrixMultiplication_csynth.rpt 
Execute         AP::get_flow_target_display_name
Execute       syn_report -rtlxml -model MatrixMultiplication -o /home/hufnagelde/ultrazohm_sw/ip_cores/uz_Matrix_Multi/HLS_Project/solution1/syn/report/MatrixMultiplication_csynth.xml 
Execute       syn_report -verbosereport -model MatrixMultiplication -o /home/hufnagelde/ultrazohm_sw/ip_cores/uz_Matrix_Multi/HLS_Project/solution1/.autopilot/db/MatrixMultiplication.verbose.rpt 
Execute         AP::get_flow_target_display_name
Command       syn_report done; 0.15 sec.
Execute       db_write -model MatrixMultiplication -f -o /home/hufnagelde/ultrazohm_sw/ip_cores/uz_Matrix_Multi/HLS_Project/solution1/.autopilot/db/MatrixMultiplication.adb 
Execute       db_write -model MatrixMultiplication -bindview -o /home/hufnagelde/ultrazohm_sw/ip_cores/uz_Matrix_Multi/HLS_Project/solution1/.autopilot/db/design.bindinfo.xml 
Execute       gen_tb_info MatrixMultiplication -p /home/hufnagelde/ultrazohm_sw/ip_cores/uz_Matrix_Multi/HLS_Project/solution1/.autopilot/db -o /home/hufnagelde/ultrazohm_sw/ip_cores/uz_Matrix_Multi/HLS_Project/solution1/.autopilot/db/MatrixMultiplication 
Execute       export_constraint_db -f -tool general -o /home/hufnagelde/ultrazohm_sw/ip_cores/uz_Matrix_Multi/HLS_Project/solution1/.autopilot/db/MatrixMultiplication.constraint.tcl 
Execute       syn_report -designview -model MatrixMultiplication -o /home/hufnagelde/ultrazohm_sw/ip_cores/uz_Matrix_Multi/HLS_Project/solution1/.autopilot/db/MatrixMultiplication.design.xml 
Execute       syn_report -csynthDesign -model MatrixMultiplication -o /home/hufnagelde/ultrazohm_sw/ip_cores/uz_Matrix_Multi/HLS_Project/solution1/syn/report/csynth.rpt 
Execute         AP::get_flow_target_display_name
Execute       syn_report -wcfg -model MatrixMultiplication -o /home/hufnagelde/ultrazohm_sw/ip_cores/uz_Matrix_Multi/HLS_Project/solution1/.autopilot/db/MatrixMultiplication_dataflow_ana.wcfg 
Execute       syn_report -protoinst -model MatrixMultiplication -o /home/hufnagelde/ultrazohm_sw/ip_cores/uz_Matrix_Multi/HLS_Project/solution1/.autopilot/db/MatrixMultiplication.protoinst 
Execute       sc_get_clocks MatrixMultiplication 
Execute       sc_get_portdomain MatrixMultiplication 
INFO-FLOW: Model list for RTL component generation: MatrixMultiplication_Pipeline_1 MatrixMultiplication_Pipeline_2 MatrixMultiplication_Pipeline_3 MatrixMultiplication_Pipeline_VITIS_LOOP_20_1 MatrixMultiplication_Pipeline_VITIS_LOOP_24_2 MatrixMultiplication_Pipeline_6 MatrixMultiplication_Pipeline_VITIS_LOOP_31_5 MatrixMultiplication_Pipeline_VITIS_LOOP_34_6 MatrixMultiplication_Pipeline_VITIS_LOOP_41_7 MatrixMultiplication
INFO-FLOW: Handling components in module [MatrixMultiplication_Pipeline_1] ... 
Execute       source /home/hufnagelde/ultrazohm_sw/ip_cores/uz_Matrix_Multi/HLS_Project/solution1/.autopilot/db/MatrixMultiplication_Pipeline_1.compgen.tcl 
INFO-FLOW: Found component MatrixMultiplication_flow_control_loop_pipe_sequential_init.
INFO-FLOW: Append model MatrixMultiplication_flow_control_loop_pipe_sequential_init
INFO-FLOW: Handling components in module [MatrixMultiplication_Pipeline_2] ... 
Execute       source /home/hufnagelde/ultrazohm_sw/ip_cores/uz_Matrix_Multi/HLS_Project/solution1/.autopilot/db/MatrixMultiplication_Pipeline_2.compgen.tcl 
INFO-FLOW: Found component MatrixMultiplication_flow_control_loop_pipe_sequential_init.
INFO-FLOW: Append model MatrixMultiplication_flow_control_loop_pipe_sequential_init
INFO-FLOW: Handling components in module [MatrixMultiplication_Pipeline_3] ... 
Execute       source /home/hufnagelde/ultrazohm_sw/ip_cores/uz_Matrix_Multi/HLS_Project/solution1/.autopilot/db/MatrixMultiplication_Pipeline_3.compgen.tcl 
INFO-FLOW: Found component MatrixMultiplication_flow_control_loop_pipe_sequential_init.
INFO-FLOW: Append model MatrixMultiplication_flow_control_loop_pipe_sequential_init
INFO-FLOW: Handling components in module [MatrixMultiplication_Pipeline_VITIS_LOOP_20_1] ... 
Execute       source /home/hufnagelde/ultrazohm_sw/ip_cores/uz_Matrix_Multi/HLS_Project/solution1/.autopilot/db/MatrixMultiplication_Pipeline_VITIS_LOOP_20_1.compgen.tcl 
INFO-FLOW: Found component MatrixMultiplication_flow_control_loop_pipe_sequential_init.
INFO-FLOW: Append model MatrixMultiplication_flow_control_loop_pipe_sequential_init
INFO-FLOW: Handling components in module [MatrixMultiplication_Pipeline_VITIS_LOOP_24_2] ... 
Execute       source /home/hufnagelde/ultrazohm_sw/ip_cores/uz_Matrix_Multi/HLS_Project/solution1/.autopilot/db/MatrixMultiplication_Pipeline_VITIS_LOOP_24_2.compgen.tcl 
INFO-FLOW: Found component MatrixMultiplication_flow_control_loop_pipe_sequential_init.
INFO-FLOW: Append model MatrixMultiplication_flow_control_loop_pipe_sequential_init
INFO-FLOW: Handling components in module [MatrixMultiplication_Pipeline_6] ... 
Execute       source /home/hufnagelde/ultrazohm_sw/ip_cores/uz_Matrix_Multi/HLS_Project/solution1/.autopilot/db/MatrixMultiplication_Pipeline_6.compgen.tcl 
INFO-FLOW: Found component MatrixMultiplication_flow_control_loop_pipe_sequential_init.
INFO-FLOW: Append model MatrixMultiplication_flow_control_loop_pipe_sequential_init
INFO-FLOW: Handling components in module [MatrixMultiplication_Pipeline_VITIS_LOOP_31_5] ... 
Execute       source /home/hufnagelde/ultrazohm_sw/ip_cores/uz_Matrix_Multi/HLS_Project/solution1/.autopilot/db/MatrixMultiplication_Pipeline_VITIS_LOOP_31_5.compgen.tcl 
INFO-FLOW: Found component MatrixMultiplication_fmul_32ns_32ns_32_4_max_dsp_1.
INFO-FLOW: Append model MatrixMultiplication_fmul_32ns_32ns_32_4_max_dsp_1
INFO-FLOW: Found component MatrixMultiplication_flow_control_loop_pipe_sequential_init.
INFO-FLOW: Append model MatrixMultiplication_flow_control_loop_pipe_sequential_init
INFO-FLOW: Handling components in module [MatrixMultiplication_Pipeline_VITIS_LOOP_34_6] ... 
Execute       source /home/hufnagelde/ultrazohm_sw/ip_cores/uz_Matrix_Multi/HLS_Project/solution1/.autopilot/db/MatrixMultiplication_Pipeline_VITIS_LOOP_34_6.compgen.tcl 
INFO-FLOW: Found component MatrixMultiplication_fadd_32ns_32ns_32_5_full_dsp_1.
INFO-FLOW: Append model MatrixMultiplication_fadd_32ns_32ns_32_5_full_dsp_1
INFO-FLOW: Found component MatrixMultiplication_flow_control_loop_pipe_sequential_init.
INFO-FLOW: Append model MatrixMultiplication_flow_control_loop_pipe_sequential_init
INFO-FLOW: Handling components in module [MatrixMultiplication_Pipeline_VITIS_LOOP_41_7] ... 
Execute       source /home/hufnagelde/ultrazohm_sw/ip_cores/uz_Matrix_Multi/HLS_Project/solution1/.autopilot/db/MatrixMultiplication_Pipeline_VITIS_LOOP_41_7.compgen.tcl 
INFO-FLOW: Found component MatrixMultiplication_flow_control_loop_pipe_sequential_init.
INFO-FLOW: Append model MatrixMultiplication_flow_control_loop_pipe_sequential_init
INFO-FLOW: Handling components in module [MatrixMultiplication] ... 
Execute       source /home/hufnagelde/ultrazohm_sw/ip_cores/uz_Matrix_Multi/HLS_Project/solution1/.autopilot/db/MatrixMultiplication.compgen.tcl 
INFO-FLOW: Found component MatrixMultiplication_mul_3s_3s_3_1_1.
INFO-FLOW: Append model MatrixMultiplication_mul_3s_3s_3_1_1
INFO-FLOW: Found component MatrixMultiplication_A_RAM_AUTO_1R1W.
INFO-FLOW: Append model MatrixMultiplication_A_RAM_AUTO_1R1W
INFO-FLOW: Found component MatrixMultiplication_B_RAM_AUTO_1R1W.
INFO-FLOW: Append model MatrixMultiplication_B_RAM_AUTO_1R1W
INFO-FLOW: Found component MatrixMultiplication_arrays_m_axi.
INFO-FLOW: Append model MatrixMultiplication_arrays_m_axi
INFO-FLOW: Found component MatrixMultiplication_control_s_axi.
INFO-FLOW: Append model MatrixMultiplication_control_s_axi
INFO-FLOW: Append model MatrixMultiplication_Pipeline_1
INFO-FLOW: Append model MatrixMultiplication_Pipeline_2
INFO-FLOW: Append model MatrixMultiplication_Pipeline_3
INFO-FLOW: Append model MatrixMultiplication_Pipeline_VITIS_LOOP_20_1
INFO-FLOW: Append model MatrixMultiplication_Pipeline_VITIS_LOOP_24_2
INFO-FLOW: Append model MatrixMultiplication_Pipeline_6
INFO-FLOW: Append model MatrixMultiplication_Pipeline_VITIS_LOOP_31_5
INFO-FLOW: Append model MatrixMultiplication_Pipeline_VITIS_LOOP_34_6
INFO-FLOW: Append model MatrixMultiplication_Pipeline_VITIS_LOOP_41_7
INFO-FLOW: Append model MatrixMultiplication
INFO-FLOW: Generating RTL model list ...
INFO-FLOW: All models in this session: MatrixMultiplication_flow_control_loop_pipe_sequential_init MatrixMultiplication_flow_control_loop_pipe_sequential_init MatrixMultiplication_flow_control_loop_pipe_sequential_init MatrixMultiplication_flow_control_loop_pipe_sequential_init MatrixMultiplication_flow_control_loop_pipe_sequential_init MatrixMultiplication_flow_control_loop_pipe_sequential_init MatrixMultiplication_fmul_32ns_32ns_32_4_max_dsp_1 MatrixMultiplication_flow_control_loop_pipe_sequential_init MatrixMultiplication_fadd_32ns_32ns_32_5_full_dsp_1 MatrixMultiplication_flow_control_loop_pipe_sequential_init MatrixMultiplication_flow_control_loop_pipe_sequential_init MatrixMultiplication_mul_3s_3s_3_1_1 MatrixMultiplication_A_RAM_AUTO_1R1W MatrixMultiplication_B_RAM_AUTO_1R1W MatrixMultiplication_arrays_m_axi MatrixMultiplication_control_s_axi MatrixMultiplication_Pipeline_1 MatrixMultiplication_Pipeline_2 MatrixMultiplication_Pipeline_3 MatrixMultiplication_Pipeline_VITIS_LOOP_20_1 MatrixMultiplication_Pipeline_VITIS_LOOP_24_2 MatrixMultiplication_Pipeline_6 MatrixMultiplication_Pipeline_VITIS_LOOP_31_5 MatrixMultiplication_Pipeline_VITIS_LOOP_34_6 MatrixMultiplication_Pipeline_VITIS_LOOP_41_7 MatrixMultiplication
INFO-FLOW: Generating /home/hufnagelde/ultrazohm_sw/ip_cores/uz_Matrix_Multi/HLS_Project/solution1/.autopilot/db/autopilot.rtl.models.txt file...
INFO-FLOW: To file: write model MatrixMultiplication_flow_control_loop_pipe_sequential_init
INFO-FLOW: To file: write model MatrixMultiplication_flow_control_loop_pipe_sequential_init
INFO-FLOW: To file: write model MatrixMultiplication_flow_control_loop_pipe_sequential_init
INFO-FLOW: To file: write model MatrixMultiplication_flow_control_loop_pipe_sequential_init
INFO-FLOW: To file: write model MatrixMultiplication_flow_control_loop_pipe_sequential_init
INFO-FLOW: To file: write model MatrixMultiplication_flow_control_loop_pipe_sequential_init
INFO-FLOW: To file: write model MatrixMultiplication_fmul_32ns_32ns_32_4_max_dsp_1
INFO-FLOW: To file: write model MatrixMultiplication_flow_control_loop_pipe_sequential_init
INFO-FLOW: To file: write model MatrixMultiplication_fadd_32ns_32ns_32_5_full_dsp_1
INFO-FLOW: To file: write model MatrixMultiplication_flow_control_loop_pipe_sequential_init
INFO-FLOW: To file: write model MatrixMultiplication_flow_control_loop_pipe_sequential_init
INFO-FLOW: To file: write model MatrixMultiplication_mul_3s_3s_3_1_1
INFO-FLOW: To file: write model MatrixMultiplication_A_RAM_AUTO_1R1W
INFO-FLOW: To file: write model MatrixMultiplication_B_RAM_AUTO_1R1W
INFO-FLOW: To file: write model MatrixMultiplication_arrays_m_axi
INFO-FLOW: To file: write model MatrixMultiplication_control_s_axi
INFO-FLOW: To file: write model MatrixMultiplication_Pipeline_1
INFO-FLOW: To file: write model MatrixMultiplication_Pipeline_2
INFO-FLOW: To file: write model MatrixMultiplication_Pipeline_3
INFO-FLOW: To file: write model MatrixMultiplication_Pipeline_VITIS_LOOP_20_1
INFO-FLOW: To file: write model MatrixMultiplication_Pipeline_VITIS_LOOP_24_2
INFO-FLOW: To file: write model MatrixMultiplication_Pipeline_6
INFO-FLOW: To file: write model MatrixMultiplication_Pipeline_VITIS_LOOP_31_5
INFO-FLOW: To file: write model MatrixMultiplication_Pipeline_VITIS_LOOP_34_6
INFO-FLOW: To file: write model MatrixMultiplication_Pipeline_VITIS_LOOP_41_7
INFO-FLOW: To file: write model MatrixMultiplication
INFO-FLOW: Generating /home/hufnagelde/ultrazohm_sw/ip_cores/uz_Matrix_Multi/HLS_Project/solution1/.autopilot/db/autopilot.rtl.models.tcl file...
INFO-FLOW: Finished generating RTL model list.


INFO-FLOW: RTL Generation done.
INFO-FLOW: CAS Generation done.
INFO-FLOW: CBC Generation done.
INFO-FLOW: DBG:PROC: ::AESL_AUTOMG::auto_generate_csynth_design
INFO-FLOW: DBG:PUTS: read_platform_lib /home/hufnagelde/ultrazohm_sw/ip_cores/uz_Matrix_Multi/HLS_Project/solution1/.autopilot/db/global.setting.tcl
Execute       source /home/Xilinx/Vitis_HLS/2022.2/common/technology/generic/autopilot/common.gen 
Execute         source /home/Xilinx/Vitis_HLS/2022.2/common/technology/generic/autopilot/APCoreGen.gen 
Execute       source /home/Xilinx/Vitis_HLS/2022.2/common/technology/generic/autopilot/op.gen 
Execute       source /home/Xilinx/Vitis_HLS/2022.2/common/technology/generic/autopilot/op_simcore.gen 
Execute       source /home/Xilinx/Vitis_HLS/2022.2/common/technology/generic/autopilot/interface.gen 
Execute       source /home/hufnagelde/ultrazohm_sw/ip_cores/uz_Matrix_Multi/HLS_Project/solution1/.autopilot/db/global.setting.tcl 
Execute       source /home/Xilinx/Vitis_HLS/2022.2/common/technology/xilinx/common/xilinx.gen 
Execute         source /home/Xilinx/Vitis_HLS/2022.2/common/technology/xilinx/interface/plb46.gen 
Execute         source /home/Xilinx/Vitis_HLS/2022.2/common/technology/xilinx/interface/axi4.gen 
Execute         source /home/Xilinx/Vitis_HLS/2022.2/common/technology/xilinx/interface/nativeAXI4.gen 
Execute           source /home/Xilinx/Vitis_HLS/2022.2/common/technology/xilinx/interface/saxilite.gen 
Execute         source /home/Xilinx/Vitis_HLS/2022.2/common/technology/xilinx/scripts/xilinxcoregen.gen 
Execute         source /home/Xilinx/Vitis_HLS/2022.2/common/technology/xilinx/interface/XilEDKCoreGen.gen 
Execute         source /home/Xilinx/Vitis_HLS/2022.2/common/technology/xilinx/ip/dds_compiler.gen 
Execute         source /home/Xilinx/Vitis_HLS/2022.2/common/technology/xilinx/ip/util.gen 
Execute         source /home/Xilinx/Vitis_HLS/2022.2/common/technology/xilinx/ip/xfft.gen 
Execute         source /home/Xilinx/Vitis_HLS/2022.2/common/technology/xilinx/ip/xfir.gen 
Execute         source /home/Xilinx/Vitis_HLS/2022.2/common/technology/xilinx/DSP48/dsp48.gen 
INFO-FLOW: DBG:PUTS:   using AESL_AUTOCG::g_clock_period=10.000 (was NA)
INFO-FLOW: DBG:PROC: ::AESL_AUTOMG::generate_ip_cores gen_sim_model='1' gen_fp_models='0' gen_for_export='0' dstSCDir='' dstVhdlDir='/home/hufnagelde/ultrazohm_sw/ip_cores/uz_Matrix_Multi/HLS_Project/solution1/.autopilot/db/vhdl' dstVlogDir='/home/hufnagelde/ultrazohm_sw/ip_cores/uz_Matrix_Multi/HLS_Project/solution1/.autopilot/db/vlog' tclDir='/home/hufnagelde/ultrazohm_sw/ip_cores/uz_Matrix_Multi/HLS_Project/solution1/.autopilot/db' modelList='MatrixMultiplication_flow_control_loop_pipe_sequential_init
MatrixMultiplication_flow_control_loop_pipe_sequential_init
MatrixMultiplication_flow_control_loop_pipe_sequential_init
MatrixMultiplication_flow_control_loop_pipe_sequential_init
MatrixMultiplication_flow_control_loop_pipe_sequential_init
MatrixMultiplication_flow_control_loop_pipe_sequential_init
MatrixMultiplication_fmul_32ns_32ns_32_4_max_dsp_1
MatrixMultiplication_flow_control_loop_pipe_sequential_init
MatrixMultiplication_fadd_32ns_32ns_32_5_full_dsp_1
MatrixMultiplication_flow_control_loop_pipe_sequential_init
MatrixMultiplication_flow_control_loop_pipe_sequential_init
MatrixMultiplication_mul_3s_3s_3_1_1
MatrixMultiplication_A_RAM_AUTO_1R1W
MatrixMultiplication_B_RAM_AUTO_1R1W
MatrixMultiplication_arrays_m_axi
MatrixMultiplication_control_s_axi
MatrixMultiplication_Pipeline_1
MatrixMultiplication_Pipeline_2
MatrixMultiplication_Pipeline_3
MatrixMultiplication_Pipeline_VITIS_LOOP_20_1
MatrixMultiplication_Pipeline_VITIS_LOOP_24_2
MatrixMultiplication_Pipeline_6
MatrixMultiplication_Pipeline_VITIS_LOOP_31_5
MatrixMultiplication_Pipeline_VITIS_LOOP_34_6
MatrixMultiplication_Pipeline_VITIS_LOOP_41_7
MatrixMultiplication
' expOnly='0'
Execute       source /home/hufnagelde/ultrazohm_sw/ip_cores/uz_Matrix_Multi/HLS_Project/solution1/.autopilot/db/global.setting.tcl 
Execute       ap_part_info -name xczu9eg-ffvc900-1-e -data names -quiet 
Execute       ap_part_info -name xczu9eg-ffvc900-1-e -data info -quiet 
Execute       source /home/hufnagelde/ultrazohm_sw/ip_cores/uz_Matrix_Multi/HLS_Project/solution1/.autopilot/db/global.setting.tcl 
Execute       source /home/hufnagelde/ultrazohm_sw/ip_cores/uz_Matrix_Multi/HLS_Project/solution1/.autopilot/db/global.setting.tcl 
Execute       source /home/hufnagelde/ultrazohm_sw/ip_cores/uz_Matrix_Multi/HLS_Project/solution1/.autopilot/db/MatrixMultiplication_Pipeline_1.compgen.tcl 
Execute       source /home/hufnagelde/ultrazohm_sw/ip_cores/uz_Matrix_Multi/HLS_Project/solution1/.autopilot/db/MatrixMultiplication_Pipeline_2.compgen.tcl 
Execute       source /home/hufnagelde/ultrazohm_sw/ip_cores/uz_Matrix_Multi/HLS_Project/solution1/.autopilot/db/MatrixMultiplication_Pipeline_3.compgen.tcl 
Execute       source /home/hufnagelde/ultrazohm_sw/ip_cores/uz_Matrix_Multi/HLS_Project/solution1/.autopilot/db/MatrixMultiplication_Pipeline_VITIS_LOOP_20_1.compgen.tcl 
Execute       source /home/hufnagelde/ultrazohm_sw/ip_cores/uz_Matrix_Multi/HLS_Project/solution1/.autopilot/db/MatrixMultiplication_Pipeline_VITIS_LOOP_24_2.compgen.tcl 
Execute       source /home/hufnagelde/ultrazohm_sw/ip_cores/uz_Matrix_Multi/HLS_Project/solution1/.autopilot/db/MatrixMultiplication_Pipeline_6.compgen.tcl 
Execute       source /home/hufnagelde/ultrazohm_sw/ip_cores/uz_Matrix_Multi/HLS_Project/solution1/.autopilot/db/MatrixMultiplication_Pipeline_VITIS_LOOP_31_5.compgen.tcl 
Execute       source /home/hufnagelde/ultrazohm_sw/ip_cores/uz_Matrix_Multi/HLS_Project/solution1/.autopilot/db/MatrixMultiplication_Pipeline_VITIS_LOOP_34_6.compgen.tcl 
Execute       source /home/hufnagelde/ultrazohm_sw/ip_cores/uz_Matrix_Multi/HLS_Project/solution1/.autopilot/db/MatrixMultiplication_Pipeline_VITIS_LOOP_41_7.compgen.tcl 
Execute       source /home/hufnagelde/ultrazohm_sw/ip_cores/uz_Matrix_Multi/HLS_Project/solution1/.autopilot/db/MatrixMultiplication.compgen.tcl 
Execute         source ./control.slave.tcl 
INFO: [HLS 200-111] Finished Generating all RTL models: CPU user time: 0.39 seconds. CPU system time: 0.02 seconds. Elapsed time: 0.42 seconds; current allocated memory: 330.258 MB.
INFO-FLOW: DBG:PROC: ::HLSREPORTS::create_csynth_xml bind_info_var='bind_info' RtlSubPrefix='MatrixMultiplication_' outfile=''
INFO-FLOW: Running: create_csynth_xml read xml data
INFO-FLOW: Done: create_csynth_xml read xml data time: 0 seconds per iteration
INFO-FLOW: Running: create_csynth_xml bind info
INFO-FLOW: Done: create_csynth_xml bind info time: 0 seconds per iteration
INFO-FLOW: Running: create_csynth_xml config info
INFO-FLOW: Done: create_csynth_xml config info time: 0.1 seconds per iteration
INFO-FLOW: Running: create_csynth_xml write xml
INFO-FLOW: Done: create_csynth_xml write xml time: 0 seconds per iteration
INFO-FLOW: DBG:PUTS:      create_csynth_xml wrote csynth_xml=/home/hufnagelde/ultrazohm_sw/ip_cores/uz_Matrix_Multi/HLS_Project/solution1/syn/report/csynth.xml
INFO-FLOW: DBG:PROC: ::AP::DESIGN_DATA::generate_json generate_bd_files='0' generate_xo_files='0' modelList='MatrixMultiplication_flow_control_loop_pipe_sequential_init
MatrixMultiplication_flow_control_loop_pipe_sequential_init
MatrixMultiplication_flow_control_loop_pipe_sequential_init
MatrixMultiplication_flow_control_loop_pipe_sequential_init
MatrixMultiplication_flow_control_loop_pipe_sequential_init
MatrixMultiplication_flow_control_loop_pipe_sequential_init
MatrixMultiplication_fmul_32ns_32ns_32_4_max_dsp_1
MatrixMultiplication_flow_control_loop_pipe_sequential_init
MatrixMultiplication_fadd_32ns_32ns_32_5_full_dsp_1
MatrixMultiplication_flow_control_loop_pipe_sequential_init
MatrixMultiplication_flow_control_loop_pipe_sequential_init
MatrixMultiplication_mul_3s_3s_3_1_1
MatrixMultiplication_A_RAM_AUTO_1R1W
MatrixMultiplication_B_RAM_AUTO_1R1W
MatrixMultiplication_arrays_m_axi
MatrixMultiplication_control_s_axi
MatrixMultiplication_Pipeline_1
MatrixMultiplication_Pipeline_2
MatrixMultiplication_Pipeline_3
MatrixMultiplication_Pipeline_VITIS_LOOP_20_1
MatrixMultiplication_Pipeline_VITIS_LOOP_24_2
MatrixMultiplication_Pipeline_6
MatrixMultiplication_Pipeline_VITIS_LOOP_31_5
MatrixMultiplication_Pipeline_VITIS_LOOP_34_6
MatrixMultiplication_Pipeline_VITIS_LOOP_41_7
MatrixMultiplication
' rtl_lang='both' bootstrap_tcl='false' outdir='' outfilename=''
Execute       source /home/hufnagelde/ultrazohm_sw/ip_cores/uz_Matrix_Multi/HLS_Project/solution1/.autopilot/db/global.setting.tcl 
Execute       source /home/hufnagelde/ultrazohm_sw/ip_cores/uz_Matrix_Multi/HLS_Project/solution1/.autopilot/db/global.setting.tcl 
Execute       source /home/hufnagelde/ultrazohm_sw/ip_cores/uz_Matrix_Multi/HLS_Project/solution1/.autopilot/db/top-io-be.tcl 
Execute       source /home/hufnagelde/ultrazohm_sw/ip_cores/uz_Matrix_Multi/HLS_Project/solution1/.autopilot/db/MatrixMultiplication.tbgen.tcl 
Execute       source /home/hufnagelde/ultrazohm_sw/ip_cores/uz_Matrix_Multi/HLS_Project/solution1/.autopilot/db/MatrixMultiplication.compgen.dataonly.tcl 
Execute       source /home/hufnagelde/ultrazohm_sw/ip_cores/uz_Matrix_Multi/HLS_Project/solution1/.autopilot/db/MatrixMultiplication.compgen.dataonly.tcl 
Execute       source /home/hufnagelde/ultrazohm_sw/ip_cores/uz_Matrix_Multi/HLS_Project/solution1/.autopilot/db/MatrixMultiplication.rtl_wrap.cfg.tcl 
Execute       source /home/hufnagelde/ultrazohm_sw/ip_cores/uz_Matrix_Multi/HLS_Project/solution1/.autopilot/db/MatrixMultiplication.compgen.dataonly.tcl 
Execute       source /home/hufnagelde/ultrazohm_sw/ip_cores/uz_Matrix_Multi/HLS_Project/solution1/.autopilot/db/MatrixMultiplication_Pipeline_1.tbgen.tcl 
Execute       source /home/hufnagelde/ultrazohm_sw/ip_cores/uz_Matrix_Multi/HLS_Project/solution1/.autopilot/db/MatrixMultiplication_Pipeline_2.tbgen.tcl 
Execute       source /home/hufnagelde/ultrazohm_sw/ip_cores/uz_Matrix_Multi/HLS_Project/solution1/.autopilot/db/MatrixMultiplication_Pipeline_3.tbgen.tcl 
Execute       source /home/hufnagelde/ultrazohm_sw/ip_cores/uz_Matrix_Multi/HLS_Project/solution1/.autopilot/db/MatrixMultiplication_Pipeline_VITIS_LOOP_20_1.tbgen.tcl 
Execute       source /home/hufnagelde/ultrazohm_sw/ip_cores/uz_Matrix_Multi/HLS_Project/solution1/.autopilot/db/MatrixMultiplication_Pipeline_VITIS_LOOP_24_2.tbgen.tcl 
Execute       source /home/hufnagelde/ultrazohm_sw/ip_cores/uz_Matrix_Multi/HLS_Project/solution1/.autopilot/db/MatrixMultiplication_Pipeline_6.tbgen.tcl 
Execute       source /home/hufnagelde/ultrazohm_sw/ip_cores/uz_Matrix_Multi/HLS_Project/solution1/.autopilot/db/MatrixMultiplication_Pipeline_VITIS_LOOP_31_5.tbgen.tcl 
Execute       source /home/hufnagelde/ultrazohm_sw/ip_cores/uz_Matrix_Multi/HLS_Project/solution1/.autopilot/db/MatrixMultiplication_Pipeline_VITIS_LOOP_34_6.tbgen.tcl 
Execute       source /home/hufnagelde/ultrazohm_sw/ip_cores/uz_Matrix_Multi/HLS_Project/solution1/.autopilot/db/MatrixMultiplication_Pipeline_VITIS_LOOP_41_7.tbgen.tcl 
Execute       source /home/hufnagelde/ultrazohm_sw/ip_cores/uz_Matrix_Multi/HLS_Project/solution1/.autopilot/db/MatrixMultiplication.tbgen.tcl 
Execute       source /home/hufnagelde/ultrazohm_sw/ip_cores/uz_Matrix_Multi/HLS_Project/solution1/.autopilot/db/global.setting.tcl 
Execute       ap_part_info -name xczu9eg-ffvc900-1-e -data names -quiet 
Execute       ap_part_info -name xczu9eg-ffvc900-1-e -data info -quiet 
Execute       source /home/hufnagelde/ultrazohm_sw/ip_cores/uz_Matrix_Multi/HLS_Project/solution1/.autopilot/db/MatrixMultiplication.constraint.tcl 
Execute       sc_get_clocks MatrixMultiplication 
Execute       source /home/hufnagelde/ultrazohm_sw/ip_cores/uz_Matrix_Multi/HLS_Project/solution1/.autopilot/db/global.setting.tcl 
Execute       source /home/hufnagelde/ultrazohm_sw/ip_cores/uz_Matrix_Multi/HLS_Project/solution1/impl/misc/MatrixMultiplication_fadd_32ns_32ns_32_5_full_dsp_1_ip.tcl 
Execute       source /home/hufnagelde/ultrazohm_sw/ip_cores/uz_Matrix_Multi/HLS_Project/solution1/impl/misc/MatrixMultiplication_fmul_32ns_32ns_32_4_max_dsp_1_ip.tcl 
INFO-FLOW: DBG:PROC: ::HLSREPORTS::add_csynth_report_sections bind_info_dict='adapter_nodes {{BINDTYPE adapter DISPLAY {bind_adapter axilite} ID {} IMPL {} LATENCY {} OPTYPE {} PRAGMA yes RTLNAME control_s_axi_U SOURCE {} VARIABLE {} MODULE MatrixMultiplication LOOP {} BUNDLEDNAME control DSP 0 BRAM 0 URAM 0} {BINDTYPE adapter DISPLAY {bind_adapter axi_master} ID {} IMPL {} LATENCY {} OPTYPE {} PRAGMA yes RTLNAME arrays_m_axi_U SOURCE {} VARIABLE {} MODULE MatrixMultiplication LOOP {} BUNDLEDNAME arrays DSP 0 BRAM 0 URAM 0}} report_dict {TOPINST MatrixMultiplication MODULE2INSTS {MatrixMultiplication MatrixMultiplication MatrixMultiplication_Pipeline_1 grp_MatrixMultiplication_Pipeline_1_fu_218 MatrixMultiplication_Pipeline_2 grp_MatrixMultiplication_Pipeline_2_fu_224 MatrixMultiplication_Pipeline_3 grp_MatrixMultiplication_Pipeline_3_fu_230 MatrixMultiplication_Pipeline_VITIS_LOOP_20_1 grp_MatrixMultiplication_Pipeline_VITIS_LOOP_20_1_fu_236 MatrixMultiplication_Pipeline_VITIS_LOOP_24_2 grp_MatrixMultiplication_Pipeline_VITIS_LOOP_24_2_fu_244 MatrixMultiplication_Pipeline_6 grp_MatrixMultiplication_Pipeline_6_fu_252 MatrixMultiplication_Pipeline_VITIS_LOOP_31_5 grp_MatrixMultiplication_Pipeline_VITIS_LOOP_31_5_fu_257 MatrixMultiplication_Pipeline_VITIS_LOOP_34_6 grp_MatrixMultiplication_Pipeline_VITIS_LOOP_34_6_fu_268 MatrixMultiplication_Pipeline_VITIS_LOOP_41_7 grp_MatrixMultiplication_Pipeline_VITIS_LOOP_41_7_fu_277} INST2MODULE {MatrixMultiplication MatrixMultiplication grp_MatrixMultiplication_Pipeline_1_fu_218 MatrixMultiplication_Pipeline_1 grp_MatrixMultiplication_Pipeline_2_fu_224 MatrixMultiplication_Pipeline_2 grp_MatrixMultiplication_Pipeline_3_fu_230 MatrixMultiplication_Pipeline_3 grp_MatrixMultiplication_Pipeline_VITIS_LOOP_20_1_fu_236 MatrixMultiplication_Pipeline_VITIS_LOOP_20_1 grp_MatrixMultiplication_Pipeline_VITIS_LOOP_24_2_fu_244 MatrixMultiplication_Pipeline_VITIS_LOOP_24_2 grp_MatrixMultiplication_Pipeline_6_fu_252 MatrixMultiplication_Pipeline_6 grp_MatrixMultiplication_Pipeline_VITIS_LOOP_31_5_fu_257 MatrixMultiplication_Pipeline_VITIS_LOOP_31_5 grp_MatrixMultiplication_Pipeline_VITIS_LOOP_34_6_fu_268 MatrixMultiplication_Pipeline_VITIS_LOOP_34_6 grp_MatrixMultiplication_Pipeline_VITIS_LOOP_41_7_fu_277 MatrixMultiplication_Pipeline_VITIS_LOOP_41_7} INSTDATA {MatrixMultiplication {DEPTH 1 CHILDREN {grp_MatrixMultiplication_Pipeline_1_fu_218 grp_MatrixMultiplication_Pipeline_2_fu_224 grp_MatrixMultiplication_Pipeline_3_fu_230 grp_MatrixMultiplication_Pipeline_VITIS_LOOP_20_1_fu_236 grp_MatrixMultiplication_Pipeline_VITIS_LOOP_24_2_fu_244 grp_MatrixMultiplication_Pipeline_6_fu_252 grp_MatrixMultiplication_Pipeline_VITIS_LOOP_31_5_fu_257 grp_MatrixMultiplication_Pipeline_VITIS_LOOP_34_6_fu_268 grp_MatrixMultiplication_Pipeline_VITIS_LOOP_41_7_fu_277}} grp_MatrixMultiplication_Pipeline_1_fu_218 {DEPTH 2 CHILDREN {}} grp_MatrixMultiplication_Pipeline_2_fu_224 {DEPTH 2 CHILDREN {}} grp_MatrixMultiplication_Pipeline_3_fu_230 {DEPTH 2 CHILDREN {}} grp_MatrixMultiplication_Pipeline_VITIS_LOOP_20_1_fu_236 {DEPTH 2 CHILDREN {}} grp_MatrixMultiplication_Pipeline_VITIS_LOOP_24_2_fu_244 {DEPTH 2 CHILDREN {}} grp_MatrixMultiplication_Pipeline_6_fu_252 {DEPTH 2 CHILDREN {}} grp_MatrixMultiplication_Pipeline_VITIS_LOOP_31_5_fu_257 {DEPTH 2 CHILDREN {}} grp_MatrixMultiplication_Pipeline_VITIS_LOOP_34_6_fu_268 {DEPTH 2 CHILDREN {}} grp_MatrixMultiplication_Pipeline_VITIS_LOOP_41_7_fu_277 {DEPTH 2 CHILDREN {}}} MODULEDATA {MatrixMultiplication_Pipeline_1 {BINDINFO {{BINDTYPE op ID {} IMPL fabric LATENCY 0 OPTYPE add PRAGMA {} RTLNAME empty_36_fu_58_p2 SOURCE {} VARIABLE empty_36 LOOP {Loop 1} BUNDLEDNAME {} DSP 0 BRAM 0 URAM 0 DISPNAME {bind_op add}}} AREA {DSP 0 BRAM 0 URAM 0}} MatrixMultiplication_Pipeline_2 {BINDINFO {{BINDTYPE op ID {} IMPL fabric LATENCY 0 OPTYPE add PRAGMA {} RTLNAME empty_34_fu_58_p2 SOURCE {} VARIABLE empty_34 LOOP {Loop 1} BUNDLEDNAME {} DSP 0 BRAM 0 URAM 0 DISPNAME {bind_op add}}} AREA {DSP 0 BRAM 0 URAM 0}} MatrixMultiplication_Pipeline_3 {BINDINFO {{BINDTYPE op ID {} IMPL fabric LATENCY 0 OPTYPE add PRAGMA {} RTLNAME empty_32_fu_58_p2 SOURCE {} VARIABLE empty_32 LOOP {Loop 1} BUNDLEDNAME {} DSP 0 BRAM 0 URAM 0 DISPNAME {bind_op add}}} AREA {DSP 0 BRAM 0 URAM 0}} MatrixMultiplication_Pipeline_VITIS_LOOP_20_1 {BINDINFO {{BINDTYPE op ID {} IMPL fabric LATENCY 0 OPTYPE add PRAGMA {} RTLNAME add_ln20_fu_100_p2 SOURCE HLS_Project/matrix_multiply.cpp:20 VARIABLE add_ln20 LOOP VITIS_LOOP_20_1 BUNDLEDNAME {} DSP 0 BRAM 0 URAM 0 DISPNAME {bind_op add}}} AREA {DSP 0 BRAM 0 URAM 0}} MatrixMultiplication_Pipeline_VITIS_LOOP_24_2 {BINDINFO {{BINDTYPE op ID {} IMPL fabric LATENCY 0 OPTYPE add PRAGMA {} RTLNAME add_ln24_fu_100_p2 SOURCE HLS_Project/matrix_multiply.cpp:24 VARIABLE add_ln24 LOOP VITIS_LOOP_24_2 BUNDLEDNAME {} DSP 0 BRAM 0 URAM 0 DISPNAME {bind_op add}}} AREA {DSP 0 BRAM 0 URAM 0}} MatrixMultiplication_Pipeline_6 {BINDINFO {{BINDTYPE op ID {} IMPL fabric LATENCY 0 OPTYPE add PRAGMA {} RTLNAME empty_30_fu_58_p2 SOURCE {} VARIABLE empty_30 LOOP {Loop 1} BUNDLEDNAME {} DSP 0 BRAM 0 URAM 0 DISPNAME {bind_op add}}} AREA {DSP 0 BRAM 0 URAM 0}} MatrixMultiplication_Pipeline_VITIS_LOOP_31_5 {BINDINFO {{BINDTYPE op ID {} IMPL fabric LATENCY 0 OPTYPE add PRAGMA {} RTLNAME n_4_fu_141_p2 SOURCE HLS_Project/matrix_multiply.cpp:31 VARIABLE n_4 LOOP VITIS_LOOP_31_5 BUNDLEDNAME {} DSP 0 BRAM 0 URAM 0 DISPNAME {bind_op add}} {BINDTYPE op ID {} IMPL fabric LATENCY 0 OPTYPE add PRAGMA {} RTLNAME add_ln32_fu_154_p2 SOURCE HLS_Project/matrix_multiply.cpp:32 VARIABLE add_ln32 LOOP VITIS_LOOP_31_5 BUNDLEDNAME {} DSP 0 BRAM 0 URAM 0 DISPNAME {bind_op add}} {BINDTYPE op ID {} IMPL fabric LATENCY 0 OPTYPE add PRAGMA {} RTLNAME add_ln32_2_fu_165_p2 SOURCE HLS_Project/matrix_multiply.cpp:32 VARIABLE add_ln32_2 LOOP VITIS_LOOP_31_5 BUNDLEDNAME {} DSP 0 BRAM 0 URAM 0 DISPNAME {bind_op add}} {BINDTYPE op ID {} IMPL fabric LATENCY 0 OPTYPE add PRAGMA {} RTLNAME add_ln32_1_fu_171_p2 SOURCE HLS_Project/matrix_multiply.cpp:32 VARIABLE add_ln32_1 LOOP VITIS_LOOP_31_5 BUNDLEDNAME {} DSP 0 BRAM 0 URAM 0 DISPNAME {bind_op add}} {BINDTYPE op ID {} IMPL maxdsp LATENCY 3 OPTYPE fmul PRAGMA {} RTLNAME fmul_32ns_32ns_32_4_max_dsp_1_U11 SOURCE HLS_Project/matrix_multiply.cpp:32 VARIABLE mul1 LOOP VITIS_LOOP_31_5 BUNDLEDNAME {} DSP 3 BRAM 0 URAM 0 DISPNAME {bind_op fmul}}} AREA {DSP 3 BRAM 0 URAM 0}} MatrixMultiplication_Pipeline_VITIS_LOOP_34_6 {BINDINFO {{BINDTYPE op ID {} IMPL fabric LATENCY 0 OPTYPE add PRAGMA {} RTLNAME n_2_fu_107_p2 SOURCE HLS_Project/matrix_multiply.cpp:34 VARIABLE n_2 LOOP VITIS_LOOP_34_6 BUNDLEDNAME {} DSP 0 BRAM 0 URAM 0 DISPNAME {bind_op add}} {BINDTYPE op ID {} IMPL fulldsp LATENCY 4 OPTYPE fadd PRAGMA {} RTLNAME fadd_32ns_32ns_32_5_full_dsp_1_U20 SOURCE HLS_Project/matrix_multiply.cpp:35 VARIABLE add LOOP VITIS_LOOP_34_6 BUNDLEDNAME {} DSP 2 BRAM 0 URAM 0 DISPNAME {bind_op fadd}}} AREA {DSP 2 BRAM 0 URAM 0}} MatrixMultiplication_Pipeline_VITIS_LOOP_41_7 {BINDINFO {{BINDTYPE op ID {} IMPL fabric LATENCY 0 OPTYPE add PRAGMA {} RTLNAME add_ln41_fu_105_p2 SOURCE HLS_Project/matrix_multiply.cpp:41 VARIABLE add_ln41 LOOP VITIS_LOOP_41_7 BUNDLEDNAME {} DSP 0 BRAM 0 URAM 0 DISPNAME {bind_op add}}} AREA {DSP 0 BRAM 0 URAM 0}} MatrixMultiplication {BINDINFO {{BINDTYPE storage ID {} IMPL auto LATENCY 1 OPTYPE ram_1p PRAGMA {} RTLNAME A_U SOURCE HLS_Project/matrix_multiply.cpp:16 VARIABLE A LOOP {} BUNDLEDNAME {} DSP 0 BRAM 0 URAM 0 DISPNAME {bind_storage ram_1p}} {BINDTYPE storage ID {} IMPL auto LATENCY 1 OPTYPE ram_1p PRAGMA {} RTLNAME B_U SOURCE HLS_Project/matrix_multiply.cpp:17 VARIABLE B LOOP {} BUNDLEDNAME {} DSP 0 BRAM 0 URAM 0 DISPNAME {bind_storage ram_1p}} {BINDTYPE storage ID {} IMPL auto LATENCY 1 OPTYPE ram_1p PRAGMA {} RTLNAME C_U SOURCE HLS_Project/matrix_multiply.cpp:18 VARIABLE C LOOP {} BUNDLEDNAME {} DSP 0 BRAM 0 URAM 0 DISPNAME {bind_storage ram_1p}} {BINDTYPE storage ID {} IMPL auto LATENCY 1 OPTYPE ram_1p PRAGMA {} RTLNAME acc_U SOURCE HLS_Project/matrix_multiply.cpp:29 VARIABLE acc LOOP {} BUNDLEDNAME {} DSP 0 BRAM 0 URAM 0 DISPNAME {bind_storage ram_1p}} {BINDTYPE op ID {} IMPL fabric LATENCY 0 OPTYPE add PRAGMA {} RTLNAME m_2_fu_356_p2 SOURCE HLS_Project/matrix_multiply.cpp:28 VARIABLE m_2 LOOP VITIS_LOOP_28_3 BUNDLEDNAME {} DSP 0 BRAM 0 URAM 0 DISPNAME {bind_op add}} {BINDTYPE op ID {} IMPL auto LATENCY 0 OPTYPE mul PRAGMA {} RTLNAME mul_3s_3s_3_1_1_U29 SOURCE HLS_Project/matrix_multiply.cpp:28 VARIABLE mul LOOP VITIS_LOOP_28_3 BUNDLEDNAME {} DSP 0 BRAM 0 URAM 0 DISPNAME {bind_op mul}} {BINDTYPE op ID {} IMPL auto LATENCY 0 OPTYPE mul PRAGMA {} RTLNAME mul_3s_3s_3_1_1_U30 SOURCE HLS_Project/matrix_multiply.cpp:28 VARIABLE mul42 LOOP VITIS_LOOP_28_3 BUNDLEDNAME {} DSP 0 BRAM 0 URAM 0 DISPNAME {bind_op mul}} {BINDTYPE op ID {} IMPL fabric LATENCY 0 OPTYPE add PRAGMA {} RTLNAME k_1_fu_390_p2 SOURCE HLS_Project/matrix_multiply.cpp:30 VARIABLE k_1 LOOP VITIS_LOOP_30_4 BUNDLEDNAME {} DSP 0 BRAM 0 URAM 0 DISPNAME {bind_op add}} {BINDTYPE op ID {} IMPL fabric LATENCY 0 OPTYPE add PRAGMA {} RTLNAME add43_fu_405_p2 SOURCE HLS_Project/matrix_multiply.cpp:30 VARIABLE add43 LOOP VITIS_LOOP_30_4 BUNDLEDNAME {} DSP 0 BRAM 0 URAM 0 DISPNAME {bind_op add}}} AREA {DSP 5 BRAM 0 URAM 0}}}}'
INFO-FLOW: DBG:PUTS:      update_csynth_reports json2rpt_hw_sw_interfaces
Execute       send_msg_by_id INFO @200-1603@%s  and missed bursts 
INFO: [HLS 200-1603] Design has inferred MAXI bursts and missed bursts, see Vitis HLS GUI synthesis summary report for detailed information.
INFO-FLOW: Running: gen_csynth_sec_pragma
INFO-FLOW: Done: gen_csynth_sec_pragma time: 0 seconds per iteration
INFO-FLOW: DBG:PUTS:      update_csynth_reports wrote xml
INFO-FLOW: DBG:PUTS:      update_csynth_reports appended to csynth rpt file
INFO: [HLS 200-111] Finished Updating report files: CPU user time: 0.43 seconds. CPU system time: 0.04 seconds. Elapsed time: 0.48 seconds; current allocated memory: 341.090 MB.
INFO: [VHDL 208-304] Generating VHDL RTL for MatrixMultiplication.
INFO: [VLOG 209-307] Generating Verilog RTL for MatrixMultiplication.
Execute       syn_report -model MatrixMultiplication -printsummary 
INFO: [HLS 200-790] **** Loop Constraint Status: All loop constraints were NOT satisfied.
INFO: [HLS 200-789] **** Estimated Fmax: 136.99 MHz
Command     autosyn done; 3.25 sec.
Command   csynth_design done; 7.95 sec.
INFO: [HLS 200-111] Finished Command csynth_design CPU user time: 6.28 seconds. CPU system time: 1.33 seconds. Elapsed time: 7.95 seconds; current allocated memory: 134.465 MB.
Command ap_source done; 18.53 sec.
Execute cleanup_all 
INFO-FLOW: Workspace /home/hufnagelde/ultrazohm_sw/ip_cores/uz_Matrix_Multi/HLS_Project/solution1 opened at Fri Nov 24 13:14:07 CET 2023
Execute     ap_set_clock -name default -period 10 -default=false 
INFO: [SYN 201-201] Setting up clock 'default' with a period of 10ns.
Execute     set_part xczu9eg-ffvc900-1-e 
Execute       create_platform xczu9eg-ffvc900-1-e -board  
DBG:HLSDevice: Trying to load device library: /home/Xilinx/Vitis_HLS/2022.2/lib/lnx64.o/libxv_hlsvwrap.so
DBG:HLSDevice: first parts/arch.xml in RDI_DATADIR: /home/Xilinx/Vivado/2022.2/data/parts/arch.xml
DBG:HLSDevice: init success
INFO: [HLS 200-1611] Setting target device to 'xczu9eg-ffvc900-1-e'
Command       create_platform done; 0.23 sec.
Execute       source /home/Xilinx/Vitis_HLS/2022.2/common/technology/xilinx/common/xilinx.gen 
Execute         source /home/Xilinx/Vitis_HLS/2022.2/common/technology/xilinx/interface/plb46.gen 
Execute         source /home/Xilinx/Vitis_HLS/2022.2/common/technology/xilinx/interface/axi4.gen 
Execute         source /home/Xilinx/Vitis_HLS/2022.2/common/technology/xilinx/interface/nativeAXI4.gen 
Execute           source /home/Xilinx/Vitis_HLS/2022.2/common/technology/xilinx/interface/saxilite.gen 
Execute         source /home/Xilinx/Vitis_HLS/2022.2/common/technology/xilinx/scripts/xilinxcoregen.gen 
Execute         source /home/Xilinx/Vitis_HLS/2022.2/common/technology/xilinx/interface/XilEDKCoreGen.gen 
Execute         source /home/Xilinx/Vitis_HLS/2022.2/common/technology/xilinx/ip/dds_compiler.gen 
Execute         source /home/Xilinx/Vitis_HLS/2022.2/common/technology/xilinx/ip/util.gen 
Execute         source /home/Xilinx/Vitis_HLS/2022.2/common/technology/xilinx/ip/xfft.gen 
Execute         source /home/Xilinx/Vitis_HLS/2022.2/common/technology/xilinx/ip/xfir.gen 
Execute         source /home/Xilinx/Vitis_HLS/2022.2/common/technology/xilinx/DSP48/dsp48.gen 
Execute       ap_part_info -name xczu9eg-ffvc900-1-e -data info 
Execute       config_compile -quiet -complex-mul-dsp=0 
Command     set_part done; 0.31 sec.
Execute     send_msg_by_id INFO @200-1505@%s%s  vitis 
INFO: [HLS 200-1505] Using flow_target 'vitis'
Execute     send_msg_by_id INFO @200-435@%s%s 'open_solution -flow_target vitis' config_interface -m_axi_latency=64 
INFO: [HLS 200-435] Setting 'open_solution -flow_target vitis' configuration: config_interface -m_axi_latency=64
Execute     config_interface -m_axi_latency=64 
Execute     send_msg_by_id INFO @200-435@%s%s 'open_solution -flow_target vitis' config_interface -m_axi_alignment_byte_size=64 
INFO: [HLS 200-435] Setting 'open_solution -flow_target vitis' configuration: config_interface -m_axi_alignment_byte_size=64
Execute     config_interface -m_axi_alignment_byte_size=64 
Execute     send_msg_by_id INFO @200-435@%s%s 'open_solution -flow_target vitis' config_interface -m_axi_max_widen_bitwidth=512 
INFO: [HLS 200-435] Setting 'open_solution -flow_target vitis' configuration: config_interface -m_axi_max_widen_bitwidth=512
Execute     config_interface -m_axi_max_widen_bitwidth=512 
INFO-FLOW: Setting macro_cmd open_solution -flow_target vitis configuration: config_interface -default_interface=kernel
Execute     config_interface -default_interface=kernel 
Execute     send_msg_by_id INFO @200-435@%s%s 'open_solution -flow_target vitis' config_rtl -register_reset_num=3 
INFO: [HLS 200-435] Setting 'open_solution -flow_target vitis' configuration: config_rtl -register_reset_num=3
Execute     config_rtl -register_reset_num=3 
Command   open_solution done; 0.37 sec.
Execute   set_part xczu9eg-ffvc900-1-e 
INFO: [HLS 200-1510] Running: set_part xczu9eg-ffvc900-1-e 
Execute     create_platform xczu9eg-ffvc900-1-e -board  
Execute     source /home/Xilinx/Vitis_HLS/2022.2/common/technology/xilinx/common/xilinx.gen 
Execute       source /home/Xilinx/Vitis_HLS/2022.2/common/technology/xilinx/interface/plb46.gen 
Execute       source /home/Xilinx/Vitis_HLS/2022.2/common/technology/xilinx/interface/axi4.gen 
Execute       source /home/Xilinx/Vitis_HLS/2022.2/common/technology/xilinx/interface/nativeAXI4.gen 
Execute         source /home/Xilinx/Vitis_HLS/2022.2/common/technology/xilinx/interface/saxilite.gen 
Execute       source /home/Xilinx/Vitis_HLS/2022.2/common/technology/xilinx/scripts/xilinxcoregen.gen 
Execute       source /home/Xilinx/Vitis_HLS/2022.2/common/technology/xilinx/interface/XilEDKCoreGen.gen 
Execute       source /home/Xilinx/Vitis_HLS/2022.2/common/technology/xilinx/ip/dds_compiler.gen 
Execute       source /home/Xilinx/Vitis_HLS/2022.2/common/technology/xilinx/ip/util.gen 
Execute       source /home/Xilinx/Vitis_HLS/2022.2/common/technology/xilinx/ip/xfft.gen 
Execute       source /home/Xilinx/Vitis_HLS/2022.2/common/technology/xilinx/ip/xfir.gen 
Execute       source /home/Xilinx/Vitis_HLS/2022.2/common/technology/xilinx/DSP48/dsp48.gen 
Execute     ap_part_info -name xczu9eg-ffvc900-1-e -data info 
Execute     config_compile -quiet -complex-mul-dsp=0 
Execute   create_clock -period 10 -name default 
INFO: [HLS 200-1510] Running: create_clock -period 10 -name default 
Execute     ap_set_clock -name default -period 10 -default=false 
INFO: [SYN 201-201] Setting up clock 'default' with a period of 10ns.
Execute   source ./HLS_Project/solution1/directives.tcl 
INFO: [HLS 200-1510] Running: source ./HLS_Project/solution1/directives.tcl
Execute     set_directive_top -name MatrixMultiplication MatrixMultiplication 
INFO: [HLS 200-1510] Running: set_directive_top -name MatrixMultiplication MatrixMultiplication 
Execute   export_design -rtl verilog -format ip_catalog 
INFO: [HLS 200-1510] Running: export_design -rtl verilog -format ip_catalog 
Execute     config_export -format=ip_catalog -rtl=verilog 
INFO-FLOW: DBG:PUTS: export_design_wrap: -format ip_catalog -rtl verilog
Execute     source /home/hufnagelde/ultrazohm_sw/ip_cores/uz_Matrix_Multi/HLS_Project/solution1/.autopilot/db/global.setting.tcl 
INFO-FLOW: DBG:PUTS:   auto_impl: pack: -export -rtl verilog
INFO-FLOW: DBG:PROC: ::AESL_AUTOIMPL::auto_impl args='-export -rtl verilog'
Execute     source /home/hufnagelde/ultrazohm_sw/ip_cores/uz_Matrix_Multi/HLS_Project/solution1/.autopilot/db/global.setting.tcl 
INFO: [IMPL 213-8] Exporting RTL as a Vivado IP.
Execute     source /home/hufnagelde/ultrazohm_sw/ip_cores/uz_Matrix_Multi/HLS_Project/solution1/.autopilot/db/global.setting.tcl 
INFO-FLOW: DBG:PUTS: automg_wrap -export -pcore_version 1.00.a -rtl vlog -tool Vivado -impltomg_flag
INFO-FLOW: DBG:PROC: ::AESL_AUTOMG::auto_generate args='-export -pcore_version 1.00.a -rtl vlog -tool Vivado -impltomg_flag'
INFO-FLOW: DBG:PUTS:     auto_generate -export -pcore_version 1.00.a -rtl vlog -tool Vivado -impltomg_flag
Execute     source /home/hufnagelde/ultrazohm_sw/ip_cores/uz_Matrix_Multi/HLS_Project/solution1/.autopilot/db/global.setting.tcl 
INFO-FLOW: DBG:PUTS: read_platform_lib /home/hufnagelde/ultrazohm_sw/ip_cores/uz_Matrix_Multi/HLS_Project/solution1/.autopilot/db/global.setting.tcl
Execute     source /home/Xilinx/Vitis_HLS/2022.2/common/technology/generic/autopilot/common.gen 
Execute       source /home/Xilinx/Vitis_HLS/2022.2/common/technology/generic/autopilot/APCoreGen.gen 
Execute     source /home/Xilinx/Vitis_HLS/2022.2/common/technology/generic/autopilot/op.gen 
Execute     source /home/Xilinx/Vitis_HLS/2022.2/common/technology/generic/autopilot/op_simcore.gen 
Execute     source /home/Xilinx/Vitis_HLS/2022.2/common/technology/generic/autopilot/interface.gen 
Execute     source /home/hufnagelde/ultrazohm_sw/ip_cores/uz_Matrix_Multi/HLS_Project/solution1/.autopilot/db/global.setting.tcl 
Execute     source /home/Xilinx/Vitis_HLS/2022.2/common/technology/xilinx/common/xilinx.gen 
Execute       source /home/Xilinx/Vitis_HLS/2022.2/common/technology/xilinx/interface/plb46.gen 
Execute       source /home/Xilinx/Vitis_HLS/2022.2/common/technology/xilinx/interface/axi4.gen 
Execute       source /home/Xilinx/Vitis_HLS/2022.2/common/technology/xilinx/interface/nativeAXI4.gen 
Execute         source /home/Xilinx/Vitis_HLS/2022.2/common/technology/xilinx/interface/saxilite.gen 
Execute       source /home/Xilinx/Vitis_HLS/2022.2/common/technology/xilinx/scripts/xilinxcoregen.gen 
Execute       source /home/Xilinx/Vitis_HLS/2022.2/common/technology/xilinx/interface/XilEDKCoreGen.gen 
Execute       source /home/Xilinx/Vitis_HLS/2022.2/common/technology/xilinx/ip/dds_compiler.gen 
Execute       source /home/Xilinx/Vitis_HLS/2022.2/common/technology/xilinx/ip/util.gen 
Execute       source /home/Xilinx/Vitis_HLS/2022.2/common/technology/xilinx/ip/xfft.gen 
Execute       source /home/Xilinx/Vitis_HLS/2022.2/common/technology/xilinx/ip/xfir.gen 
Execute       source /home/Xilinx/Vitis_HLS/2022.2/common/technology/xilinx/DSP48/dsp48.gen 
INFO-FLOW: DBG:PUTS:   using AESL_AUTOCG::g_clock_period=10.000 (was NA)
INFO-FLOW: DBG:PUTS:       initCTypeInfo top_module=MatrixMultiplication xml_exists=0
Execute     source /home/hufnagelde/ultrazohm_sw/ip_cores/uz_Matrix_Multi/HLS_Project/solution1/.autopilot/db/MatrixMultiplication.rtl_wrap.cfg.tcl 
Execute     source /home/hufnagelde/ultrazohm_sw/ip_cores/uz_Matrix_Multi/HLS_Project/solution1/.autopilot/db/MatrixMultiplication.rtl_wrap.cfg.tcl 
Execute     source /home/hufnagelde/ultrazohm_sw/ip_cores/uz_Matrix_Multi/HLS_Project/solution1/.autopilot/db/MatrixMultiplication.rtl_wrap.cfg.tcl 
Execute     source /home/hufnagelde/ultrazohm_sw/ip_cores/uz_Matrix_Multi/HLS_Project/solution1/.autopilot/db/MatrixMultiplication.tbgen.tcl 
Execute     source /home/hufnagelde/ultrazohm_sw/ip_cores/uz_Matrix_Multi/HLS_Project/solution1/.autopilot/db/MatrixMultiplication.tbgen.tcl 
Execute     source /home/hufnagelde/ultrazohm_sw/ip_cores/uz_Matrix_Multi/HLS_Project/solution1/.autopilot/db/global.setting.tcl 
Execute     source /home/hufnagelde/ultrazohm_sw/ip_cores/uz_Matrix_Multi/HLS_Project/solution1/.autopilot/db/MatrixMultiplication.tbgen.tcl 
INFO-FLOW: DBG:PUTS:       cosim_export_main adding deadlock detection to MatrixMultiplication
INFO-FLOW: DBG:PUTS: Skipping loadAnalyze_DB, #g_database=7
INFO-FLOW: DBG:PUTS:       generate_json generate_bd_files=0 generate_xo_files=false #modelList=26 #gSsdmPorts=0
INFO-FLOW: DBG:PROC: ::AP::DESIGN_DATA::generate_json generate_bd_files='0' generate_xo_files='false' modelList='MatrixMultiplication_flow_control_loop_pipe_sequential_init
MatrixMultiplication_flow_control_loop_pipe_sequential_init
MatrixMultiplication_flow_control_loop_pipe_sequential_init
MatrixMultiplication_flow_control_loop_pipe_sequential_init
MatrixMultiplication_flow_control_loop_pipe_sequential_init
MatrixMultiplication_flow_control_loop_pipe_sequential_init
MatrixMultiplication_fmul_32ns_32ns_32_4_max_dsp_1
MatrixMultiplication_flow_control_loop_pipe_sequential_init
MatrixMultiplication_fadd_32ns_32ns_32_5_full_dsp_1
MatrixMultiplication_flow_control_loop_pipe_sequential_init
MatrixMultiplication_flow_control_loop_pipe_sequential_init
MatrixMultiplication_mul_3s_3s_3_1_1
MatrixMultiplication_A_RAM_AUTO_1R1W
MatrixMultiplication_B_RAM_AUTO_1R1W
MatrixMultiplication_arrays_m_axi
MatrixMultiplication_control_s_axi
MatrixMultiplication_Pipeline_1
MatrixMultiplication_Pipeline_2
MatrixMultiplication_Pipeline_3
MatrixMultiplication_Pipeline_VITIS_LOOP_20_1
MatrixMultiplication_Pipeline_VITIS_LOOP_24_2
MatrixMultiplication_Pipeline_6
MatrixMultiplication_Pipeline_VITIS_LOOP_31_5
MatrixMultiplication_Pipeline_VITIS_LOOP_34_6
MatrixMultiplication_Pipeline_VITIS_LOOP_41_7
MatrixMultiplication
' rtl_lang='vlog' bootstrap_tcl='false' outdir='' outfilename=''
Execute     source /home/Xilinx/Vitis_HLS/2022.2/tps/tcl/tcllib1.11.1/yaml/huddle.tcl 
Execute     source /home/Xilinx/Vitis_HLS/2022.2/tps/tcl/tcllib1.11.1/yaml/json2huddle.tcl 
Execute     source /home/hufnagelde/ultrazohm_sw/ip_cores/uz_Matrix_Multi/HLS_Project/solution1/.autopilot/db/global.setting.tcl 
Execute     source /home/hufnagelde/ultrazohm_sw/ip_cores/uz_Matrix_Multi/HLS_Project/solution1/.autopilot/db/global.setting.tcl 
Execute     source /home/hufnagelde/ultrazohm_sw/ip_cores/uz_Matrix_Multi/HLS_Project/solution1/.autopilot/db/top-io-be.tcl 
Execute     source /home/hufnagelde/ultrazohm_sw/ip_cores/uz_Matrix_Multi/HLS_Project/solution1/.autopilot/db/MatrixMultiplication.tbgen.tcl 
Execute     source /home/hufnagelde/ultrazohm_sw/ip_cores/uz_Matrix_Multi/HLS_Project/solution1/.autopilot/db/MatrixMultiplication.compgen.dataonly.tcl 
Execute     source /home/hufnagelde/ultrazohm_sw/ip_cores/uz_Matrix_Multi/HLS_Project/solution1/.autopilot/db/MatrixMultiplication.compgen.dataonly.tcl 
Execute     source /home/hufnagelde/ultrazohm_sw/ip_cores/uz_Matrix_Multi/HLS_Project/solution1/.autopilot/db/MatrixMultiplication.rtl_wrap.cfg.tcl 
Execute     source /home/hufnagelde/ultrazohm_sw/ip_cores/uz_Matrix_Multi/HLS_Project/solution1/.autopilot/db/MatrixMultiplication.compgen.dataonly.tcl 
Execute     source /home/hufnagelde/ultrazohm_sw/ip_cores/uz_Matrix_Multi/HLS_Project/solution1/.autopilot/db/MatrixMultiplication_Pipeline_1.tbgen.tcl 
Execute     source /home/hufnagelde/ultrazohm_sw/ip_cores/uz_Matrix_Multi/HLS_Project/solution1/.autopilot/db/MatrixMultiplication_Pipeline_2.tbgen.tcl 
Execute     source /home/hufnagelde/ultrazohm_sw/ip_cores/uz_Matrix_Multi/HLS_Project/solution1/.autopilot/db/MatrixMultiplication_Pipeline_3.tbgen.tcl 
Execute     source /home/hufnagelde/ultrazohm_sw/ip_cores/uz_Matrix_Multi/HLS_Project/solution1/.autopilot/db/MatrixMultiplication_Pipeline_VITIS_LOOP_20_1.tbgen.tcl 
Execute     source /home/hufnagelde/ultrazohm_sw/ip_cores/uz_Matrix_Multi/HLS_Project/solution1/.autopilot/db/MatrixMultiplication_Pipeline_VITIS_LOOP_24_2.tbgen.tcl 
Execute     source /home/hufnagelde/ultrazohm_sw/ip_cores/uz_Matrix_Multi/HLS_Project/solution1/.autopilot/db/MatrixMultiplication_Pipeline_6.tbgen.tcl 
Execute     source /home/hufnagelde/ultrazohm_sw/ip_cores/uz_Matrix_Multi/HLS_Project/solution1/.autopilot/db/MatrixMultiplication_Pipeline_VITIS_LOOP_31_5.tbgen.tcl 
Execute     source /home/hufnagelde/ultrazohm_sw/ip_cores/uz_Matrix_Multi/HLS_Project/solution1/.autopilot/db/MatrixMultiplication_Pipeline_VITIS_LOOP_34_6.tbgen.tcl 
Execute     source /home/hufnagelde/ultrazohm_sw/ip_cores/uz_Matrix_Multi/HLS_Project/solution1/.autopilot/db/MatrixMultiplication_Pipeline_VITIS_LOOP_41_7.tbgen.tcl 
Execute     source /home/hufnagelde/ultrazohm_sw/ip_cores/uz_Matrix_Multi/HLS_Project/solution1/.autopilot/db/MatrixMultiplication.tbgen.tcl 
Execute     source /home/hufnagelde/ultrazohm_sw/ip_cores/uz_Matrix_Multi/HLS_Project/solution1/.autopilot/db/global.setting.tcl 
Execute     ap_part_info -name xczu9eg-ffvc900-1-e -data names -quiet 
Execute     ap_part_info -name xczu9eg-ffvc900-1-e -data info -quiet 
Execute     source /home/hufnagelde/ultrazohm_sw/ip_cores/uz_Matrix_Multi/HLS_Project/solution1/.autopilot/db/MatrixMultiplication.constraint.tcl 
Execute     sc_get_clocks MatrixMultiplication 
Execute     source /home/hufnagelde/ultrazohm_sw/ip_cores/uz_Matrix_Multi/HLS_Project/solution1/.autopilot/db/global.setting.tcl 
Execute     source /home/hufnagelde/ultrazohm_sw/ip_cores/uz_Matrix_Multi/HLS_Project/solution1/impl/misc/MatrixMultiplication_fadd_32ns_32ns_32_5_full_dsp_1_ip.tcl 
Execute     source /home/hufnagelde/ultrazohm_sw/ip_cores/uz_Matrix_Multi/HLS_Project/solution1/impl/misc/MatrixMultiplication_fmul_32ns_32ns_32_4_max_dsp_1_ip.tcl 
Execute     source /home/hufnagelde/ultrazohm_sw/ip_cores/uz_Matrix_Multi/HLS_Project/solution1/.autopilot/db/global.setting.tcl 
Execute     source /home/hufnagelde/ultrazohm_sw/ip_cores/uz_Matrix_Multi/HLS_Project/solution1/.autopilot/db/MatrixMultiplication.tbgen.tcl 
INFO-FLOW: DBG:PUTS:       cosim_export_main adding deadlock detection to MatrixMultiplication
INFO-FLOW: DBG:PUTS:       copy ip_driver_dir 1_0 /home/hufnagelde/ultrazohm_sw/ip_cores/uz_Matrix_Multi/HLS_Project/solution1/.autopilot/db/driver
INFO-FLOW: DBG:PUTS:       generate_ip_script #gSsdmPorts=0 g_lang=vlog is_sdaccel=false is_sdsoc=true xo_file=
Execute     ap_part_info -name xczu9eg-ffvc900-1-e -data names -quiet 
Execute     ap_part_info -name xczu9eg-ffvc900-1-e -data info -quiet 
Execute     ap_part_info -name xczu9eg-ffvc900-1-e -data names -quiet 
Execute     ap_part_info -name xczu9eg-ffvc900-1-e -data info -quiet 
Execute     source /home/hufnagelde/ultrazohm_sw/ip_cores/uz_Matrix_Multi/HLS_Project/solution1/.autopilot/db/MatrixMultiplication.tbgen.tcl 
Execute     source /home/hufnagelde/ultrazohm_sw/ip_cores/uz_Matrix_Multi/HLS_Project/solution1/.autopilot/db/MatrixMultiplication.compgen.dataonly.tcl 
Execute     source /home/hufnagelde/ultrazohm_sw/ip_cores/uz_Matrix_Multi/HLS_Project/solution1/.autopilot/db/MatrixMultiplication.compgen.dataonly.tcl 
Execute     source /home/hufnagelde/ultrazohm_sw/ip_cores/uz_Matrix_Multi/HLS_Project/solution1/.autopilot/db/global.setting.tcl 
INFO-FLOW: DBG:PUTS:       generate_top_info
INFO-FLOW: DBG:PUTS:       prepArgInfo -> loadAnalyze_DB top_module=MatrixMultiplication
Execute     source /home/hufnagelde/ultrazohm_sw/ip_cores/uz_Matrix_Multi/HLS_Project/solution1/.autopilot/db/MatrixMultiplication.rtl_wrap.cfg.tcl 
Execute     source /home/hufnagelde/ultrazohm_sw/ip_cores/uz_Matrix_Multi/HLS_Project/solution1/.autopilot/db/MatrixMultiplication.rtl_wrap.cfg.tcl 
Execute     source /home/hufnagelde/ultrazohm_sw/ip_cores/uz_Matrix_Multi/HLS_Project/solution1/.autopilot/db/MatrixMultiplication.rtl_wrap.cfg.tcl 
Execute     source /home/hufnagelde/ultrazohm_sw/ip_cores/uz_Matrix_Multi/HLS_Project/solution1/.autopilot/db/MatrixMultiplication.tbgen.tcl 
Execute     source /home/hufnagelde/ultrazohm_sw/ip_cores/uz_Matrix_Multi/HLS_Project/solution1/.autopilot/db/MatrixMultiplication.tbgen.tcl 
Execute     ap_part_info -name xczu9eg-ffvc900-1-e -data names -quiet 
Execute     ap_part_info -name xczu9eg-ffvc900-1-e -data info -quiet 
Execute     source /home/hufnagelde/ultrazohm_sw/ip_cores/uz_Matrix_Multi/HLS_Project/solution1/.autopilot/db/global.setting.tcl 
Execute     ap_part_info -name xczu9eg-ffvc900-1-e -data names -quiet 
Execute     ap_part_info -name xczu9eg-ffvc900-1-e -data info -quiet 
Execute     ap_part_info -name xczu9eg-ffvc900-1-e -data names -quiet 
Execute     ap_part_info -name xczu9eg-ffvc900-1-e -data info -quiet 
Execute     source /home/hufnagelde/ultrazohm_sw/ip_cores/uz_Matrix_Multi/HLS_Project/solution1/.autopilot/db/MatrixMultiplication.tbgen.tcl 
Execute     source /home/hufnagelde/ultrazohm_sw/ip_cores/uz_Matrix_Multi/HLS_Project/solution1/.autopilot/db/global.setting.tcl 
Execute     source /home/hufnagelde/ultrazohm_sw/ip_cores/uz_Matrix_Multi/HLS_Project/solution1/.autopilot/db/MatrixMultiplication.constraint.tcl 
INFO-FLOW: DBG:PUTS:       generate_ipi_example_script
Execute     ap_part_info -name xczu9eg-ffvc900-1-e -data names -quiet 
Execute     ap_part_info -name xczu9eg-ffvc900-1-e -data info -quiet 
Execute     ap_part_info -name xczu9eg-ffvc900-1-e -data names -quiet 
Execute     ap_part_info -name xczu9eg-ffvc900-1-e -data info -quiet 
INFO-FLOW: DBG:PUTS:       generate_syn_sh
Execute     ap_part_info -name xczu9eg-ffvc900-1-e -data names -quiet 
Execute     ap_part_info -name xczu9eg-ffvc900-1-e -data info -quiet 
Execute     source /home/hufnagelde/ultrazohm_sw/ip_cores/uz_Matrix_Multi/HLS_Project/solution1/.autopilot/db/global.setting.tcl 
INFO-FLOW: DBG:PUTS:       generate_imp_constraints
Execute     ap_part_info -name xczu9eg-ffvc900-1-e -data names -quiet 
Execute     ap_part_info -name xczu9eg-ffvc900-1-e -data info -quiet 
Execute     source /home/hufnagelde/ultrazohm_sw/ip_cores/uz_Matrix_Multi/HLS_Project/solution1/.autopilot/db/MatrixMultiplication.constraint.tcl 
Execute     source /home/hufnagelde/ultrazohm_sw/ip_cores/uz_Matrix_Multi/HLS_Project/solution1/.autopilot/db/MatrixMultiplication.tbgen.tcl 
INFO-FLOW: DBG:PUTS:       delete-temp-dirs (skipped for debug)
Execute     ap_part_info -name xczu9eg-ffvc900-1-e -data names -quiet 
Execute     ap_part_info -name xczu9eg-ffvc900-1-e -data info -quiet 
INFO-FLOW: DBG:PUTS: read_platform_lib /home/hufnagelde/ultrazohm_sw/ip_cores/uz_Matrix_Multi/HLS_Project/solution1/.autopilot/db/global.setting.tcl
Execute     source /home/Xilinx/Vitis_HLS/2022.2/common/technology/generic/autopilot/common.gen 
Execute       source /home/Xilinx/Vitis_HLS/2022.2/common/technology/generic/autopilot/APCoreGen.gen 
Execute     source /home/Xilinx/Vitis_HLS/2022.2/common/technology/generic/autopilot/op.gen 
Execute     source /home/Xilinx/Vitis_HLS/2022.2/common/technology/generic/autopilot/op_simcore.gen 
Execute     source /home/Xilinx/Vitis_HLS/2022.2/common/technology/generic/autopilot/interface.gen 
Execute     source /home/hufnagelde/ultrazohm_sw/ip_cores/uz_Matrix_Multi/HLS_Project/solution1/.autopilot/db/global.setting.tcl 
Execute     source /home/Xilinx/Vitis_HLS/2022.2/common/technology/xilinx/common/xilinx.gen 
Execute       source /home/Xilinx/Vitis_HLS/2022.2/common/technology/xilinx/interface/plb46.gen 
Execute       source /home/Xilinx/Vitis_HLS/2022.2/common/technology/xilinx/interface/axi4.gen 
Execute       source /home/Xilinx/Vitis_HLS/2022.2/common/technology/xilinx/interface/nativeAXI4.gen 
Execute         source /home/Xilinx/Vitis_HLS/2022.2/common/technology/xilinx/interface/saxilite.gen 
Execute       source /home/Xilinx/Vitis_HLS/2022.2/common/technology/xilinx/scripts/xilinxcoregen.gen 
Execute       source /home/Xilinx/Vitis_HLS/2022.2/common/technology/xilinx/interface/XilEDKCoreGen.gen 
Execute       source /home/Xilinx/Vitis_HLS/2022.2/common/technology/xilinx/ip/dds_compiler.gen 
Execute       source /home/Xilinx/Vitis_HLS/2022.2/common/technology/xilinx/ip/util.gen 
Execute       source /home/Xilinx/Vitis_HLS/2022.2/common/technology/xilinx/ip/xfft.gen 
Execute       source /home/Xilinx/Vitis_HLS/2022.2/common/technology/xilinx/ip/xfir.gen 
Execute       source /home/Xilinx/Vitis_HLS/2022.2/common/technology/xilinx/DSP48/dsp48.gen 
INFO-FLOW: DBG:PUTS:     IP package: exec /home/hufnagelde/ultrazohm_sw/ip_cores/uz_Matrix_Multi/HLS_Project/solution1/impl/ip/pack.sh
INFO-FLOW: DBG:PUTS:     IP package: success /home/hufnagelde/ultrazohm_sw/ip_cores/uz_Matrix_Multi/HLS_Project/solution1/impl/ip/pack.sh
Execute     send_msg_by_id INFO @200-802@%s HLS_Project/solution1/impl/export.zip 
INFO: [HLS 200-802] Generated output file HLS_Project/solution1/impl/export.zip
Command   export_design done; 15.29 sec.
INFO: [HLS 200-111] Finished Command export_design CPU user time: 10.69 seconds. CPU system time: 1.84 seconds. Elapsed time: 15.29 seconds; current allocated memory: 8.203 MB.
Command ap_source done; 25.79 sec.
Execute cleanup_all 
