201.3985;9.28E-08;4.93E-13;9.26E-04;0
201.3986;-9.24E-08;4.93E-13;3.09E-04;0
201.3987;-1.54E-07;4.93E-13;-3.09E-04;0
201.3988;-9.23E-08;4.93E-13;-9.26E-04;0
201.3989;9.29E-08;4.93E-13;-3.09E-04;0
201.399;1.55E-07;4.93E-13;3.09E-04;0
201.3991;9.28E-08;4.93E-13;9.26E-04;0
201.3992;-9.24E-08;4.93E-13;3.09E-04;0
201.3993;-1.54E-07;4.93E-13;-3.09E-04;0
201.3994;-9.23E-08;4.93E-13;-9.26E-04;0
201.3995;9.29E-08;4.93E-13;-3.09E-04;0
201.3996;1.55E-07;4.93E-13;3.09E-04;0
201.3997;9.28E-08;4.93E-13;9.26E-04;0
201.3998;-9.24E-08;4.93E-13;3.09E-04;0
201.3999;-1.54E-07;4.93E-13;-3.09E-04;0
201.4;-9.23E-08;4.93E-13;-9.26E-04;0
201.4001;9.29E-08;4.93E-13;-3.09E-04;0
201.4002;1.55E-07;4.93E-13;3.09E-04;0
201.4003;9.28E-08;4.93E-13;9.26E-04;0
201.4004;-9.24E-08;4.93E-13;3.09E-04;0
201.4005;-1.54E-07;4.93E-13;-3.09E-04;0
201.4006;-9.23E-08;4.93E-13;-9.26E-04;0
201.4007;9.29E-08;4.93E-13;-3.09E-04;0
201.4008;1.55E-07;4.93E-13;3.09E-04;0
201.4009;9.28E-08;4.93E-13;9.26E-04;0
201.401;-9.24E-08;4.93E-13;3.09E-04;0
201.4011;-1.54E-07;4.93E-13;-3.09E-04;0
201.4012;-9.23E-08;4.93E-13;-9.26E-04;0
201.4013;9.29E-08;4.93E-13;-3.09E-04;0
201.4014;1.55E-07;4.93E-13;3.09E-04;0
201.4015;9.28E-08;4.93E-13;9.26E-04;0
201.4016;-9.24E-08;4.93E-13;3.09E-04;0
201.4017;-1.54E-07;4.93E-13;-3.09E-04;0
201.4018;-9.23E-08;4.93E-13;-9.26E-04;0
201.4019;9.29E-08;4.93E-13;-3.09E-04;0
201.402;1.55E-07;4.93E-13;3.09E-04;0
201.4021;9.28E-08;4.93E-13;9.26E-04;0
201.4022;-9.24E-08;4.93E-13;3.09E-04;0
201.4023;-1.54E-07;4.93E-13;-3.09E-04;0
201.4024;-9.23E-08;4.93E-13;-9.26E-04;0
201.4025;9.29E-08;4.93E-13;-3.09E-04;0
201.4026;1.55E-07;4.93E-13;3.09E-04;0
201.4027;9.28E-08;4.93E-13;9.26E-04;0
201.4028;-9.24E-08;4.93E-13;3.09E-04;0
201.4029;-1.54E-07;4.93E-13;-3.09E-04;0
201.403;-9.23E-08;4.93E-13;-9.26E-04;0
201.4031;9.29E-08;4.93E-13;-3.09E-04;0
201.4032;1.55E-07;4.93E-13;3.09E-04;0
201.4033;9.28E-08;4.93E-13;9.26E-04;0
201.4034;-9.24E-08;4.93E-13;3.09E-04;0
201.4035;-1.54E-07;4.93E-13;-3.09E-04;0
201.4036;-9.23E-08;4.93E-13;-9.26E-04;0
201.4037;9.29E-08;4.93E-13;-3.09E-04;0
201.4038;1.55E-07;4.93E-13;3.09E-04;0
201.4039;9.28E-08;4.93E-13;9.26E-04;0
201.404;-9.24E-08;4.93E-13;3.09E-04;0
201.4041;-1.54E-07;4.93E-13;-3.09E-04;0
201.4042;-9.23E-08;4.93E-13;-9.26E-04;0
201.4043;9.29E-08;4.93E-13;-3.09E-04;0
201.4044;1.55E-07;4.93E-13;3.09E-04;0
201.4045;9.28E-08;4.93E-13;9.26E-04;0
201.4046;-9.24E-08;4.93E-13;3.09E-04;0
201.4047;-1.54E-07;4.93E-13;-3.09E-04;0
201.4048;-9.23E-08;4.93E-13;-9.26E-04;0
201.4049;9.29E-08;4.93E-13;-3.09E-04;0
201.405;1.55E-07;4.93E-13;3.09E-04;0
201.4051;9.28E-08;4.93E-13;9.26E-04;0
201.4052;-9.24E-08;4.93E-13;3.09E-04;0
201.4053;-1.54E-07;4.93E-13;-3.09E-04;0
201.4054;-9.23E-08;4.93E-13;-9.26E-04;0
201.4055;9.29E-08;4.93E-13;-3.09E-04;0
201.4056;1.55E-07;4.93E-13;3.09E-04;0
201.4057;9.28E-08;4.93E-13;9.26E-04;0
201.4058;-9.24E-08;4.93E-13;3.09E-04;0
201.4059;-1.54E-07;4.93E-13;-3.09E-04;0
201.406;-9.23E-08;4.93E-13;-9.26E-04;0
201.4061;9.29E-08;4.93E-13;-3.09E-04;0
201.4062;1.55E-07;4.93E-13;3.09E-04;0
201.4063;9.28E-08;4.93E-13;9.26E-04;0
201.4064;-9.24E-08;4.93E-13;3.09E-04;0
201.4065;-1.54E-07;4.93E-13;-3.09E-04;0
201.4066;-9.23E-08;4.93E-13;-9.26E-04;0
201.4067;9.29E-08;4.93E-13;-3.09E-04;0
201.4068;1.55E-07;4.93E-13;3.09E-04;0
201.4069;9.28E-08;4.93E-13;9.26E-04;0
201.407;-9.24E-08;4.93E-13;3.09E-04;0
201.4071;-1.54E-07;4.93E-13;-3.09E-04;0
201.4072;-9.23E-08;4.93E-13;-9.26E-04;0
201.4073;9.29E-08;4.93E-13;-3.09E-04;0
201.4074;1.55E-07;4.93E-13;3.09E-04;0
201.4075;9.28E-08;4.93E-13;9.26E-04;0
201.4076;-9.24E-08;4.93E-13;3.09E-04;0
201.4077;-1.54E-07;4.93E-13;-3.09E-04;0
201.4078;-9.23E-08;4.93E-13;-9.26E-04;0
201.4079;9.29E-08;4.93E-13;-3.09E-04;0
201.408;1.55E-07;4.93E-13;3.09E-04;0
201.4081;9.28E-08;4.93E-13;9.26E-04;0
201.4082;-9.24E-08;4.93E-13;3.09E-04;0
201.4083;-1.54E-07;4.93E-13;-3.09E-04;0
201.4084;-9.23E-08;4.93E-13;-9.26E-04;0
201.4085;9.29E-08;4.93E-13;-3.09E-04;0
201.4086;1.55E-07;4.93E-13;3.09E-04;0
201.4087;9.28E-08;4.93E-13;9.26E-04;0
201.4088;-9.24E-08;4.93E-13;3.09E-04;0
201.4089;-1.54E-07;4.93E-13;-3.09E-04;0
201.409;-9.23E-08;4.93E-13;-9.26E-04;0
201.4091;9.29E-08;4.93E-13;-3.09E-04;0
201.4092;1.55E-07;4.93E-13;3.09E-04;0
201.4093;9.28E-08;4.93E-13;9.26E-04;0
201.4094;-9.24E-08;4.93E-13;3.09E-04;0
201.4095;-1.54E-07;4.93E-13;-3.09E-04;0
201.4096;-9.23E-08;4.93E-13;-9.26E-04;0
201.4097;9.29E-08;4.93E-13;-3.09E-04;0
201.4098;1.55E-07;4.93E-13;3.09E-04;0
201.4099;9.28E-08;4.93E-13;9.26E-04;0
201.41;-9.24E-08;4.93E-13;3.09E-04;0
201.4101;-1.54E-07;4.93E-13;-3.09E-04;0
201.4102;-9.23E-08;4.93E-13;-9.26E-04;0
201.4103;9.29E-08;4.93E-13;-3.09E-04;0
201.4104;1.55E-07;4.93E-13;3.09E-04;0
201.4105;9.28E-08;4.93E-13;9.26E-04;0
201.4106;-9.24E-08;4.93E-13;3.09E-04;0
201.4107;-1.54E-07;4.93E-13;-3.09E-04;0
201.4108;-9.23E-08;4.93E-13;-9.26E-04;0
201.4109;9.29E-08;4.93E-13;-3.09E-04;0
201.411;1.55E-07;4.93E-13;3.09E-04;0
201.4111;9.28E-08;4.93E-13;9.26E-04;0
201.4112;-9.24E-08;4.93E-13;3.09E-04;0
201.4113;-1.54E-07;4.93E-13;-3.09E-04;0
201.4114;-9.23E-08;4.93E-13;-9.26E-04;0
201.4115;9.29E-08;4.93E-13;-3.09E-04;0
201.4116;1.55E-07;4.93E-13;3.09E-04;0
201.4117;9.28E-08;4.93E-13;9.26E-04;0
201.4118;-9.24E-08;4.93E-13;3.09E-04;0
201.4119;-1.54E-07;4.93E-13;-3.09E-04;0
201.412;-9.23E-08;4.93E-13;-9.26E-04;0
201.4121;9.29E-08;4.93E-13;-3.09E-04;0
201.4122;1.55E-07;4.93E-13;3.09E-04;0
201.4123;9.28E-08;4.93E-13;9.26E-04;0
201.4124;-9.24E-08;4.93E-13;3.09E-04;0
201.4125;-1.54E-07;4.93E-13;-3.09E-04;0
201.4126;-9.23E-08;4.93E-13;-9.26E-04;0
201.4127;9.29E-08;4.93E-13;-3.09E-04;0
201.4128;1.55E-07;4.93E-13;3.09E-04;0
201.4129;9.28E-08;4.93E-13;9.26E-04;0
201.413;-9.24E-08;4.93E-13;3.09E-04;0
201.4131;-1.54E-07;4.93E-13;-3.09E-04;0
201.4132;-9.23E-08;4.93E-13;-9.26E-04;0
201.4133;9.29E-08;4.93E-13;-3.09E-04;0
201.4134;1.55E-07;4.93E-13;3.09E-04;0
201.4135;9.28E-08;4.93E-13;9.26E-04;0
201.4136;-9.24E-08;4.93E-13;3.09E-04;0
201.4137;-1.54E-07;4.93E-13;-3.09E-04;0
201.4138;-9.23E-08;4.93E-13;-9.26E-04;0
201.4139;9.29E-08;4.93E-13;-3.09E-04;0
201.414;1.55E-07;4.93E-13;3.09E-04;0
201.4141;9.28E-08;4.93E-13;9.26E-04;0
201.4142;-9.24E-08;4.93E-13;3.09E-04;0
201.4143;-1.54E-07;4.93E-13;-3.09E-04;0
201.4144;-9.23E-08;4.93E-13;-9.26E-04;0
201.4145;9.29E-08;4.93E-13;-3.09E-04;0
201.4146;1.55E-07;4.93E-13;3.09E-04;0
201.4147;9.28E-08;4.93E-13;9.26E-04;0
201.4148;-9.24E-08;4.93E-13;3.09E-04;0
201.4149;-1.54E-07;4.93E-13;-3.09E-04;0
201.415;-9.23E-08;4.93E-13;-9.26E-04;0
201.4151;9.29E-08;4.93E-13;-3.09E-04;0
201.4152;1.55E-07;4.93E-13;3.09E-04;0
201.4153;9.28E-08;4.93E-13;9.26E-04;0
201.4154;-9.24E-08;4.93E-13;3.09E-04;0
201.4155;-1.54E-07;4.93E-13;-3.09E-04;0
201.4156;-9.23E-08;4.93E-13;-9.26E-04;0
201.4157;9.29E-08;4.93E-13;-3.09E-04;0
201.4158;1.55E-07;4.93E-13;3.09E-04;0
201.4159;9.28E-08;4.93E-13;9.26E-04;0
201.416;-9.24E-08;4.93E-13;3.09E-04;0
201.4161;-1.54E-07;4.93E-13;-3.09E-04;0
201.4162;-9.23E-08;4.93E-13;-9.26E-04;0
201.4163;9.29E-08;4.93E-13;-3.09E-04;0
201.4164;1.55E-07;4.93E-13;3.09E-04;0
201.4165;9.28E-08;4.93E-13;9.26E-04;0
201.4166;-9.24E-08;4.93E-13;3.09E-04;0
201.4167;-1.54E-07;4.93E-13;-3.09E-04;0
201.4168;-9.23E-08;4.93E-13;-9.26E-04;0
201.4169;9.29E-08;4.93E-13;-3.09E-04;0
201.417;1.55E-07;4.93E-13;3.09E-04;0
201.4171;9.28E-08;4.93E-13;9.26E-04;0
201.4172;-9.24E-08;4.93E-13;3.09E-04;0
201.4173;-1.54E-07;4.93E-13;-3.09E-04;0
201.4174;-9.23E-08;4.93E-13;-9.26E-04;0
201.4175;9.29E-08;4.93E-13;-3.09E-04;0
201.4176;1.55E-07;4.93E-13;3.09E-04;0
201.4177;9.28E-08;4.93E-13;9.26E-04;0
201.4178;-9.24E-08;4.93E-13;3.09E-04;0
201.4179;-1.54E-07;4.93E-13;-3.09E-04;0
201.418;-9.23E-08;4.93E-13;-9.26E-04;0
201.4181;9.29E-08;4.93E-13;-3.09E-04;0
201.4182;1.55E-07;4.93E-13;3.09E-04;0
201.4183;9.28E-08;4.93E-13;9.26E-04;0
201.4184;-9.24E-08;4.93E-13;3.09E-04;0
201.4185;-1.54E-07;4.93E-13;-3.09E-04;0
201.4186;-9.23E-08;4.93E-13;-9.26E-04;0
201.4187;9.29E-08;4.93E-13;-3.09E-04;0
201.4188;1.55E-07;4.93E-13;3.09E-04;0
201.4189;9.28E-08;4.93E-13;9.26E-04;0
201.419;-9.24E-08;4.93E-13;3.09E-04;0
201.4191;-1.54E-07;4.93E-13;-3.09E-04;0
201.4192;-9.23E-08;4.93E-13;-9.26E-04;0
201.4193;9.29E-08;4.93E-13;-3.09E-04;0
201.4194;1.55E-07;4.93E-13;3.09E-04;0
201.4195;9.28E-08;4.93E-13;9.26E-04;0
201.4196;-9.24E-08;4.93E-13;3.09E-04;0
201.4197;-1.54E-07;4.93E-13;-3.09E-04;0
201.4198;-9.23E-08;4.93E-13;-9.26E-04;0
201.4199;9.29E-08;4.93E-13;-3.09E-04;0
201.42;1.55E-07;4.93E-13;3.09E-04;0
201.4201;9.28E-08;4.93E-13;9.26E-04;0
201.4202;-9.24E-08;4.93E-13;3.09E-04;0
201.4203;-1.54E-07;4.93E-13;-3.09E-04;0
201.4204;-9.23E-08;4.93E-13;-9.26E-04;0
201.4205;9.29E-08;4.93E-13;-3.09E-04;0
201.4206;1.55E-07;4.93E-13;3.09E-04;0
201.4207;9.28E-08;4.93E-13;9.26E-04;0
201.4208;-9.24E-08;4.93E-13;3.09E-04;0
201.4209;-1.54E-07;4.93E-13;-3.09E-04;0
201.421;-9.23E-08;4.93E-13;-9.26E-04;0
201.4211;9.29E-08;4.93E-13;-3.09E-04;0
201.4212;1.55E-07;4.93E-13;3.09E-04;0
201.4213;9.28E-08;4.93E-13;9.26E-04;0
201.4214;-9.24E-08;4.93E-13;3.09E-04;0
201.4215;-1.54E-07;4.93E-13;-3.09E-04;0
201.4216;-9.23E-08;4.93E-13;-9.26E-04;0
201.4217;9.29E-08;4.93E-13;-3.09E-04;0
201.4218;1.55E-07;4.93E-13;3.09E-04;0
201.4219;9.28E-08;4.93E-13;9.26E-04;0
201.422;-9.24E-08;4.93E-13;3.09E-04;0
201.4221;-1.54E-07;4.93E-13;-3.09E-04;0
201.4222;-9.23E-08;4.93E-13;-9.26E-04;0
201.4223;9.29E-08;4.93E-13;-3.09E-04;0
201.4224;1.55E-07;4.93E-13;3.09E-04;0
201.4225;9.28E-08;4.93E-13;9.26E-04;0
201.4226;-9.24E-08;4.93E-13;3.09E-04;0
201.4227;-1.54E-07;4.93E-13;-3.09E-04;0
201.4228;-9.23E-08;4.93E-13;-9.26E-04;0
201.4229;9.29E-08;4.93E-13;-3.09E-04;0
201.423;1.55E-07;4.93E-13;3.09E-04;0
201.4231;9.28E-08;4.93E-13;9.26E-04;0
201.4232;-9.24E-08;4.93E-13;3.09E-04;0
201.4233;-1.54E-07;4.93E-13;-3.09E-04;0
201.4234;-9.23E-08;4.93E-13;-9.26E-04;0
201.4235;9.29E-08;4.93E-13;-3.09E-04;0
201.4236;1.55E-07;4.93E-13;3.09E-04;0
201.4237;9.28E-08;4.93E-13;9.26E-04;0
201.4238;-9.24E-08;4.93E-13;3.09E-04;0
201.4239;-1.54E-07;4.93E-13;-3.09E-04;0
201.424;-9.23E-08;4.93E-13;-9.26E-04;0
201.4241;9.29E-08;4.93E-13;-3.09E-04;0
201.4242;1.55E-07;4.93E-13;3.09E-04;0
201.4243;9.28E-08;4.93E-13;9.26E-04;0
201.4244;-9.24E-08;4.93E-13;3.09E-04;0
201.4245;-1.54E-07;4.93E-13;-3.09E-04;0
201.4246;-9.23E-08;4.93E-13;-9.26E-04;0
201.4247;9.29E-08;4.93E-13;-3.09E-04;0
201.4248;1.55E-07;4.93E-13;3.09E-04;0
201.4249;9.28E-08;4.93E-13;9.26E-04;0
201.425;-9.24E-08;4.93E-13;3.09E-04;0
201.4251;-1.54E-07;4.93E-13;-3.09E-04;0
201.4252;-9.23E-08;4.93E-13;-9.26E-04;0
201.4253;9.29E-08;4.93E-13;-3.09E-04;0
201.4254;1.55E-07;4.93E-13;3.09E-04;0
201.4255;9.28E-08;4.93E-13;9.26E-04;0
201.4256;-9.24E-08;4.93E-13;3.09E-04;0
201.4257;-1.54E-07;4.93E-13;-3.09E-04;0
201.4258;-9.23E-08;4.93E-13;-9.26E-04;0
201.4259;9.29E-08;4.93E-13;-3.09E-04;0
201.426;1.55E-07;4.93E-13;3.09E-04;0
201.4261;9.28E-08;4.93E-13;9.26E-04;0
201.4262;-9.24E-08;4.93E-13;3.09E-04;0
201.4263;-1.54E-07;4.93E-13;-3.09E-04;0
201.4264;-9.23E-08;4.93E-13;-9.26E-04;0
201.4265;9.29E-08;4.93E-13;-3.09E-04;0
201.4266;1.55E-07;4.93E-13;3.09E-04;0
201.4267;9.28E-08;4.93E-13;9.26E-04;0
201.4268;-9.24E-08;4.93E-13;3.09E-04;0
201.4269;-1.54E-07;4.93E-13;-3.09E-04;0
201.427;-9.23E-08;4.93E-13;-9.26E-04;0
201.4271;9.29E-08;4.93E-13;-3.09E-04;0
201.4272;1.55E-07;4.93E-13;3.09E-04;0
201.4273;9.28E-08;4.93E-13;9.26E-04;0
201.4274;-9.24E-08;4.93E-13;3.09E-04;0
201.4275;-1.54E-07;4.93E-13;-3.09E-04;0
201.4276;-9.23E-08;4.93E-13;-9.26E-04;0
201.4277;9.29E-08;4.93E-13;-3.09E-04;0
201.4278;1.55E-07;4.93E-13;3.09E-04;0
201.4279;9.28E-08;4.93E-13;9.26E-04;0
201.428;-9.24E-08;4.93E-13;3.09E-04;0
201.4281;-1.54E-07;4.93E-13;-3.09E-04;0
201.4282;-9.23E-08;4.93E-13;-9.26E-04;0
201.4283;9.29E-08;4.93E-13;-3.09E-04;0
201.4284;1.55E-07;4.93E-13;3.09E-04;0
201.4285;9.28E-08;4.93E-13;9.26E-04;0
201.4286;-9.24E-08;4.93E-13;3.09E-04;0
201.4287;-1.54E-07;4.93E-13;-3.09E-04;0
201.4288;-9.23E-08;4.93E-13;-9.26E-04;0
201.4289;9.29E-08;4.93E-13;-3.09E-04;0
201.429;1.55E-07;4.93E-13;3.09E-04;0
201.4291;9.28E-08;4.93E-13;9.26E-04;0
201.4292;-9.24E-08;4.93E-13;3.09E-04;0
201.4293;-1.54E-07;4.93E-13;-3.09E-04;0
201.4294;-9.23E-08;4.93E-13;-9.26E-04;0
201.4295;9.29E-08;4.93E-13;-3.09E-04;0
201.4296;1.55E-07;4.93E-13;3.09E-04;0
201.4297;9.28E-08;4.93E-13;9.26E-04;0
201.4298;-9.24E-08;4.93E-13;3.09E-04;0
201.4299;-1.54E-07;4.93E-13;-3.09E-04;0
201.43;-9.23E-08;4.93E-13;-9.26E-04;0
201.4301;9.29E-08;4.93E-13;-3.09E-04;0
201.4302;1.55E-07;4.93E-13;3.09E-04;0
201.4303;9.28E-08;4.93E-13;9.26E-04;0
201.4304;-9.24E-08;4.93E-13;3.09E-04;0
201.4305;-1.54E-07;4.93E-13;-3.09E-04;0
201.4306;-9.23E-08;4.93E-13;-9.26E-04;0
201.4307;9.29E-08;4.93E-13;-3.09E-04;0
201.4308;1.55E-07;4.93E-13;3.09E-04;0
201.4309;9.28E-08;4.93E-13;9.26E-04;0
201.431;-9.24E-08;4.93E-13;3.09E-04;0
201.4311;-1.54E-07;4.93E-13;-3.09E-04;0
201.4312;-9.23E-08;4.93E-13;-9.26E-04;0
201.4313;9.29E-08;4.93E-13;-3.09E-04;0
201.4314;1.55E-07;4.93E-13;3.09E-04;0
201.4315;9.28E-08;4.93E-13;9.26E-04;0
201.4316;-9.24E-08;4.93E-13;3.09E-04;0
201.4317;-1.54E-07;4.93E-13;-3.09E-04;0
201.4318;-9.23E-08;4.93E-13;-9.26E-04;0
201.4319;9.29E-08;4.93E-13;-3.09E-04;0
201.432;1.55E-07;4.93E-13;3.09E-04;0
201.4321;9.28E-08;4.93E-13;9.26E-04;0
201.4322;-9.24E-08;4.93E-13;3.09E-04;0
201.4323;-1.54E-07;4.93E-13;-3.09E-04;0
201.4324;-9.23E-08;4.93E-13;-9.26E-04;0
201.4325;9.29E-08;4.93E-13;-3.09E-04;0
201.4326;1.55E-07;4.93E-13;3.09E-04;0
201.4327;9.28E-08;4.93E-13;9.26E-04;0
201.4328;-9.24E-08;4.93E-13;3.09E-04;0
201.4329;-1.54E-07;4.93E-13;-3.09E-04;0
201.433;-9.23E-08;4.93E-13;-9.26E-04;0
201.4331;9.29E-08;4.93E-13;-3.09E-04;0
201.4332;1.55E-07;4.93E-13;3.09E-04;0
201.4333;9.28E-08;4.93E-13;9.26E-04;0
201.4334;-9.24E-08;4.93E-13;3.09E-04;0
201.4335;-1.54E-07;4.93E-13;-3.09E-04;0
201.4336;-9.23E-08;4.93E-13;-9.26E-04;0
201.4337;9.29E-08;4.93E-13;-3.09E-04;0
201.4338;1.55E-07;4.93E-13;3.09E-04;0
201.4339;9.28E-08;4.93E-13;9.26E-04;0
201.434;-9.24E-08;4.93E-13;3.09E-04;0
201.4341;-1.54E-07;4.93E-13;-3.09E-04;0
201.4342;-9.23E-08;4.93E-13;-9.26E-04;0
201.4343;9.29E-08;4.93E-13;-3.09E-04;0
201.4344;1.55E-07;4.93E-13;3.09E-04;0
201.4345;9.28E-08;4.93E-13;9.26E-04;0
201.4346;-9.24E-08;4.93E-13;3.09E-04;0
201.4347;-1.54E-07;4.93E-13;-3.09E-04;0
201.4348;-9.23E-08;4.93E-13;-9.26E-04;0
201.4349;9.29E-08;4.93E-13;-3.09E-04;0
201.435;1.55E-07;4.93E-13;3.09E-04;0
201.4351;9.28E-08;4.93E-13;9.26E-04;0
201.4352;-9.24E-08;4.93E-13;3.09E-04;0
201.4353;-1.54E-07;4.93E-13;-3.09E-04;0
201.4354;-9.23E-08;4.93E-13;-9.26E-04;0
201.4355;9.29E-08;4.93E-13;-3.09E-04;0
201.4356;1.55E-07;4.93E-13;3.09E-04;0
201.4357;9.28E-08;4.93E-13;9.26E-04;0
201.4358;-9.24E-08;4.93E-13;3.09E-04;0
201.4359;-1.54E-07;4.93E-13;-3.09E-04;0
201.436;-9.23E-08;4.93E-13;-9.26E-04;0
201.4361;9.29E-08;4.93E-13;-3.09E-04;0
201.4362;1.55E-07;4.93E-13;3.09E-04;0
201.4363;9.28E-08;4.93E-13;9.26E-04;0
201.4364;-9.24E-08;4.93E-13;3.09E-04;0
201.4365;-1.54E-07;4.93E-13;-3.09E-04;0
201.4366;-9.23E-08;4.93E-13;-9.26E-04;0
201.4367;9.29E-08;4.93E-13;-3.09E-04;0
201.4368;1.55E-07;4.93E-13;3.09E-04;0
201.4369;9.28E-08;4.93E-13;9.26E-04;0
201.437;-9.24E-08;4.93E-13;3.09E-04;0
201.4371;-1.54E-07;4.93E-13;-3.09E-04;0
201.4372;-9.23E-08;4.93E-13;-9.26E-04;0
201.4373;9.29E-08;4.93E-13;-3.09E-04;0
201.4374;1.55E-07;4.93E-13;3.09E-04;0
201.4375;9.28E-08;4.93E-13;9.26E-04;0
201.4376;-9.24E-08;4.93E-13;3.09E-04;0
201.4377;-1.54E-07;4.93E-13;-3.09E-04;0
201.4378;-9.23E-08;4.93E-13;-9.26E-04;0
201.4379;9.29E-08;4.93E-13;-3.09E-04;0
201.438;1.55E-07;4.93E-13;3.09E-04;0
201.4381;9.28E-08;4.93E-13;9.26E-04;0
201.4382;-9.24E-08;4.93E-13;3.09E-04;0
201.4383;-1.54E-07;4.93E-13;-3.09E-04;0
201.4384;-9.23E-08;4.93E-13;-9.26E-04;0
201.4385;9.29E-08;4.93E-13;-3.09E-04;0
201.4386;1.55E-07;4.93E-13;3.09E-04;0
201.4387;9.28E-08;4.93E-13;9.26E-04;0
201.4388;-9.24E-08;4.93E-13;3.09E-04;0
201.4389;-1.54E-07;4.93E-13;-3.09E-04;0
201.439;-9.23E-08;4.93E-13;-9.26E-04;0
201.4391;9.29E-08;4.93E-13;-3.09E-04;0
201.4392;1.55E-07;4.93E-13;3.09E-04;0
201.4393;9.28E-08;4.93E-13;9.26E-04;0
201.4394;-9.24E-08;4.93E-13;3.09E-04;0
201.4395;-1.54E-07;4.93E-13;-3.09E-04;0
201.4396;-9.23E-08;4.93E-13;-9.26E-04;0
201.4397;9.29E-08;4.93E-13;-3.09E-04;0
201.4398;1.55E-07;4.93E-13;3.09E-04;0
201.4399;9.28E-08;4.93E-13;9.26E-04;0
201.44;-9.24E-08;4.93E-13;3.09E-04;0
201.4401;-1.54E-07;4.93E-13;-3.09E-04;0
201.4402;-9.23E-08;4.93E-13;-9.26E-04;0
201.4403;9.29E-08;4.93E-13;-3.09E-04;0
201.4404;1.55E-07;4.93E-13;3.09E-04;0
201.4405;9.28E-08;4.93E-13;9.26E-04;0
201.4406;-9.24E-08;4.93E-13;3.09E-04;0
201.4407;-1.54E-07;4.93E-13;-3.09E-04;0
201.4408;-9.23E-08;4.93E-13;-9.26E-04;0
201.4409;9.29E-08;4.93E-13;-3.09E-04;0
201.441;1.55E-07;4.93E-13;3.09E-04;0
201.4411;9.28E-08;4.93E-13;9.26E-04;0
201.4412;-9.24E-08;4.93E-13;3.09E-04;0
201.4413;-1.54E-07;4.93E-13;-3.09E-04;0
201.4414;-9.23E-08;4.93E-13;-9.26E-04;0
201.4415;9.29E-08;4.93E-13;-3.09E-04;0
201.4416;1.55E-07;4.93E-13;3.09E-04;0
201.4417;9.28E-08;4.93E-13;9.26E-04;0
201.4418;-9.24E-08;4.93E-13;3.09E-04;0
201.4419;-1.54E-07;4.93E-13;-3.09E-04;0
201.442;-9.23E-08;4.93E-13;-9.26E-04;0
201.4421;9.29E-08;4.93E-13;-3.09E-04;0
201.4422;1.55E-07;4.93E-13;3.09E-04;0
201.4423;9.28E-08;4.93E-13;9.26E-04;0
201.4424;-9.24E-08;4.93E-13;3.09E-04;0
201.4425;-1.54E-07;4.93E-13;-3.09E-04;0
201.4426;-9.23E-08;4.93E-13;-9.26E-04;0
201.4427;9.29E-08;4.93E-13;-3.09E-04;0
201.4428;1.55E-07;4.93E-13;3.09E-04;0
201.4429;9.28E-08;4.93E-13;9.26E-04;0
201.443;-9.24E-08;4.93E-13;3.09E-04;0
201.4431;-1.54E-07;4.93E-13;-3.09E-04;0
201.4432;-9.23E-08;4.93E-13;-9.26E-04;0
201.4433;9.29E-08;4.93E-13;-3.09E-04;0
201.4434;1.55E-07;4.93E-13;3.09E-04;0
201.4435;9.28E-08;4.93E-13;9.26E-04;0
201.4436;-9.24E-08;4.93E-13;3.09E-04;0
201.4437;-1.54E-07;4.93E-13;-3.09E-04;0
201.4438;-9.23E-08;4.93E-13;-9.26E-04;0
201.4439;9.29E-08;4.93E-13;-3.09E-04;0
201.444;1.55E-07;4.93E-13;3.09E-04;0
201.4441;9.28E-08;4.93E-13;9.26E-04;0
201.4442;-9.24E-08;4.93E-13;3.09E-04;0
201.4443;-1.54E-07;4.93E-13;-3.09E-04;0
201.4444;-9.23E-08;4.93E-13;-9.26E-04;0
201.4445;9.29E-08;4.93E-13;-3.09E-04;0
201.4446;1.55E-07;4.93E-13;3.09E-04;0
201.4447;9.28E-08;4.93E-13;9.26E-04;0
201.4448;-9.24E-08;4.93E-13;3.09E-04;0
201.4449;-1.54E-07;4.93E-13;-3.09E-04;0
201.445;-9.23E-08;4.93E-13;-9.26E-04;0
201.4451;9.29E-08;4.93E-13;-3.09E-04;0
201.4452;1.55E-07;4.93E-13;3.09E-04;0
201.4453;9.28E-08;4.93E-13;9.26E-04;0
201.4454;-9.24E-08;4.93E-13;3.09E-04;0
201.4455;-1.54E-07;4.93E-13;-3.09E-04;0
201.4456;-9.23E-08;4.93E-13;-9.26E-04;0
201.4457;9.29E-08;4.93E-13;-3.09E-04;0
201.4458;1.55E-07;4.93E-13;3.09E-04;0
201.4459;9.28E-08;4.93E-13;9.26E-04;0
201.446;-9.24E-08;4.93E-13;3.09E-04;0
201.4461;-1.54E-07;4.93E-13;-3.09E-04;0
201.4462;-9.23E-08;4.93E-13;-9.26E-04;0
201.4463;9.29E-08;4.93E-13;-3.09E-04;0
201.4464;1.55E-07;4.93E-13;3.09E-04;0
201.4465;9.28E-08;4.93E-13;9.26E-04;0
201.4466;-9.24E-08;4.93E-13;3.09E-04;0
201.4467;-1.54E-07;4.93E-13;-3.09E-04;0
201.4468;-9.23E-08;4.93E-13;-9.26E-04;0
201.4469;9.29E-08;4.93E-13;-3.09E-04;0
201.447;1.55E-07;4.93E-13;3.09E-04;0
201.4471;9.28E-08;4.93E-13;9.26E-04;0
201.4472;-9.24E-08;4.93E-13;3.09E-04;0
201.4473;-1.54E-07;4.93E-13;-3.09E-04;0
201.4474;-9.23E-08;4.93E-13;-9.26E-04;0
201.4475;9.29E-08;4.93E-13;-3.09E-04;0
201.4476;1.55E-07;4.93E-13;3.09E-04;0
201.4477;9.28E-08;4.93E-13;9.26E-04;0
201.4478;-9.24E-08;4.93E-13;3.09E-04;0
201.4479;-1.54E-07;4.93E-13;-3.09E-04;0
201.448;-9.23E-08;4.93E-13;-9.26E-04;0
201.4481;9.29E-08;4.93E-13;-3.09E-04;0
201.4482;1.55E-07;4.93E-13;3.09E-04;0
201.4483;9.28E-08;4.93E-13;9.26E-04;0
201.4484;-9.24E-08;4.93E-13;3.09E-04;0
201.4485;-1.54E-07;4.93E-13;-3.09E-04;0
201.4486;-9.23E-08;4.93E-13;-9.26E-04;0
201.4487;9.29E-08;4.93E-13;-3.09E-04;0
201.4488;1.55E-07;4.93E-13;3.09E-04;0
201.4489;9.28E-08;4.93E-13;9.26E-04;0
201.449;-9.24E-08;4.93E-13;3.09E-04;0
201.4491;-1.54E-07;4.93E-13;-3.09E-04;0
201.4492;-9.23E-08;4.93E-13;-9.26E-04;0
201.4493;9.29E-08;4.93E-13;-3.09E-04;0
201.4494;1.55E-07;4.93E-13;3.09E-04;0
201.4495;9.28E-08;4.93E-13;9.26E-04;0
201.4496;-9.24E-08;4.93E-13;3.09E-04;0
201.4497;-1.54E-07;4.93E-13;-3.09E-04;0
201.4498;-9.23E-08;4.93E-13;-9.26E-04;0
201.4499;9.29E-08;4.93E-13;-3.09E-04;0
201.45;1.55E-07;4.93E-13;3.09E-04;0
201.4501;9.28E-08;4.93E-13;9.26E-04;0
201.4502;-9.24E-08;4.93E-13;3.09E-04;0
201.4503;-1.54E-07;4.93E-13;-3.09E-04;0
201.4504;-9.23E-08;4.93E-13;-9.26E-04;0
201.4505;9.29E-08;4.93E-13;-3.09E-04;0
201.4506;1.55E-07;4.93E-13;3.09E-04;0
201.4507;9.28E-08;4.93E-13;9.26E-04;0
201.4508;-9.24E-08;4.93E-13;3.09E-04;0
201.4509;-1.54E-07;4.93E-13;-3.09E-04;0
201.451;-9.23E-08;4.93E-13;-9.26E-04;0
201.4511;9.29E-08;4.93E-13;-3.09E-04;0
201.4512;1.55E-07;4.93E-13;3.09E-04;0
201.4513;9.28E-08;4.93E-13;9.26E-04;0
201.4514;-9.24E-08;4.93E-13;3.09E-04;0
201.4515;-1.54E-07;4.93E-13;-3.09E-04;0
201.4516;-9.23E-08;4.93E-13;-9.26E-04;0
201.4517;9.29E-08;4.93E-13;-3.09E-04;0
201.4518;1.55E-07;4.93E-13;3.09E-04;0
201.4519;9.28E-08;4.93E-13;9.26E-04;0
201.452;-9.24E-08;4.93E-13;3.09E-04;0
201.4521;-1.54E-07;4.93E-13;-3.09E-04;0
201.4522;-9.23E-08;4.93E-13;-9.26E-04;0
201.4523;9.29E-08;4.93E-13;-3.09E-04;0
201.4524;1.55E-07;4.93E-13;3.09E-04;0
201.4525;9.28E-08;4.93E-13;9.26E-04;0
201.4526;-9.24E-08;4.93E-13;3.09E-04;0
201.4527;-1.54E-07;4.93E-13;-3.09E-04;0
201.4528;-9.23E-08;4.93E-13;-9.26E-04;0
201.4529;9.29E-08;4.93E-13;-3.09E-04;0
201.453;1.55E-07;4.93E-13;3.09E-04;0
201.4531;9.28E-08;4.93E-13;9.26E-04;0
201.4532;-9.24E-08;4.93E-13;3.09E-04;0
201.4533;-1.54E-07;4.93E-13;-3.09E-04;0
201.4534;-9.23E-08;4.93E-13;-9.26E-04;0
201.4535;9.29E-08;4.93E-13;-3.09E-04;0
201.4536;1.55E-07;4.93E-13;3.09E-04;0
201.4537;9.28E-08;4.93E-13;9.26E-04;0
201.4538;-9.24E-08;4.93E-13;3.09E-04;0
201.4539;-1.54E-07;4.93E-13;-3.09E-04;0
201.454;-9.23E-08;4.93E-13;-9.26E-04;0
201.4541;9.29E-08;4.93E-13;-3.09E-04;0
201.4542;1.55E-07;4.93E-13;3.09E-04;0
201.4543;9.28E-08;4.93E-13;9.26E-04;0
201.4544;-9.24E-08;4.93E-13;3.09E-04;0
201.4545;-1.54E-07;4.93E-13;-3.09E-04;0
201.4546;-9.23E-08;4.93E-13;-9.26E-04;0
201.4547;9.29E-08;4.93E-13;-3.09E-04;0
201.4548;1.55E-07;4.93E-13;3.09E-04;0
201.4549;9.28E-08;4.93E-13;9.26E-04;0
201.455;-9.24E-08;4.93E-13;3.09E-04;0
201.4551;-1.54E-07;4.93E-13;-3.09E-04;0
201.4552;-9.23E-08;4.93E-13;-9.26E-04;0
201.4553;9.29E-08;4.93E-13;-3.09E-04;0
201.4554;1.55E-07;4.93E-13;3.09E-04;0
201.4555;9.28E-08;4.93E-13;9.26E-04;0
201.4556;-9.24E-08;4.93E-13;3.09E-04;0
201.4557;-1.54E-07;4.93E-13;-3.09E-04;0
201.4558;-9.23E-08;4.93E-13;-9.26E-04;0
201.4559;9.29E-08;4.93E-13;-3.09E-04;0
201.456;1.55E-07;4.93E-13;3.09E-04;0
201.4561;9.28E-08;4.93E-13;9.26E-04;0
201.4562;-9.24E-08;4.93E-13;3.09E-04;0
201.4563;-1.54E-07;4.93E-13;-3.09E-04;0
201.4564;-9.23E-08;4.93E-13;-9.26E-04;0
201.4565;9.29E-08;4.93E-13;-3.09E-04;0
201.4566;1.55E-07;4.93E-13;3.09E-04;0
201.4567;9.28E-08;4.93E-13;9.26E-04;0
201.4568;-9.24E-08;4.93E-13;3.09E-04;0
201.4569;-1.54E-07;4.93E-13;-3.09E-04;0
201.457;-9.23E-08;4.93E-13;-9.26E-04;0
201.4571;9.29E-08;4.93E-13;-3.09E-04;0
201.4572;1.55E-07;4.93E-13;3.09E-04;0
201.4573;9.28E-08;4.93E-13;9.26E-04;0
201.4574;-9.24E-08;4.93E-13;3.09E-04;0
201.4575;-1.54E-07;4.93E-13;-3.09E-04;0
201.4576;-9.23E-08;4.93E-13;-9.26E-04;0
201.4577;9.29E-08;4.93E-13;-3.09E-04;0
201.4578;1.55E-07;4.93E-13;3.09E-04;0
201.4579;9.28E-08;4.93E-13;9.26E-04;0
201.458;-9.24E-08;4.93E-13;3.09E-04;0
201.4581;-1.54E-07;4.93E-13;-3.09E-04;0
201.4582;-9.23E-08;4.93E-13;-9.26E-04;0
201.4583;9.29E-08;4.93E-13;-3.09E-04;0
201.4584;1.55E-07;4.93E-13;3.09E-04;0
201.4585;9.28E-08;4.93E-13;9.26E-04;0
201.4586;-9.24E-08;4.93E-13;3.09E-04;0
201.4587;-1.54E-07;4.93E-13;-3.09E-04;0
201.4588;-9.23E-08;4.93E-13;-9.26E-04;0
201.4589;9.29E-08;4.93E-13;-3.09E-04;0
201.459;1.55E-07;4.93E-13;3.09E-04;0
201.4591;9.28E-08;4.93E-13;9.26E-04;0
201.4592;-9.24E-08;4.93E-13;3.09E-04;0
201.4593;-1.54E-07;4.93E-13;-3.09E-04;0
201.4594;-9.23E-08;4.93E-13;-9.26E-04;0
201.4595;9.29E-08;4.93E-13;-3.09E-04;0
201.4596;1.55E-07;4.93E-13;3.09E-04;0
201.4597;9.28E-08;4.93E-13;9.26E-04;0
201.4598;-9.24E-08;4.93E-13;3.09E-04;0
201.4599;-1.54E-07;4.93E-13;-3.09E-04;0
201.46;-9.23E-08;4.93E-13;-9.26E-04;0
201.4601;9.29E-08;4.93E-13;-3.09E-04;0
201.4602;1.55E-07;4.93E-13;3.09E-04;0
201.4603;9.28E-08;4.93E-13;9.26E-04;0
201.4604;-9.24E-08;4.93E-13;3.09E-04;0
201.4605;-1.54E-07;4.93E-13;-3.09E-04;0
201.4606;-9.23E-08;4.93E-13;-9.26E-04;0
201.4607;9.29E-08;4.93E-13;-3.09E-04;0
201.4608;1.55E-07;4.93E-13;3.09E-04;0
201.4609;9.28E-08;4.93E-13;9.26E-04;0
201.461;-9.24E-08;4.93E-13;3.09E-04;0
201.4611;-1.54E-07;4.93E-13;-3.09E-04;0
201.4612;-9.23E-08;4.93E-13;-9.26E-04;0
201.4613;9.29E-08;4.93E-13;-3.09E-04;0
201.4614;1.55E-07;4.93E-13;3.09E-04;0
201.4615;9.28E-08;4.93E-13;9.26E-04;0
201.4616;-9.24E-08;4.93E-13;3.09E-04;0
201.4617;-1.54E-07;4.93E-13;-3.09E-04;0
201.4618;-9.23E-08;4.93E-13;-9.26E-04;0
201.4619;9.29E-08;4.93E-13;-3.09E-04;0
201.462;1.55E-07;4.93E-13;3.09E-04;0
201.4621;9.28E-08;4.93E-13;9.26E-04;0
201.4622;-9.24E-08;4.93E-13;3.09E-04;0
201.4623;-1.54E-07;4.93E-13;-3.09E-04;0
201.4624;-9.23E-08;4.93E-13;-9.26E-04;0
201.4625;9.29E-08;4.93E-13;-3.09E-04;0
201.4626;1.55E-07;4.93E-13;3.09E-04;0
201.4627;9.28E-08;4.93E-13;9.26E-04;0
201.4628;-9.24E-08;4.93E-13;3.09E-04;0
201.4629;-1.54E-07;4.93E-13;-3.09E-04;0
201.463;-9.23E-08;4.93E-13;-9.26E-04;0
201.4631;9.29E-08;4.93E-13;-3.09E-04;0
201.4632;1.55E-07;4.93E-13;3.09E-04;0
201.4633;9.28E-08;4.93E-13;9.26E-04;0
201.4634;-9.24E-08;4.93E-13;3.09E-04;0
201.4635;-1.54E-07;4.93E-13;-3.09E-04;0
201.4636;-9.23E-08;4.93E-13;-9.26E-04;0
201.4637;9.29E-08;4.93E-13;-3.09E-04;0
201.4638;1.55E-07;4.93E-13;3.09E-04;0
201.4639;9.28E-08;4.93E-13;9.26E-04;0
201.464;-9.24E-08;4.93E-13;3.09E-04;0
201.4641;-1.54E-07;4.93E-13;-3.09E-04;0
201.4642;-9.23E-08;4.93E-13;-9.26E-04;0
201.4643;9.29E-08;4.93E-13;-3.09E-04;0
201.4644;1.55E-07;4.93E-13;3.09E-04;0
201.4645;9.28E-08;4.93E-13;9.26E-04;0
201.4646;-9.24E-08;4.93E-13;3.09E-04;0
201.4647;-1.54E-07;4.93E-13;-3.09E-04;0
201.4648;-9.23E-08;4.93E-13;-9.26E-04;0
201.4649;9.29E-08;4.93E-13;-3.09E-04;0
201.465;1.55E-07;4.93E-13;3.09E-04;0
201.4651;9.28E-08;4.93E-13;9.26E-04;0
201.4652;-9.24E-08;4.93E-13;3.09E-04;0
201.4653;-1.54E-07;4.93E-13;-3.09E-04;0
201.4654;-9.23E-08;4.93E-13;-9.26E-04;0
201.4655;9.29E-08;4.93E-13;-3.09E-04;0
201.4656;1.55E-07;4.93E-13;3.09E-04;0
201.4657;9.28E-08;4.93E-13;9.26E-04;0
201.4658;-9.24E-08;4.93E-13;3.09E-04;0
201.4659;-1.54E-07;4.93E-13;-3.09E-04;0
201.466;-9.23E-08;4.93E-13;-9.26E-04;0
201.4661;9.29E-08;4.93E-13;-3.09E-04;0
201.4662;1.55E-07;4.93E-13;3.09E-04;0
201.4663;9.28E-08;4.93E-13;9.26E-04;0
201.4664;-9.24E-08;4.93E-13;3.09E-04;0
201.4665;-1.54E-07;4.93E-13;-3.09E-04;0
201.4666;-9.23E-08;4.93E-13;-9.26E-04;0
201.4667;9.29E-08;4.93E-13;-3.09E-04;0
201.4668;1.55E-07;4.93E-13;3.09E-04;0
201.4669;9.28E-08;4.93E-13;9.26E-04;0
201.467;-9.24E-08;4.93E-13;3.09E-04;0
201.4671;-1.54E-07;4.93E-13;-3.09E-04;0
201.4672;-9.23E-08;4.93E-13;-9.26E-04;0
201.4673;9.29E-08;4.93E-13;-3.09E-04;0
201.4674;1.55E-07;4.93E-13;3.09E-04;0
201.4675;9.28E-08;4.93E-13;9.26E-04;0
201.4676;-9.24E-08;4.93E-13;3.09E-04;0
201.4677;-1.54E-07;4.93E-13;-3.09E-04;0
201.4678;-9.23E-08;4.93E-13;-9.26E-04;0
201.4679;9.29E-08;4.93E-13;-3.09E-04;0
201.468;1.55E-07;4.93E-13;3.09E-04;0
201.4681;9.28E-08;4.93E-13;9.26E-04;0
201.4682;-9.24E-08;4.93E-13;3.09E-04;0
201.4683;-1.54E-07;4.93E-13;-3.09E-04;0
201.4684;-9.23E-08;4.93E-13;-9.26E-04;0
201.4685;9.29E-08;4.93E-13;-3.09E-04;0
201.4686;1.55E-07;4.93E-13;3.09E-04;0
201.4687;9.28E-08;4.93E-13;9.26E-04;0
201.4688;-9.24E-08;4.93E-13;3.09E-04;0
201.4689;-1.54E-07;4.93E-13;-3.09E-04;0
201.469;-9.23E-08;4.93E-13;-9.26E-04;0
201.4691;9.29E-08;4.93E-13;-3.09E-04;0
201.4692;1.55E-07;4.93E-13;3.09E-04;0
201.4693;9.28E-08;4.93E-13;9.26E-04;0
201.4694;-9.24E-08;4.93E-13;3.09E-04;0
201.4695;-1.54E-07;4.93E-13;-3.09E-04;0
201.4696;-9.23E-08;4.93E-13;-9.26E-04;0
201.4697;9.29E-08;4.93E-13;-3.09E-04;0
201.4698;1.55E-07;4.93E-13;3.09E-04;0
201.4699;9.28E-08;4.93E-13;9.26E-04;0
201.47;-9.24E-08;4.93E-13;3.09E-04;0
201.4701;-1.54E-07;4.93E-13;-3.09E-04;0
201.4702;-9.23E-08;4.93E-13;-9.26E-04;0
201.4703;9.29E-08;4.93E-13;-3.09E-04;0
201.4704;1.55E-07;4.93E-13;3.09E-04;0
201.4705;9.28E-08;4.93E-13;9.26E-04;0
201.4706;-9.24E-08;4.93E-13;3.09E-04;0
201.4707;-1.54E-07;4.93E-13;-3.09E-04;0
201.4708;-9.23E-08;4.93E-13;-9.26E-04;0
201.4709;9.29E-08;4.93E-13;-3.09E-04;0
201.471;1.55E-07;4.93E-13;3.09E-04;0
201.4711;9.28E-08;4.93E-13;9.26E-04;0
201.4712;-9.24E-08;4.93E-13;3.09E-04;0
201.4713;-1.54E-07;4.93E-13;-3.09E-04;0
201.4714;-9.23E-08;4.93E-13;-9.26E-04;0
201.4715;9.29E-08;4.93E-13;-3.09E-04;0
201.4716;1.55E-07;4.93E-13;3.09E-04;0
201.4717;9.28E-08;4.93E-13;9.26E-04;0
201.4718;-9.24E-08;4.93E-13;3.09E-04;0
201.4719;-1.54E-07;4.93E-13;-3.09E-04;0
201.472;-9.23E-08;4.93E-13;-9.26E-04;0
201.4721;9.29E-08;4.93E-13;-3.09E-04;0
201.4722;1.55E-07;4.93E-13;3.09E-04;0
201.4723;9.28E-08;4.93E-13;9.26E-04;0
201.4724;-9.24E-08;4.93E-13;3.09E-04;0
201.4725;-1.54E-07;4.93E-13;-3.09E-04;0
201.4726;-9.23E-08;4.93E-13;-9.26E-04;0
201.4727;9.29E-08;4.93E-13;-3.09E-04;0
201.4728;1.55E-07;4.93E-13;3.09E-04;0
201.4729;9.28E-08;4.93E-13;9.26E-04;0
201.473;-9.24E-08;4.93E-13;3.09E-04;0
201.4731;-1.54E-07;4.93E-13;-3.09E-04;0
201.4732;-9.23E-08;4.93E-13;-9.26E-04;0
201.4733;9.29E-08;4.93E-13;-3.09E-04;0
201.4734;1.55E-07;4.93E-13;3.09E-04;0
201.4735;9.28E-08;4.93E-13;9.26E-04;0
201.4736;-9.24E-08;4.93E-13;3.09E-04;0
201.4737;-1.54E-07;4.93E-13;-3.09E-04;0
201.4738;-9.23E-08;4.93E-13;-9.26E-04;0
201.4739;9.29E-08;4.93E-13;-3.09E-04;0
201.474;1.55E-07;4.93E-13;3.09E-04;0
201.4741;9.28E-08;4.93E-13;9.26E-04;0
201.4742;-9.24E-08;4.93E-13;3.09E-04;0
201.4743;-1.54E-07;4.93E-13;-3.09E-04;0
201.4744;-9.23E-08;4.93E-13;-9.26E-04;0
201.4745;9.29E-08;4.93E-13;-3.09E-04;0
201.4746;1.55E-07;4.93E-13;3.09E-04;0
201.4747;9.28E-08;4.93E-13;9.26E-04;0
201.4748;-9.24E-08;4.93E-13;3.09E-04;0
201.4749;-1.54E-07;4.93E-13;-3.09E-04;0
201.475;-9.23E-08;4.93E-13;-9.26E-04;0
201.4751;9.29E-08;4.93E-13;-3.09E-04;0
201.4752;1.55E-07;4.93E-13;3.09E-04;0
201.4753;9.28E-08;4.93E-13;9.26E-04;0
201.4754;-9.24E-08;4.93E-13;3.09E-04;0
201.4755;-1.54E-07;4.93E-13;-3.09E-04;0
201.4756;-9.23E-08;4.93E-13;-9.26E-04;0
201.4757;9.29E-08;4.93E-13;-3.09E-04;0
201.4758;1.55E-07;4.93E-13;3.09E-04;0
201.4759;9.28E-08;4.93E-13;9.26E-04;0
201.476;-9.24E-08;4.93E-13;3.09E-04;0
201.4761;-1.54E-07;4.93E-13;-3.09E-04;0
201.4762;-9.23E-08;4.93E-13;-9.26E-04;0
201.4763;9.29E-08;4.93E-13;-3.09E-04;0
201.4764;1.55E-07;4.93E-13;3.09E-04;0
201.4765;9.28E-08;4.93E-13;9.26E-04;0
201.4766;-9.24E-08;4.93E-13;3.09E-04;0
201.4767;-1.54E-07;4.93E-13;-3.09E-04;0
201.4768;-9.23E-08;4.93E-13;-9.26E-04;0
201.4769;9.29E-08;4.93E-13;-3.09E-04;0
201.477;1.55E-07;4.93E-13;3.09E-04;0
201.4771;9.28E-08;4.93E-13;9.26E-04;0
201.4772;-9.24E-08;4.93E-13;3.09E-04;0
201.4773;-1.54E-07;4.93E-13;-3.09E-04;0
201.4774;-9.23E-08;4.93E-13;-9.26E-04;0
201.4775;9.29E-08;4.93E-13;-3.09E-04;0
201.4776;1.55E-07;4.93E-13;3.09E-04;0
201.4777;9.28E-08;4.93E-13;9.26E-04;0
201.4778;-9.24E-08;4.93E-13;3.09E-04;0
201.4779;-1.54E-07;4.93E-13;-3.09E-04;0
201.478;-9.23E-08;4.93E-13;-9.26E-04;0
201.4781;9.29E-08;4.93E-13;-3.09E-04;0
201.4782;1.55E-07;4.93E-13;3.09E-04;0
201.4783;9.28E-08;4.93E-13;9.26E-04;0
201.4784;-9.24E-08;4.93E-13;3.09E-04;0
201.4785;-1.54E-07;4.93E-13;-3.09E-04;0
201.4786;-9.23E-08;4.93E-13;-9.26E-04;0
201.4787;9.29E-08;4.93E-13;-3.09E-04;0
201.4788;1.55E-07;4.93E-13;3.09E-04;0
201.4789;9.28E-08;4.93E-13;9.26E-04;0
201.479;-9.24E-08;4.93E-13;3.09E-04;0
201.4791;-1.54E-07;4.93E-13;-3.09E-04;0
201.4792;-9.23E-08;4.93E-13;-9.26E-04;0
201.4793;9.29E-08;4.93E-13;-3.09E-04;1
201.4794;1.55E-07;4.93E-13;3.09E-04;1
201.4795;0.165537044;-0.165538207;-1.57E-04;1
201.4796;0.328737974;-0.328747034;0.003372825;1
201.4797;0.489609838;-0.489658892;0.015686372;1
201.4798;0.648132622;-0.648304164;0.039073374;1
201.4799;0.804287434;-0.804712296;0.073353142;1
201.48;0.958057761;-0.958910942;0.118344031;1
201.4801;1.109429002;-1.110926747;0.17386359;1
201.4802;1.2583884;-1.260785222;0.239728644;1
201.4803;1.404925227;-1.408510447;0.315755576;1
201.4804;1.549030423;-1.554125428;0.40176028;1
201.4805;1.690697074;-1.69765234;0.497558415;1
201.4806;1.829919338;-1.839112043;0.602965474;1
201.4807;1.966693521;-1.978524923;0.717797101;1
201.4808;2.101017237;-2.115910292;0.841868341;1
201.4809;2.232889891;-2.251286745;0.974995017;1
201.481;2.36231184;-2.384671688;1.11699295;1
201.4811;2.489285231;-2.516083241;1.267678857;1
201.4812;2.613813639;-2.645537138;1.426869392;1
201.4813;2.735901356;-2.77305007;1.59438169;1
201.4814;2.855554104;-2.89863801;1.770033717;1
201.4815;2.972778559;-3.022315025;1.953644633;1
201.4816;3.087583542;-3.144096375;2.145033121;1
201.4817;3.199977398;-3.263996363;2.34401989;1
201.4818;3.309970379;-3.382028818;2.550426483;1
201.4819;3.417574644;-3.498207331;2.764074564;1
201.482;3.52279973;-3.612545729;2.984788179;1
201.4821;3.625659466;-3.725057125;3.212391615;1
201.4822;3.72616744;-3.835754156;3.446710348;1
201.4823;3.824337482;-3.94464922;3.687571287;1
201.4824;3.920184851;-4.051755905;3.934802294;1
201.4825;4.013725281;-4.157087326;4.188232422;1
201.4826;4.104976177;-4.260655403;4.447694778;1
201.4827;4.193952084;-4.362473011;4.713019371;1
201.4828;4.28067112;-4.462552071;4.98404026;1
201.4829;4.365152359;-4.560905457;5.26059103;1
201.483;4.447412968;-4.65754652;5.542511463;1
201.4831;4.527471542;-4.752486706;5.829637527;1
201.4832;4.605347633;-4.845739841;6.121809483;1
201.4833;4.681061268;-4.937318325;6.418869972;1
201.4834;4.754631519;-5.027234077;6.720661163;1
201.4835;4.826080322;-5.11550045;7.027028561;1
201.4836;4.895424843;-5.202131748;7.337817192;1
201.4837;4.962688446;-5.287140369;7.65287447;1
201.4838;5.027893066;-5.370540142;7.972052097;1
201.4839;5.091059208;-5.452343941;8.295199394;1
201.484;5.152207375;-5.532565117;8.622168541;1
201.4841;5.211359501;-5.611218452;8.952820778;1
201.4842;5.268537998;-5.688318729;9.287004471;1
201.4843;5.323764801;-5.763878345;9.624581337;1
201.4844;5.377060413;-5.83791256;9.965411186;1
201.4845;5.4284482;-5.9104352;10.30935574;1
201.4846;5.477949619;-5.981460094;10.65627861;1
201.4847;5.525587559;-6.051006317;11.00604343;1
201.4848;5.571383953;-6.119085789;11.3585186;1
201.4849;5.615361691;-6.185715199;11.7135725;1
201.485;5.657538891;-6.250909328;12.07107735;1
201.4851;5.697944641;-6.314684391;12.43090153;1
201.4852;5.736598015;-6.377055645;12.79292202;1
201.4853;5.77352047;-6.43803978;13.15701389;1
201.4854;5.808736324;-6.497653961;13.52305317;1
201.4855;5.842265129;-6.555912495;13.89092541;1
201.4856;5.874130726;-6.612833977;14.26050186;1
201.4857;5.904354572;-6.668433666;14.63166904;1
201.4858;5.932958126;-6.72273016;15.00431156;1
201.4859;5.959963322;-6.775739193;15.37831593;1
201.486;5.985392094;-6.827479362;15.75356293;1
201.4861;6.009266376;-6.877966881;16.1299572;1
201.4862;6.031607628;-6.927220821;16.50737953;1
201.4863;6.052436829;-6.97525692;16.88572502;1
201.4864;6.071775913;-7.02209425;17.26488304;1
201.4865;6.089646816;-7.067752361;17.6447525;1
201.4866;6.106070518;-7.11224699;18.02523613;1
201.4867;6.12106657;-7.155598164;18.4062252;1
201.4868;6.134657383;-7.197823524;18.78762627;1
201.4869;6.146862984;-7.238941193;19.16934013;1
201.487;6.157704353;-7.278970718;19.55127144;1
201.4871;6.167201996;-7.317930222;19.93332672;1
201.4872;6.175375462;-7.355836868;20.31541634;1
201.4873;6.182246208;-7.392712116;20.69743347;1
201.4874;6.187833786;-7.428574085;21.07930183;1
201.4875;6.192157269;-7.463441372;21.46092987;1
201.4876;6.195238113;-7.497332573;21.84223366;1
201.4877;6.197094917;-7.530267715;22.22312546;1
201.4878;6.197750568;-7.562264919;22.60351944;1
201.4879;6.197219372;-7.593344688;22.98333168;1
201.488;6.195523262;-7.623528481;23.3624897;1
201.4881;6.192682266;-7.652826786;23.74091339;1
201.4882;6.188714027;-7.681263924;24.11851883;1
201.4883;6.183638096;-7.708858967;24.49523544;1
201.4884;6.177474022;-7.735630989;24.87098503;1
201.4885;6.170239925;-7.761598587;25.24569321;1
201.4886;6.161952972;-7.786780834;25.6192894;1
201.4887;6.152634621;-7.811197281;25.99169922;1
201.4888;6.142302036;-7.83486557;26.36285973;1
201.4889;6.130973816;-7.857805729;26.73270035;1
201.489;6.118667126;-7.880035877;27.10115623;1
201.4891;6.105400562;-7.901575565;27.46815872;1
201.4892;6.091192722;-7.922442913;27.83364296;1
201.4893;6.076060772;-7.94265604;28.19755363;1
201.4894;6.060027122;-7.962233067;28.55982399;1
201.4895;6.043101788;-7.981192589;28.9203968;1
201.4896;6.025304317;-7.99955225;29.27920532;1
201.4897;6.006653786;-8.017333031;29.63620567;1
201.4898;5.987167358;-8.034550667;29.99133301;1
201.4899;5.966862679;-8.051222801;30.34453773;1
201.49;5.945756435;-8.067369461;30.69576454;1
201.4901;5.923865795;-8.083004951;31.04496002;1
201.4902;5.901207924;-8.098146439;31.39207458;1
201.4903;5.877799511;-8.11281395;31.73705673;1
201.4904;5.853658199;-8.12702179;32.07985687;1
201.4905;5.828799725;-8.140789986;32.42044449;1
201.4906;5.803242207;-8.154132843;32.75875473;1
201.4907;5.777000904;-8.167071342;33.09473419;1
201.4908;5.75009346;-8.179615021;33.42832947;1
201.4909;5.722536087;-8.191782951;33.75954056;1
201.491;5.694343567;-8.203590393;34.08832932;1
201.4911;5.665534496;-8.215055466;34.4146347;1
201.4912;5.636125565;-8.226191521;34.73842239;1
201.4913;5.606129169;-8.237013817;35.05964661;1
201.4914;5.575564384;-8.247538567;35.37827682;1
201.4915;5.544446468;-8.257780075;35.69427872;1
201.4916;5.512791157;-8.267754555;36.00761414;1
201.4917;5.480614662;-8.277474403;36.31825638;1
201.4918;5.447931767;-8.28695488;36.6261673;1
201.4919;5.414760113;-8.296210289;36.93132019;1
201.492;5.381114483;-8.305253983;37.23368835;1
201.4921;5.347009659;-8.314099312;37.53324127;1
201.4922;5.312461853;-8.322758675;37.82994843;1
201.4923;5.277486324;-8.331244469;38.12379074;1
201.4924;5.242098331;-8.339570045;38.4147377;1
201.4925;5.206313133;-8.347748756;38.70277023;1
201.4926;5.170144558;-8.355792999;38.98786545;1
201.4927;5.133609772;-8.363713264;39.26999664;1
201.4928;5.096722126;-8.371522903;39.54914856;1
201.4929;5.059497356;-8.37923336;39.82529831;1
201.493;5.021950245;-8.386853218;40.09843063;1
201.4931;4.984092712;-8.394395828;40.36852264;1
201.4932;4.945945263;-8.401871681;40.63556671;1
201.4933;4.907518864;-8.40928936;40.89953995;1
201.4934;4.868827343;-8.416661263;41.16043091;1
201.4935;4.829885483;-8.423994064;41.41823196;1
201.4936;4.790708065;-8.43129921;41.67292023;1
201.4937;4.751308918;-8.438589096;41.92449188;1
201.4938;4.711702824;-8.445860863;42.17293549;1
201.4939;4.671902657;-8.453132629;42.41823959;1
201.494;4.631921768;-8.460416794;42.66040039;1
201.4941;4.59177494;-8.467715263;42.89940643;1
201.4942;4.551474571;-8.475039482;43.13525009;1
201.4943;4.511034966;-8.482393265;43.36793518;1
201.4944;4.470470428;-8.489785194;43.59745407;1
201.4945;4.429793358;-8.4972229;43.8237915;1
201.4946;4.389016628;-8.504711151;44.04695129;1
201.4947;4.348152637;-8.512259483;44.26693344;1
201.4948;4.307214737;-8.519871712;44.48373413;1
201.4949;4.266215801;-8.527554512;44.69735718;1
201.495;4.225167751;-8.53531456;44.90780258;1
201.4951;4.184084415;-8.543154716;45.11510086;1
201.4952;4.142975807;-8.551082611;45.31921768;1
201.4953;4.101858139;-8.559102058;45.52015686;1
201.4954;4.060740948;-8.567217827;45.71794128;1
201.4955;4.019632816;-8.575435638;45.91256332;1
201.4956;3.978549242;-8.583757401;46.10403442;1
201.4957;3.937500954;-8.592187881;46.29236221;1
201.4958;3.896499395;-8.600730896;46.47755051;1
201.4959;3.855555773;-8.609390259;46.65961075;1
201.496;3.814680815;-8.618168831;46.83855057;1
201.4961;3.773886204;-8.62706852;47.01437759;1
201.4962;3.733182192;-8.63609314;47.18710709;1
201.4963;3.692579508;-8.645243645;47.35674667;1
201.4964;3.652088165;-8.654524803;47.52331161;1
201.4965;3.61171937;-8.663936615;47.68681335;1
201.4966;3.571481943;-8.673481941;47.84726715;1
201.4967;3.531385899;-8.683162689;48.00468445;1
201.4968;3.491441727;-8.692977905;48.15908051;1
201.4969;3.451658726;-8.702931404;48.31046677;1
201.497;3.412046194;-8.713022232;48.45886993;1
201.4971;3.37261343;-8.723252296;48.60429764;1
201.4972;3.333369493;-8.733622551;48.74677277;1
201.4973;3.294322968;-8.744131088;48.88631058;1
201.4974;3.255482674;-8.754779816;49.02293015;1
201.4975;3.21685648;-8.765568733;49.15664673;1
201.4976;3.178452969;-8.776497841;49.28749084;1
201.4977;3.140280724;-8.787566185;49.41547394;1
201.4978;3.102346897;-8.798772812;49.54061127;1
201.4979;3.064659357;-8.810117722;49.66293716;1
201.498;3.027225733;-8.82159996;49.78245544;1
201.4981;2.990053177;-8.833219528;49.89920425;1
201.4982;2.953148842;-8.844973564;50.01320648;1
201.4983;2.916519403;-8.856860161;50.12447357;1
201.4984;2.880171776;-8.868879318;50.23303986;1
201.4985;2.844112396;-8.881030083;50.33892441;1
201.4986;2.808349609;-8.893309593;50.44215393;1
201.4987;2.772885561;-8.905716896;50.54275513;1
201.4988;2.73772788;-8.91824913;50.64074326;1
201.4989;2.702882528;-8.930904388;50.73615265;1
201.499;2.668354988;-8.943678856;50.82899857;1
201.4991;2.634150743;-8.956572533;50.91932297;1
201.4992;2.600274563;-8.969584465;51.0071373;1
201.4993;2.566731453;-8.982709885;51.09249115;1
201.4994;2.533526659;-8.99594593;51.17536545;1
201.4995;2.500663996;-9.009291649;51.25585556;1
201.4996;2.468148232;-9.022742271;51.33396149;1
201.4997;2.435983419;-9.036294937;51.40968323;1
201.4998;2.404173613;-9.049948692;51.48304749;1
201.4999;2.372722387;-9.063698769;51.55410767;1
201.5;2.341633797;-9.077543259;51.62289429;1
201.5001;2.310910702;-9.091478348;51.68941879;1
201.5002;2.28055644;-9.105501175;51.75373077;1
201.5003;2.250573874;-9.119607925;51.81584167;1
201.5004;2.220966578;-9.133795738;51.87578964;1
201.5005;2.191736698;-9.148060799;51.93360138;1
201.5006;2.162886858;-9.162400246;51.98930359;1
201.5007;2.134419441;-9.176810265;52.04293442;1
201.5008;2.106336117;-9.191287041;52.09451675;1
201.5009;2.07863903;-9.205828667;52.14408493;1
201.501;2.051330328;-9.22042942;52.19166565;1
201.5011;2.02441144;-9.235088348;52.23728561;1
201.5012;1.997883558;-9.249799728;52.28098297;1
201.5013;1.971748233;-9.264560699;52.32278442;1
201.5014;1.946006417;-9.279367447;52.36271667;1
201.5015;1.920659065;-9.294215202;52.40081406;1
201.5016;1.895707011;-9.309103966;52.43711472;1
201.5017;1.87115097;-9.324026108;52.4716301;1
201.5018;1.846991181;-9.338981628;52.50440216;1
201.5019;1.823228002;-9.353963852;52.53545761;1
201.502;1.799862027;-9.368969917;52.56482697;1
201.5021;1.776892424;-9.38399601;52.59254074;1
201.5022;1.754319906;-9.399040222;52.6186409;1
201.5023;1.732143641;-9.414099693;52.64315033;1
201.5024;1.710363507;-9.429167747;52.66608429;1
201.5025;1.688978791;-9.444235802;52.68748093;1
201.5026;1.667988777;-9.459303856;52.70737076;1
201.5027;1.64739275;-9.47437191;52.7257843;1
201.5028;1.627189755;-9.489439964;52.7427597;1
201.5029;1.607378364;-9.504508018;52.75831604;1
201.503;1.587957859;-9.519558907;52.77248764;1
201.5031;1.56892705;-9.534600258;52.78530121;1
201.5032;1.550283909;-9.549620628;52.79677963;1
201.5033;1.532027483;-9.564620018;52.80696106;1
201.5034;1.514155746;-9.579595566;52.81587219;1
201.5035;1.496667027;-9.594542503;52.82353973;1
201.5036;1.479559422;-9.60945797;52.83000183;1
201.5037;1.462830782;-9.624342918;52.83526993;1
201.5038;1.446479321;-9.639186859;52.83938217;1
201.5039;1.430502295;-9.653991699;52.84236526;1
201.504;1.414897799;-9.668753624;52.84424591;1
201.5041;1.399663925;-9.683469772;52.84505081;1
201.5042;1.384797573;-9.698137283;52.84481049;1
201.5043;1.37029624;-9.712752342;52.84355164;1
201.5044;1.356157422;-9.727313995;52.84129333;1
201.5045;1.342378378;-9.741814613;52.83806992;1
201.5046;1.328956246;-9.756258011;52.83390808;1
201.5047;1.315888166;-9.770636559;52.82883453;1
201.5048;1.303171158;-9.784949303;52.82287216;1
201.5049;1.290802121;-9.79919529;52.81604767;1
201.505;1.278778315;-9.813370705;52.80838776;1
201.5051;1.267096162;-9.82747364;52.79990005;1
201.5052;1.255752563;-9.841500282;52.79063797;1
201.5053;1.244744182;-9.855449677;52.78060913;1
201.5054;1.234068036;-9.869318008;52.76984406;1
201.5055;1.223720551;-9.883106232;52.75836563;1
201.5056;1.21369803;-9.896807671;52.74620056;1
201.5057;1.203997254;-9.910424232;52.73336411;1
201.5058;1.19461453;-9.923953056;52.71988678;1
201.5059;1.185546279;-9.937390327;52.70578384;1
201.506;1.176789045;-9.950735092;52.69108582;1
201.5061;1.168338895;-9.963986397;52.67581177;1
201.5062;1.16019249;-9.97714138;52.65998459;1
201.5063;1.152345538;-9.990199089;52.64362717;1
201.5064;1.144794941;-10.00315762;52.62675858;1
201.5065;1.137536168;-10.0160141;52.6094017;1
201.5066;1.130565882;-10.02876854;52.59157181;1
201.5067;1.12387991;-10.04141903;52.57329559;1
201.5068;1.117474794;-10.05396366;52.55459595;1
201.5069;1.111346126;-10.06640339;52.53548431;1
201.507;1.105490327;-10.07873344;52.5159874;1
201.5071;1.099903226;-10.09095383;52.49612427;1
201.5072;1.094580889;-10.10306358;52.47590637;1
201.5073;1.089519382;-10.11506176;52.45536423;1
201.5074;1.08471477;-10.1269474;52.43450928;1
201.5075;1.08016324;-10.13871861;52.4133606;1
201.5076;1.0758605;-10.15037537;52.39193344;1
201.5077;1.071802378;-10.16191483;52.37025452;1
201.5078;1.067985296;-10.17333984;52.34833145;1
201.5079;1.064404964;-10.18464565;52.32618713;1
201.508;1.061057568;-10.19583225;52.30383682;1
201.5081;1.057938933;-10.20689964;52.28129196;1
201.5082;1.055045128;-10.21784782;52.25856781;1
201.5083;1.05237174;-10.2286768;52.23569107;1
201.5084;1.049915195;-10.2393856;52.21266556;1
201.5085;1.047671199;-10.24997139;52.18951797;1
201.5086;1.045636058;-10.26043606;52.16625977;1
201.5087;1.043805599;-10.27077866;52.14289474;1
201.5088;1.042175889;-10.28099728;52.11943817;1
201.5089;1.040742993;-10.29109383;52.09591293;1
201.509;1.039502978;-10.30106735;52.07235718;1
201.5091;1.038451672;-10.31091785;52.04871368;1
201.5092;1.037585616;-10.32064342;52.02506256;1
201.5093;1.03690052;-10.33024502;52.00141144;1
201.5094;1.03639257;-10.33972263;51.97776031;1
201.5095;1.036057949;-10.34907627;51.95410919;1
201.5096;1.035892725;-10.35830593;51.93045807;1
201.5097;1.035893202;-10.36741066;51.90681458;1
201.5098;1.036055565;-10.37639236;51.88325882;1
201.5099;1.03637588;-10.38525009;51.85972214;1
201.51;1.03685081;-10.39398384;51.83626175;1
201.5101;1.037476659;-10.40259457;51.81287766;1
201.5102;1.038249016;-10.41108036;51.78957367;1
201.5103;1.039164424;-10.41944408;51.76636124;1
201.5104;1.040219426;-10.42768383;51.7432518;1
201.5105;1.041410565;-10.43580055;51.72024918;1
201.5106;1.042734146;-10.44379616;51.69738388;1
201.5107;1.044186473;-10.45166874;51.67464066;1
201.5108;1.045763969;-10.45942116;51.65203857;1
201.5109;1.047463536;-10.46705055;51.62958145;1
201.511;1.049281359;-10.47456074;51.60728836;1
201.5111;1.051214218;-10.48195171;51.58515167;1
201.5112;1.053258657;-10.48922348;51.56318665;1
201.5113;1.0554111;-10.49637604;51.54140472;1
201.5114;1.057668567;-10.50340939;51.51980972;1
201.5115;1.060027599;-10.51032352;51.49840546;1
201.5116;1.062484741;-10.51711845;51.47720337;1
201.5117;1.065036893;-10.52379894;51.45620728;1
201.5118;1.067681074;-10.53036213;51.4354248;1
201.5119;1.070414066;-10.53680992;51.41485596;1
201.512;1.073232651;-10.54314327;51.39451981;1
201.5121;1.076133609;-10.54936314;51.37440491;1
201.5122;1.079114199;-10.55546856;51.35452652;1
201.5123;1.082171917;-10.5614624;51.33488464;1
201.5124;1.085302591;-10.56734467;51.31549454;1
201.5125;1.088503838;-10.57311535;51.29634857;1
201.5126;1.091772795;-10.57877636;51.27745819;1
201.5127;1.095106602;-10.5843277;51.25882721;1
201.5128;1.098502517;-10.58977032;51.24045181;1
201.5129;1.101957917;-10.59510708;51.22234344;1
201.513;1.105469584;-10.60033607;51.20450974;1
201.5131;1.109035254;-10.60545921;51.18695068;1
201.5132;1.112652302;-10.6104784;51.16966629;1
201.5133;1.116317987;-10.61539268;51.15265656;1
201.5134;1.120029569;-10.62020493;51.13593292;1
201.5135;1.123784781;-10.62491608;51.11949158;1
201.5136;1.12758112;-10.62952423;51.10334015;1
201.5137;1.131415963;-10.63403225;51.08747864;1
201.5138;1.135287046;-10.63844109;51.07190323;1
201.5139;1.139191866;-10.64275455;51.05662537;1
201.514;1.143128157;-10.6469698;51.04164505;1
201.5141;1.147093773;-10.65108871;51.02696609;1
201.5142;1.151086211;-10.65511322;51.01258469;1
201.5143;1.155103326;-10.65904331;50.99850082;1
201.5144;1.15914309;-10.6628809;50.98471451;1
201.5145;1.16320312;-10.66662598;50.97122955;1
201.5146;1.167281628;-10.67028141;50.95804977;1
201.5147;1.171376348;-10.67384624;50.94517136;1
201.5148;1.175485492;-10.67732239;50.93260193;1
201.5149;1.179606795;-10.68071175;50.92033768;1
201.515;1.183738351;-10.68401337;50.90837479;1
201.5151;1.187878251;-10.6872282;50.89671707;1
201.5152;1.192024946;-10.69036102;50.88536453;1
201.5153;1.196176171;-10.69340897;50.87432098;1
201.5154;1.200330615;-10.69637585;50.86358261;1
201.5155;1.204485059;-10.69926167;50.8531456;1
201.5156;1.208639503;-10.70206642;50.84301376;1
201.5157;1.212792516;-10.70479298;50.83318329;1
201.5158;1.216941833;-10.70744228;50.82366562;1
201.5159;1.221085548;-10.71001244;50.8144455;1
201.516;1.225222349;-10.7125082;50.80552292;1
201.5161;1.229350805;-10.71492958;50.79690552;1
201.5162;1.233469009;-10.71727657;50.78858948;1
201.5163;1.237576008;-10.71955109;50.78057098;1
201.5164;1.241670132;-10.72175407;50.77285004;1
201.5165;1.24575007;-10.72388744;50.76541901;1
201.5166;1.249814272;-10.72595119;50.75828552;1
201.5167;1.253861666;-10.72794628;50.75144577;1
201.5168;1.25789094;-10.72987556;50.74489594;1
201.5169;1.261900783;-10.73173714;50.7386322;1
201.517;1.265890002;-10.73353386;50.73265839;1
201.5171;1.269857526;-10.73526764;50.72697067;1
201.5172;1.273802042;-10.73693752;50.72156525;1
201.5173;1.277722478;-10.73854637;50.71644211;1
201.5174;1.281617641;-10.74009514;50.71159363;1
201.5175;1.285486817;-10.74158382;50.70702362;1
201.5176;1.289328933;-10.74301338;50.70273209;1
201.5177;1.293142796;-10.74438572;50.6987114;1
201.5178;1.296927691;-10.74570084;50.69496155;1
201.5179;1.300682425;-10.74696064;50.69147491;1
201.518;1.304406285;-10.74816608;50.6882515;1
201.5181;1.308098435;-10.74931717;50.6852951;1
201.5182;1.311757803;-10.75041676;50.68260193;1
201.5183;1.315383911;-10.75146484;50.68016052;1
201.5184;1.318975925;-10.75246239;50.6779747;1
201.5185;1.322532892;-10.75341034;50.67604446;1
201.5186;1.326054335;-10.75430965;50.67435837;1
201.5187;1.329538941;-10.75516129;50.67292404;1
201.5188;1.332987666;-10.75596619;50.67172623;1
201.5189;1.336397767;-10.75672531;50.67076874;1
201.519;1.339770317;-10.75744057;50.67004776;1
201.5191;1.343104005;-10.75811291;50.66956711;1
201.5192;1.346398473;-10.75874329;50.66930771;1
201.5193;1.349653006;-10.75932884;50.66928482;1
201.5194;1.352867246;-10.7598753;50.66948318;1
201.5195;1.356040597;-10.76038265;50.6699028;1
201.5196;1.359172821;-10.760849;50.67054749;1
201.5197;1.362263441;-10.76127815;50.67140198;1
201.5198;1.36531198;-10.76167011;50.67246628;1
201.5199;1.3683182;-10.76202488;50.67373657;1
201.52;1.371281505;-10.76234531;50.67521667;1
201.5201;1.374201775;-10.76263046;50.67689896;1
201.5202;1.377078533;-10.76288223;50.6787796;1
201.5203;1.37991178;-10.76310349;50.6808548;1
201.5204;1.38270092;-10.7632885;50.68312073;1
201.5205;1.385445833;-10.76344395;50.68557739;1
201.5206;1.38814652;-10.76357079;50.68821716;1
201.5207;1.390802503;-10.76366711;50.69104004;1
201.5208;1.393413782;-10.76373291;50.69404221;1
201.5209;1.39598012;-10.76377201;50.69722366;1
201.521;1.398501396;-10.76378441;50.70057297;1
201.5211;1.400977373;-10.76377106;50.70409012;1
201.5212;1.403408051;-10.76373196;50.70776749;1
201.5213;1.405793428;-10.76366806;50.71162033;1
201.5214;1.408133388;-10.76358032;50.71562195;1
201.5215;1.410427928;-10.76346874;50.71977615;1
201.5216;1.41267693;-10.76333427;50.72408676;1
201.5217;1.414880514;-10.76317883;50.7285347;1
201.5218;1.41703856;-10.7630024;50.73314285;1
201.5219;1.419151187;-10.76280594;50.73788071;1
201.522;1.421218395;-10.76259136;50.74276733;1
201.5221;1.423240304;-10.76235294;50.74777985;1
201.5222;1.425216913;-10.76209736;50.75292587;1
201.5223;1.427148223;-10.76182652;50.75820541;1
201.5224;1.429034591;-10.76154041;50.76360321;1
201.5225;1.430875778;-10.76123238;50.76911545;1
201.5226;1.432672262;-10.7609129;50.7747612;1
201.5227;1.434424043;-10.76057911;50.78051758;1
201.5228;1.43613112;-10.76022625;50.78638077;1
201.5229;1.437794089;-10.75986767;50.79235077;1
201.523;1.439412951;-10.7594862;50.79842758;1
201.5231;1.440987706;-10.75910091;50.80460358;1
201.5232;1.442518711;-10.7586956;50.81087875;1
201.5233;1.444006205;-10.75828838;50.81725311;1
201.5234;1.445450425;-10.75785923;50.82371902;1
201.5235;1.446851492;-10.75743008;50.83027267;1
201.5236;1.448209882;-10.7569828;50.83691406;1
201.5237;1.449525714;-10.75652981;50.84363556;1
201.5238;1.450799346;-10.75607491;50.85043335;1
201.5239;1.452030897;-10.75559807;50.8572998;1
201.524;1.453220725;-10.75512123;50.86426163;1
201.5241;1.454369187;-10.75464439;50.8712883;1
201.5242;1.455476761;-10.75414753;50.87837219;1
201.5243;1.456543326;-10.75364685;50.88552475;1
201.5244;1.457569718;-10.75314617;50.89274979;1
201.5245;1.458556056;-10.75264549;50.90001297;1
201.5246;1.459502697;-10.75213146;50.90735626;1
201.5247;1.460409999;-10.75160694;50.91473389;1
201.5248;1.461278319;-10.75108242;50.92217255;1
201.5249;1.462107778;-10.7505579;50.92964935;1
201.525;1.462899208;-10.75003338;50.93718338;1
201.5251;1.463652492;-10.74950886;50.94473648;1
201.5252;1.464368463;-10.74898434;50.95236588;1
201.5253;1.46504724;-10.74845982;50.95999527;1
201.5254;1.465690255;-10.7479353;50.96768188;1
201.5255;1.466296554;-10.74738979;50.97540665;1
201.5256;1.46686697;-10.74684143;50.98313141;1
201.5257;1.467401981;-10.74629307;50.99088287;1
201.5258;1.467901707;-10.74574471;50.998703;1
201.5259;1.468366861;-10.74520206;51.00652313;1
201.526;1.468797922;-10.74467754;51.01434326;1
201.5261;1.469195366;-10.74415302;51.02216339;1
201.5262;1.469559789;-10.7436285;51.02999878;1
201.5263;1.469891429;-10.74310398;51.03791428;1
201.5264;1.470190763;-10.74257946;51.04582977;1
201.5265;1.47045815;-10.74205494;51.05374527;1
201.5266;1.470693946;-10.74153042;51.06166077;1
201.5267;1.470898747;-10.7410059;51.06957626;1
201.5268;1.471072912;-10.74048138;51.07749176;1
201.5269;1.471216798;-10.73995686;51.08540726;1
201.527;1.47133112;-10.73944569;51.09332275;1
201.5271;1.471416116;-10.73894501;51.10123825;1
201.5272;1.471472502;-10.73844433;51.10915375;1
201.5273;1.471500635;-10.73794365;51.11706924;1
201.5274;1.471500874;-10.73744297;51.12492371;1
201.5275;1.471473813;-10.73694515;51.13274384;1
201.5276;1.47142005;-10.73646832;51.14056396;1
201.5277;1.47134006;-10.73599148;51.14838409;1
201.5278;1.471234202;-10.73551464;51.15620422;1
201.5279;1.471103072;-10.7350378;51.16402435;1
201.528;1.470947146;-10.73457813;51.17174911;1
201.5281;1.470766425;-10.73412514;51.17947388;1
201.5282;1.470561862;-10.73367214;51.18719864;1
201.5283;1.470333695;-10.73321915;51.19490433;1
201.5284;1.470082402;-10.73278618;51.20253372;1
201.5285;1.469808698;-10.73235703;51.21016312;1
201.5286;1.46951282;-10.73192787;51.21778488;1
201.5287;1.469195247;-10.73150635;51.22531891;1
201.5288;1.468856692;-10.73110104;51.23285294;1
201.5289;1.468497396;-10.73069572;51.24035645;1
201.529;1.468117952;-10.73029041;51.2477951;1
201.5291;1.467718601;-10.72990894;51.25523376;1
201.5292;1.467300296;-10.72952747;51.26259232;1
201.5293;1.466862798;-10.729146;51.26993561;1
201.5294;1.46640718;-10.72878456;51.27722931;1
201.5295;1.465933561;-10.72842693;51.28447723;1
201.5296;1.465442538;-10.72806931;51.29169083;1
201.5297;1.464934587;-10.72773075;51.29884338;1
201.5298;1.464410067;-10.72739697;51.30596542;1
201.5299;1.463869214;-10.72706318;51.31302261;1
201.53;1.463312745;-10.72674942;51.32004547;1
201.5301;1.462741137;-10.72643948;51.32700729;1
201.5302;1.462154627;-10.72612953;51.33392715;1
201.5303;1.461553931;-10.72584152;51.34079361;1
201.5304;1.460939288;-10.72555542;51.34759903;1
201.5305;1.460311174;-10.72527122;51.35437012;1
201.5306;1.459670186;-10.72500896;51.3610611;1
201.5307;1.459016323;-10.7247467;51.36772537;1
201.5308;1.45835042;-10.72449112;51.37430573;1
201.5309;1.457672715;-10.7242527;51.38084412;1
201.531;1.456983566;-10.72401428;51.3873291;1
201.5311;1.456283689;-10.72378731;51.39373779;1
201.5312;1.455573082;-10.72357273;51.40011215;1
201.5313;1.454852462;-10.72335815;51.4064064;1
201.5314;1.454121828;-10.72315979;51.41264725;1
201.5315;1.453382015;-10.72296906;51.41884613;1
201.5316;1.452633142;-10.72277832;51.42494965;1
201.5317;1.451875925;-10.72260857;51.4310112;1
201.5318;1.451110244;-10.72244167;51.43701935;1
201.5319;1.450336814;-10.72227669;51.44293976;1
201.532;1.449555874;-10.72213364;51.44881439;1
201.5321;1.448768139;-10.72199059;51.45463181;1
201.5322;1.447973371;-10.72185326;51.46036148;1
201.5323;1.447172403;-10.72173405;51.46604156;1
201.5324;1.446365476;-10.72161484;51.47166824;1
201.5325;1.445552945;-10.72150517;51.47720337;1
201.5326;1.444734931;-10.7214098;51.4826889;1
201.5327;1.443912148;-10.72131443;51.48812103;1
201.5328;1.443084836;-10.72123051;51.49346161;1
201.5329;1.442253113;-10.72115898;51.49874878;1
201.533;1.441417456;-10.72108746;51.50398254;1
201.5331;1.440578222;-10.72102928;51.50913239;1
201.5332;1.439735651;-10.7209816;51.51421738;1
201.5333;1.4388901;-10.72093391;51.51924896;1
201.5334;1.438041806;-10.72089863;51.52420807;1
201.5335;1.437191486;-10.72087479;51.52908707;1
201.5336;1.43633914;-10.72085094;51.53391266;1
201.5337;1.43548429;-10.72083759;51.53868103;1
201.5338;1.434628963;-10.72083759;51.54335785;1
201.5339;1.43377161;-10.72083759;51.54798126;1
201.534;1.432913303;-10.72084427;51.55255127;1
201.5341;1.432054996;-10.72086811;51.55703354;1
201.5342;1.43119669;-10.72089195;51.56145096;1
201.5343;1.430338383;-10.72091579;51.56581497;1
201.5344;1.429480076;-10.72096252;51.57010651;1
201.5345;1.428621769;-10.72101021;51.57432175;1
201.5346;1.427763462;-10.72105789;51.57848358;1
201.5347;1.426906824;-10.72111893;51.58258438;1
201.5348;1.426051497;-10.72119045;51.58660126;1
201.5349;1.425197124;-10.72126198;51.59056473;1
201.535;1.424344778;-10.7213335;51.59447479;1
201.5351;1.423494339;-10.72142792;51.59828949;1
201.5352;1.422645807;-10.72152328;51.6020546;1
201.5353;1.421799421;-10.72161865;51.60577011;1
201.5354;1.420956016;-10.72171879;51.60939407;1
201.5355;1.420115232;-10.721838;51.61296463;1
201.5356;1.41927743;-10.72195721;51.61648941;1
201.5357;1.418442607;-10.72207642;51.61992264;1
201.5358;1.417611241;-10.72220039;51.62330246;1
201.5359;1.416783571;-10.72234344;51.62663651;1
201.536;1.415959477;-10.7224865;51.629879;1
201.5361;1.415139079;-10.72262955;51.63307571;1
201.5362;1.414323211;-10.7227726;51.63622284;1
201.5363;1.413511276;-10.72293758;51.63927841;1
201.5364;1.412703991;-10.72310448;51.64229584;1
201.5365;1.411901116;-10.72327137;51.64525223;1
201.5366;1.411103249;-10.72343826;51.64813232;1
201.5367;1.41031003;-10.72361088;51.65097427;1
201.5368;1.409521818;-10.72380161;51.65373993;1
201.5369;1.40873909;-10.72399235;51.65644836;1
201.537;1.407961607;-10.72418308;51.65911865;1
201.5371;1.407189608;-10.72437382;51.66169739;1
201.5372;1.406423092;-10.72456551;51.66424561;1
201.5373;1.405662417;-10.72478008;51.66672516;1
201.5374;1.404907584;-10.72499466;51.66914749;1
201.5375;1.404158831;-10.72520924;51.67153168;1
201.5376;1.403416157;-10.72542381;51.67383194;1
201.5377;1.402679682;-10.72563839;51.6761055;1
201.5378;1.401949406;-10.72585583;51.67829895;1
201.5379;1.401225567;-10.72609425;51.68045425;1
201.538;1.400508285;-10.72633266;51.68255234;1
201.5381;1.399797678;-10.72657108;51.6845932;1
201.5382;1.399093866;-10.7268095;51.68659592;1
201.5383;1.39839673;-10.72704792;51.68852615;1
201.5384;1.39770627;-10.72728634;51.6904335;1
201.5385;1.397023082;-10.72752476;51.69225311;1
201.5386;1.396346688;-10.72778702;51.69406509;1
201.5387;1.395677447;-10.72804928;51.69578171;1
201.5388;1.395015597;-10.72831154;51.69749451;1
201.5389;1.3943609;-10.7285738;51.69911575;1
201.539;1.393713713;-10.72883606;51.70073318;1
201.5391;1.393073559;-10.72909832;51.70225906;1
201.5392;1.392441154;-10.72936058;51.70378494;1
201.5393;1.391815901;-10.72962284;51.70521545;1
201.5394;1.391198397;-10.7298851;51.70664597;1
201.5395;1.390588045;-10.73015976;51.70799255;1
201.5396;1.389985561;-10.73044586;51.7093277;1
201.5397;1.389390588;-10.73073196;51.71059418;1
201.5398;1.388803482;-10.73101807;51.71183395;1
201.5399;1.388224125;-10.73130417;51.71302414;1
201.54;1.387652397;-10.73159027;51.71416855;1
201.5401;1.387088776;-10.73187637;51.71529388;1
201.5402;1.386532664;-10.73216248;51.71634293;1
201.5403;1.385984421;-10.73244858;51.71739197;1
201.5404;1.385444045;-10.73273468;51.7183609;1
201.5405;1.384911299;-10.73302078;51.71931458;1
201.5406;1.384386539;-10.73330688;51.72023392;1
201.5407;1.383869529;-10.73359299;51.72109222;1
201.5408;1.383360147;-10.73387909;51.72195053;1
201.5409;1.382858753;-10.73416519;51.72273636;1
201.541;1.382364988;-10.73445129;51.7234993;1
201.5411;1.381879091;-10.7347374;51.72425461;1
201.5412;1.381400824;-10.7350235;51.72492218;1
201.5413;1.380930305;-10.7353096;51.72558975;1
201.5414;1.380467653;-10.7355957;51.72623062;1
201.5415;1.380012751;-10.7358942;51.72680283;1
201.5416;1.379565716;-10.73620415;51.72737503;1
201.5417;1.379126549;-10.73651409;51.72792053;1
201.5418;1.37869525;-10.73682404;51.72839737;1
201.5419;1.378271937;-10.73713017;51.72887421;1
201.542;1.377856374;-10.73742485;51.72933578;1
201.5421;1.37744832;-10.73771667;51.72971725;1
201.5422;1.377048016;-10.73800278;51.73009872;1
201.5423;1.376654983;-10.73828888;51.73048019;1
201.5424;1.376269698;-10.73857498;51.73078537;1
201.5425;1.375891805;-10.73886108;51.73107147;1
201.5426;1.37552166;-10.73914719;51.73135757;1
201.5427;1.375158548;-10.73943329;51.7316246;1
201.5428;1.374802947;-10.73971939;51.73181534;1
201.5429;1.374454618;-10.74000549;51.73200607;1
201.543;1.374113798;-10.7402916;51.73219681;1
201.5431;1.373780131;-10.7405777;51.73236084;1
201.5432;1.373453617;-10.7408638;51.73245621;1
201.5433;1.373134494;-10.7411499;51.73255157;1
201.5434;1.372822404;-10.741436;51.73264694;1
201.5435;1.372517586;-10.74172211;51.73274231;1
201.5436;1.372219682;-10.74200821;51.73274612;1
201.5437;1.37192893;-10.74229431;51.73274612;1
201.5438;1.371645331;-10.74258041;51.73274612;1
201.5439;1.371368527;-10.74286652;51.73274612;1
201.544;1.371098638;-10.74315262;51.73273468;1
201.5441;1.370835662;-10.74343872;51.73263931;1
201.5442;1.3705796;-10.74372482;51.73254395;1
201.5443;1.370330215;-10.74401093;51.73244858;1
201.5444;1.370087862;-10.74429703;51.73235321;1
201.5445;1.369851947;-10.74458313;51.73225784;1
201.5446;1.369622469;-10.74486923;51.73210907;1
201.5447;1.369399667;-10.74515533;51.73191833;1
201.5448;1.36918354;-10.74543285;51.7317276;1
201.5449;1.368973851;-10.74569511;51.73153687;1
201.545;1.368770361;-10.74595737;51.73134613;1
201.5451;1.368572831;-10.74621964;51.7311554;1
201.5452;1.368381381;-10.7464819;51.73096466;1
201.5453;1.368196011;-10.74674416;51.73069382;1
201.5454;1.368016601;-10.74700642;51.73040771;1
201.5455;1.36784327;-10.74726868;51.73012161;1
201.5456;1.3676759;-10.74753094;51.72983551;1
201.5457;1.367514372;-10.7477932;51.72954941;1
201.5458;1.367358685;-10.74805546;51.72926331;1
201.5459;1.3672086;-10.74831772;51.7289772;1
201.546;1.367064118;-10.74857998;51.7286911;1
201.5461;1.366925359;-10.74883461;51.72840118;1
201.5462;1.366791964;-10.74907303;51.72801971;1
201.5463;1.366663933;-10.74931145;51.72763824;1
201.5464;1.366541147;-10.74954987;51.72725677;1
201.5465;1.366423607;-10.74978828;51.72687531;1
201.5466;1.366311431;-10.7500267;51.72649384;1
201.5467;1.366204262;-10.75026512;51.72611237;1
201.5468;1.36610198;-10.75050354;51.7257309;1
201.5469;1.366004944;-10.75074196;51.72534943;1
201.547;1.365912676;-10.75098038;51.72496796;1
201.5471;1.365825057;-10.7512188;51.72458649;1
201.5472;1.365742564;-10.75145245;51.72420502;1
201.5473;1.365664124;-10.75166702;51.72382355;1
201.5474;1.365590572;-10.7518816;51.72344208;1
201.5475;1.365520954;-10.75209618;51.72306061;1
201.5476;1.365455866;-10.75231075;51.72267914;1
201.5477;1.365394831;-10.75252533;51.72224426;1
201.5478;1.365338206;-10.75273991;51.72176743;1
201.5479;1.365285993;-10.75295448;51.72129059;1
201.548;1.365237951;-10.75316906;51.72081375;1
201.5481;1.365194321;-10.75338364;51.72033691;1
201.5482;1.365154624;-10.75359821;51.71986008;1
201.5483;1.365119219;-10.75379181;51.71938324;1
201.5484;1.365087628;-10.75398254;51.7189064;1
201.5485;1.365059614;-10.75417328;51.71842957;1
201.5486;1.365035176;-10.75436401;51.71795273;1
201.5487;1.365014791;-10.75455475;51.71747589;1
201.5488;1.364997864;-10.75474548;51.71699905;1
201.5489;1.364984393;-10.75493622;51.71652222;1
201.549;1.36497438;-10.75512695;51.71604538;1
201.5491;1.364967704;-10.75531769;51.71556854;1
201.5492;1.364964604;-10.75550842;51.71509171;1
201.5493;1.364964843;-10.75567818;51.71461487;1
201.5494;1.364968061;-10.75584507;51.71413803;1
201.5495;1.36497426;-10.75601196;51.71366119;1
201.5496;1.364983439;-10.75617886;51.71318436;1
201.5497;1.364995599;-10.75634575;51.71270752;1
201.5498;1.365010619;-10.75651264;51.71223068;1
201.5499;1.365028501;-10.75667953;51.71175385;1
201.55;1.365049243;-10.75684643;51.71127701;1
201.5501;1.365072846;-10.75701332;51.71080017;1
201.5502;1.365099192;-10.75718021;51.71032333;1
201.5503;1.36512816;-10.75732708;51.7098465;1
201.5504;1.365159392;-10.75747013;51.70940781;1
201.5505;1.365192413;-10.75761318;51.70902634;1
201.5506;1.365228176;-10.75775623;51.70864487;1
201.5507;1.365265846;-10.75789928;51.7082634;1
201.5508;1.365304947;-10.75804234;51.70788193;1
201.5509;1.36534667;-10.75818539;51.70750046;1
201.551;1.365390301;-10.75832844;51.70711899;1
201.5511;1.365435243;-10.75847149;51.70673752;1
201.5512;1.365482926;-10.75861454;51.70635605;1
201.5513;1.36553216;-10.75874424;51.70597458;1
201.5514;1.365582824;-10.75886345;51.70559311;1
201.5515;1.365635514;-10.75898266;51.70521164;1
201.5516;1.365689158;-10.75910187;51.70483017;1
201.5517;1.365745068;-10.75922108;51.7044487;1
201.5518;1.365801692;-10.75934029;51.70406723;1
201.5519;1.365860701;-10.7594595;51.70368576;1
201.552;1.365920305;-10.7595787;51.70330429;1
201.5521;1.365982175;-10.75969791;51.70292282;1
201.5522;1.36604476;-10.75981712;51.70254135;1
201.5523;1.366109371;-10.75993633;51.70215988;1
201.5524;1.366174936;-10.76004028;51.70177841;1
201.5525;1.366241455;-10.76013565;51.70139694;1
201.5526;1.36631;-10.76023102;51.70101547;1
201.5527;1.366378546;-10.76032639;51.70070267;1
201.5528;1.366447806;-10.76042175;51.70041656;1
201.5529;1.366519332;-10.76051712;51.70013046;1
201.553;1.366590858;-10.76061249;51.69984436;1
201.5531;1.366662383;-10.76070786;51.69955826;1
201.5532;1.36673522;-10.76080322;51.69927216;1
201.5533;1.366809726;-10.76089859;51.69898605;1
201.5534;1.366884232;-10.76099396;51.69869995;1
201.5535;1.366958737;-10.76108932;51.69841385;1
201.5536;1.367034316;-10.76116753;51.69812775;1
201.5537;1.367111802;-10.76123905;51.69784164;1
201.5538;1.367189288;-10.76131058;51.69755554;1
201.5539;1.367266774;-10.7613821;51.69726944;1
201.554;1.36734426;-10.76145363;51.69698334;1
201.5541;1.367421746;-10.76152515;51.69669724;1
201.5542;1.367499232;-10.76159668;51.69641113;1
201.5543;1.367579103;-10.76166821;51.69612503;1
201.5544;1.367659569;-10.76173973;51.69591522;1
201.5545;1.367740035;-10.76181126;51.69572449;1
201.5546;1.367820501;-10.76188278;51.69553375;1
201.5547;1.367900968;-10.76195431;51.69534302;1
201.5548;1.367981434;-10.76202583;51.69515228;1
201.5549;1.3680619;-10.76209259;51.69496155;1
201.555;1.368142366;-10.76214027;51.69477081;1
201.5551;1.368222833;-10.76218796;51.69458008;1
201.5552;1.368303299;-10.76223564;51.69438934;1
201.5553;1.368383765;-10.76228333;51.69419861;1
201.5554;1.368464231;-10.76233101;51.69400787;1
201.5555;1.368544698;-10.76237869;51.69381714;1
201.5556;1.368625164;-10.76242638;51.6936264;1
201.5557;1.36870563;-10.76247406;51.69343567;1
201.5558;1.368786097;-10.76252174;51.69324493;1
201.5559;1.368866563;-10.76256943;51.6930542;1
201.556;1.368946314;-10.76261711;51.69292068;1
201.5561;1.3690238;-10.76266479;51.69282532;1
201.5562;1.369101286;-10.76271248;51.69272995;1
201.5563;1.369178772;-10.76276016;51.69263458;1
201.5564;1.369256258;-10.76280785;51.69253922;1
201.5565;1.369333744;-10.76285553;51.69244385;1
201.5566;1.36941123;-10.76288414;51.69234848;1
201.5567;1.369488716;-10.76290798;51.69225311;1
201.5568;1.369563937;-10.76293182;51.69215775;1
201.5569;1.369638443;-10.76295567;51.69206238;1
201.557;1.369712949;-10.76297951;51.69196701;1
201.5571;1.369787455;-10.76300335;51.69187164;1
201.5572;1.36986196;-10.76302719;51.69177628;1
201.5573;1.369935751;-10.76305103;51.69168091;1
201.5574;1.370007277;-10.76307487;51.69158554;1
201.5575;1.370078802;-10.76309872;51.69149017;1
201.5576;1.370150328;-10.76312256;51.69139481;1
201.5577;1.370221853;-10.7631464;51.69129944;1
201.5578;1.370293379;-10.76317024;51.69128036;1
201.5579;1.370362639;-10.76319408;51.69128036;1
201.558;1.370431185;-10.76321793;51.69128036;1
201.5581;1.37049973;-10.76324177;51.69128036;1
201.5582;1.370568275;-10.76326561;51.69128036;1
201.5583;1.370634913;-10.76328945;51.69128036;1
201.5584;1.370700479;-10.76331329;51.69128036;1
201.5585;1.370766044;-10.76333714;51.69128036;1
201.5586;1.370831609;-10.76336098;51.69128036;1
201.5587;1.37089622;-10.76338482;51.69128036;1
201.5588;1.370958805;-10.76340389;51.69128036;1
201.5589;1.37102139;-10.76340389;51.69128036;1
201.559;1.371083975;-10.76340389;51.69128036;1
201.5591;1.371144772;-10.76340389;51.69128036;1
201.5592;1.371204376;-10.76340389;51.69128036;1
201.5593;1.371263981;-10.76340389;51.69128036;1
201.5594;1.371323347;-10.76340389;51.69128036;1
201.5595;1.371379972;-10.76340389;51.69128036;1
201.5596;1.371436596;-10.76340389;51.69128036;1
201.5597;1.37149322;-10.76340389;51.69128036;1
201.5598;1.371548772;-10.76340389;51.69128036;1
201.5599;1.371602416;-10.76340389;51.69128036;1
201.56;1.37165606;-10.76340389;51.6913681;1
201.5601;1.371709466;-10.76340389;51.69146347;1
201.5602;1.37176013;-10.76340389;51.69155884;1
201.5603;1.371810794;-10.76340389;51.69165421;1
201.5604;1.371861219;-10.76340389;51.69174957;1
201.5605;1.371908903;-10.76340389;51.69184494;1
201.5606;1.371956587;-10.76340389;51.69194031;1
201.5607;1.372004271;-10.76340389;51.69203568;1
201.5608;1.372049212;-10.76340389;51.69213104;1
201.5609;1.372093916;-10.76340389;51.69222641;1
201.561;1.372138619;-10.76340389;51.69232178;1
201.5611;1.372181416;-10.76340389;51.69241714;1
201.5612;1.372223139;-10.76340389;51.69251251;1
201.5613;1.372264862;-10.76340389;51.69260788;1
201.5614;1.372305989;-10.76340389;51.69270325;1
201.5615;1.372344732;-10.76340389;51.69279861;1
201.5616;1.372383475;-10.76340389;51.69289398;1
201.5617;1.372422218;-10.76340389;51.69298935;1
201.5618;1.372459292;-10.76340389;51.69308472;1
201.5619;1.372495055;-10.76340389;51.69318008;1
201.562;1.372530818;-10.76340389;51.69327545;1
201.5621;1.372566581;-10.76340389;51.69337082;1
201.5622;1.372600198;-10.76340389;51.69346619;1
201.5623;1.37263298;-10.76340389;51.69356155;1
201.5624;1.372665763;-10.76340389;51.69365692;1
201.5625;1.372698545;-10.76340389;51.69375229;1
201.5626;1.372729301;-10.76340389;51.69384766;1
201.5627;1.372759104;-10.76340389;51.69394302;1
201.5628;1.372788906;-10.76340389;51.69403839;1
201.5629;1.372818708;-10.76340389;51.69413376;1
201.563;1.372847319;-10.76340389;51.69422913;1
201.5631;1.372874141;-10.76340389;51.69432449;1
201.5632;1.372900963;-10.76340389;51.69441986;1
201.5633;1.372927785;-10.76340389;51.69451523;1
201.5634;1.372954607;-10.76340389;51.6946106;1
201.5635;1.372978926;-10.76340389;51.69470596;1
201.5636;1.373002768;-10.76340389;51.69480133;1
201.5637;1.373026609;-10.76340389;51.6948967;1
201.5638;1.373050451;-10.76340389;51.69499207;1
201.5639;1.373074055;-10.76340389;51.69513321;1
201.564;1.373094916;-10.76340389;51.69532394;1
201.5641;1.373115778;-10.76340389;51.69551468;1
201.5642;1.37313664;-10.76340199;51.69570541;1
201.5643;1.373155594;-10.76338482;51.69589615;1
201.5644;1.373173475;-10.76336765;51.69608688;1
201.5645;1.373191357;-10.76335144;51.69627762;1
201.5646;1.373207569;-10.76333523;51.69646835;1
201.5647;1.37322247;-10.76332092;51.69665909;1
201.5648;1.373237371;-10.76330662;51.69684982;1
201.5649;1.373251438;-10.76329231;51.69704056;1
201.565;1.373263359;-10.76327991;51.69723129;1
201.5651;1.37327528;-10.76326752;51.69742203;1
201.5652;1.373287201;-10.76325607;51.69761276;1
201.5653;1.373296976;-10.76324463;51.6978035;1
201.5654;1.373305917;-10.76323414;51.69799423;1
201.5655;1.373314857;-10.7632246;51.69818497;1
201.5656;1.373323798;-10.76321411;51.6983757;1
201.5657;1.373329997;-10.76320553;51.69856644;1
201.5658;1.373335958;-10.7631979;51.69875717;1
201.5659;1.373341918;-10.76318932;51.69894791;1
201.566;1.373347878;-10.76318169;51.69913864;1
201.5661;1.373351693;-10.76317406;51.69932938;1
201.5662;1.373354673;-10.76316833;51.69952011;1
201.5663;1.373357654;-10.76316357;51.69971085;1
201.5664;1.373360634;-10.76315689;51.69990158;1
201.5665;1.373363376;-10.76315117;51.70009232;1
201.5666;1.373363376;-10.76314735;51.70028305;1
201.5667;1.373363376;-10.76314449;51.70047379;1
201.5668;1.373363376;-10.76313972;51.70066452;1
201.5669;1.373363376;-10.76313686;51.70085526;1
201.567;1.373363376;-10.76313305;51.70104599;1
201.5671;1.373360515;-10.76313114;51.70123672;1
201.5672;1.373357534;-10.76312923;51.70142746;1
201.5673;1.373354554;-10.76312828;51.70161819;1
201.5674;1.373351574;-10.76312637;51.70180893;1
201.5675;1.373348594;-10.76312542;51.70199966;1
201.5676;1.373345017;-10.76312351;51.7021904;1
201.5677;1.373339057;-10.76312351;51.70238113;1
201.5678;1.373333097;-10.76312351;51.70257187;1
201.5679;1.373327136;-10.76312351;51.7027626;1
201.568;1.373321176;-10.76312351;51.70295334;1
201.5681;1.373315215;-10.76312351;51.70314407;1
201.5682;1.373309255;-10.76312351;51.70333481;1
201.5683;1.373301148;-10.76312351;51.70352554;1
201.5684;1.373292208;-10.76312351;51.70371628;1
201.5685;1.373283267;-10.76312351;51.70390701;1
201.5686;1.373274326;-10.76312351;51.70409775;1
201.5687;1.373265386;-10.76312351;51.70428467;1
201.5688;1.373256445;-10.76312351;51.70438004;1
201.5689;1.373247504;-10.76312351;51.7044754;1
201.569;1.373238564;-10.76312351;51.70457077;1
201.5691;1.373229623;-10.76312351;51.70466614;1
201.5692;1.373220682;-10.76312351;51.70476151;1
201.5693;1.373211741;-10.76312351;51.70485687;1
201.5694;1.373202801;-10.76312351;51.70495224;1
201.5695;1.37319088;-10.76312351;51.70504761;1
201.5696;1.373178959;-10.76312351;51.70514297;1
201.5697;1.373167038;-10.76312351;51.70523834;1
201.5698;1.373155117;-10.76312351;51.70533371;1
201.5699;1.373143196;-10.76312351;51.70542908;1
201.57;1.373131275;-10.76312351;51.70552444;1
201.5701;1.373119354;-10.76312351;51.70561981;1
201.5702;1.373107433;-10.76312351;51.70571518;1
201.5703;1.373095512;-10.76312351;51.70581055;1
201.5704;1.373083591;-10.76312351;51.70590591;1
201.5705;1.373071671;-10.76312351;51.70600128;1
201.5706;1.37305975;-10.76312351;51.70609665;1
201.5707;1.373047829;-10.76312351;51.70619202;1
201.5708;1.373035908;-10.76312351;51.70628738;1
201.5709;1.373023987;-10.76312351;51.70638275;1
201.571;1.373012066;-10.76312351;51.70647812;1
201.5711;1.373000145;-10.76312351;51.70657349;1
201.5712;1.372988224;-10.76312351;51.70666885;1
201.5713;1.372976303;-10.76312351;51.70676422;1
201.5714;1.372964382;-10.76312351;51.70685959;1
201.5715;1.372952461;-10.76312351;51.70695496;1
201.5716;1.37294054;-10.76312351;51.70705032;1
201.5717;1.372928619;-10.76312351;51.70714569;1
201.5718;1.372916698;-10.76312351;51.70724106;1
201.5719;1.372904778;-10.76312351;51.70733643;1
201.572;1.372892857;-10.76312351;51.70743179;1
201.5721;1.372880936;-10.76312351;51.70752716;1
201.5722;1.372869015;-10.76312351;51.70762253;1
201.5723;1.372857094;-10.76312351;51.7077179;1
201.5724;1.372842312;-10.76312351;51.70781326;1
201.5725;1.372827411;-10.76312351;51.70790863;1
201.5726;1.37281251;-10.76312351;51.708004;1
201.5727;1.372797608;-10.76312351;51.70809937;1
201.5728;1.372782707;-10.76312351;51.70819473;1
201.5729;1.372767806;-10.76312351;51.7082901;1
201.573;1.372752905;-10.76312351;51.70838547;1
201.5731;1.372738004;-10.76312351;51.70848083;1
201.5732;1.372723103;-10.76312351;51.7085762;1
201.5733;1.372708201;-10.76312351;51.70867157;1
201.5734;1.3726933;-10.76312351;51.70876694;1
201.5735;1.372678399;-10.76312351;51.7088623;1
201.5736;1.372663498;-10.76312351;51.70895767;1
201.5737;1.372648597;-10.76312351;51.70905304;1
201.5738;1.372633696;-10.76312351;51.70914841;1
201.5739;1.372618794;-10.76312351;51.70924377;1
201.574;1.372603893;-10.76312351;51.70933914;1
201.5741;1.372588992;-10.76312351;51.70943451;1
201.5742;1.372574091;-10.76312351;51.70952988;1
201.5743;1.37255919;-10.76312351;51.70962524;1
201.5744;1.372544289;-10.76312351;51.70972061;1
201.5745;1.372529387;-10.76312351;51.70981598;1
201.5746;1.372514486;-10.76312351;51.70991135;1
201.5747;1.372499585;-10.76312351;51.71000671;1
201.5748;1.372484684;-10.76312351;51.71010208;1
201.5749;1.372469783;-10.76312351;51.71019745;1
201.575;1.372454882;-10.76312351;51.71029282;1
201.5751;1.372439981;-10.76312351;51.71038818;1
201.5752;1.372425079;-10.76312351;51.71048355;1
201.5753;1.372410178;-10.76312351;51.71057892;1
201.5754;1.372395277;-10.76312351;51.71067429;1
201.5755;1.372380376;-10.76312351;51.71076965;1
201.5756;1.372365475;-10.76312351;51.71086502;1
201.5757;1.372350574;-10.76312351;51.71096039;1
201.5758;1.372335672;-10.76312351;51.71105576;1
201.5759;1.372320771;-10.76312351;51.71115112;1
201.576;1.37230587;-10.76312351;51.71124649;1
201.5761;1.372290969;-10.76312351;51.71134186;1
201.5762;1.372276068;-10.76312351;51.71143723;1
201.5763;1.372261167;-10.76312351;51.71153259;1
201.5764;1.372246265;-10.76312351;51.71162796;1
201.5765;1.372231364;-10.76312351;51.71172333;1
201.5766;1.372216463;-10.76312351;51.7118187;1
201.5767;1.372201562;-10.76312351;51.71191406;1
201.5768;1.372186661;-10.76312351;51.71200943;1
201.5769;1.37217176;-10.76312351;51.7121048;1
201.577;1.372156858;-10.76312351;51.71220016;1
201.5771;1.372141957;-10.76312351;51.71229553;1
201.5772;1.372127056;-10.76312351;51.7123909;1
201.5773;1.372110128;-10.76312351;51.71248627;1
201.5774;1.372092247;-10.76312351;51.71258163;1
201.5775;1.372074485;-10.76312351;51.71265793;1
201.5776;1.372059584;-10.76312351;51.71265793;1
201.5777;1.372044683;-10.76312351;51.71265793;1
201.5778;1.372029781;-10.76312351;51.71265793;1
201.5779;1.37201488;-10.76312351;51.71265793;1
201.578;1.371999979;-10.76312351;51.71265793;1
201.5781;1.371985078;-10.76312351;51.71265793;1
201.5782;1.371970177;-10.76312351;51.71265793;1
201.5783;1.371955276;-10.76312351;51.71265793;1
201.5784;1.371940374;-10.76312351;51.71265793;1
201.5785;1.371925473;-10.76312351;51.71265793;1
201.5786;1.371910572;-10.76312351;51.71265793;1
201.5787;1.371895671;-10.76312351;51.71265793;1
201.5788;1.37188077;-10.76312351;51.71265793;1
201.5789;1.371865869;-10.76312351;51.71265793;1
201.579;1.37185359;-10.76312351;51.71265793;1
201.5791;1.371841669;-10.76312351;51.71265793;1
201.5792;1.371829748;-10.76312351;51.71265793;1
201.5793;1.371817827;-10.76312351;51.71265793;1
201.5794;1.371805906;-10.76312351;51.71265793;1
201.5795;1.371793985;-10.76312351;51.71265793;1
201.5796;1.371782064;-10.76312351;51.71265793;1
201.5797;1.371770144;-10.76312351;51.71265793;1
201.5798;1.371758223;-10.76312351;51.71265793;1
201.5799;1.371746302;-10.76312351;51.71265793;1
201.58;1.371734381;-10.76312351;51.71265793;1
201.5801;1.37172246;-10.76312351;51.71265793;1
201.5802;1.371710539;-10.76312351;51.71265793;1
201.5803;1.371698618;-10.76312351;51.71265793;1
201.5804;1.371686697;-10.76312351;51.71265793;1
201.5805;1.371674776;-10.76312351;51.71265793;1
201.5806;1.371662855;-10.76312351;51.71265793;1
201.5807;1.371651769;-10.76312351;51.71265793;1
201.5808;1.371642828;-10.76312351;51.71265793;1
201.5809;1.371633887;-10.76312351;51.71265793;1
201.581;1.371624947;-10.76312351;51.71265793;1
201.5811;1.371616006;-10.76312351;51.71265793;1
201.5812;1.371607065;-10.76312351;51.71265793;1
201.5813;1.371598125;-10.76312351;51.71265793;1
201.5814;1.371589184;-10.76312351;51.71265793;1
201.5815;1.371580243;-10.76312351;51.71265793;1
201.5816;1.371571302;-10.76312351;51.71265793;1
201.5817;1.371562362;-10.76312351;51.71265793;1
201.5818;1.371553421;-10.76312351;51.71265793;1
201.5819;1.37154448;-10.76312351;51.71265793;1
201.582;1.37153554;-10.76312351;51.71265793;1
201.5821;1.371526599;-10.76312351;51.71265793;1
201.5822;1.371517658;-10.76312351;51.71265793;1
201.5823;1.371508718;-10.76312351;51.71265793;1
201.5824;1.371499777;-10.76312351;51.71265793;1
201.5825;1.371490836;-10.76312351;51.71265793;1
201.5826;1.371481895;-10.76312351;51.71265793;1
201.5827;1.371472955;-10.76312351;51.71265793;1
201.5828;1.371464014;-10.76312351;51.71265793;1
201.5829;1.371455073;-10.76312351;51.71265793;1
201.583;1.371446133;-10.76312351;51.71265793;1
201.5831;1.371439457;-10.76312351;51.71265793;1
201.5832;1.371433496;-10.76312351;51.71265793;1
201.5833;1.371427536;-10.76312351;51.71265793;1
201.5834;1.371421576;-10.76312351;51.71265793;1
201.5835;1.371415615;-10.76312351;51.71265793;1
201.5836;1.371409655;-10.76312351;51.71265793;1
201.5837;1.371403694;-10.76312351;51.71265793;1
201.5838;1.371397734;-10.76312351;51.71265793;1
201.5839;1.371391773;-10.76312351;51.71265793;1
201.584;1.371385813;-10.76312351;51.71265793;1
201.5841;1.371379852;-10.76312351;51.71265793;1
201.5842;1.371373892;-10.76312351;51.71265793;1
201.5843;1.371367931;-10.76312351;51.71265793;1
201.5844;1.371361971;-10.76312351;51.71265793;1
201.5845;1.37135601;-10.76312351;51.71265793;1
201.5846;1.37135005;-10.76312351;51.71265793;1
201.5847;1.37134409;-10.76312351;51.71265793;1
201.5848;1.371338129;-10.76312351;51.71265793;1
201.5849;1.371332169;-10.76312351;51.71265793;1
201.585;1.371326208;-10.76312351;51.71265793;1
201.5851;1.371320248;-10.76312351;51.71265793;1
201.5852;1.371314287;-10.76312351;51.71265793;1
201.5853;1.371308327;-10.76312351;51.71265793;1
201.5854;1.371302366;-10.76312351;51.71265793;1
201.5855;1.371296406;-10.76312351;51.71265793;1
201.5856;1.371290445;-10.76312351;51.71265793;1
201.5857;1.371284485;-10.76312351;51.71265793;1
201.5858;1.371278524;-10.76312351;51.71265793;1
201.5859;1.371272564;-10.76312351;51.71265793;1
201.586;1.371266603;-10.76312351;51.71265793;1
201.5861;1.371260643;-10.76312351;51.71265793;1
201.5862;1.371254683;-10.76312351;51.71265793;1
201.5863;1.371248722;-10.76312351;51.71265793;1
201.5864;1.371242762;-10.76312351;51.71265793;1
201.5865;1.371236801;-10.76312351;51.71265793;1
201.5866;1.371232152;-10.76312351;51.71265793;1
201.5867;1.371229172;-10.76312351;51.71265793;1
201.5868;1.371226192;-10.76312351;51.71265793;1
201.5869;1.371223211;-10.76312351;51.71265793;1
201.587;1.371220231;-10.76312351;51.71265793;1
201.5871;1.371217251;-10.76312351;51.71265793;1
201.5872;1.371214271;-10.76312351;51.71265793;1
201.5873;1.37121129;-10.76312351;51.71265793;1
201.5874;1.37120831;-10.76312351;51.71265793;1
201.5875;1.37120533;-10.76312351;51.71265793;1
201.5876;1.37120235;-10.76312351;51.71265793;1
201.5877;1.371199369;-10.76312351;51.71265793;1
201.5878;1.371196389;-10.76312351;51.71265793;1
201.5879;1.371193409;-10.76312351;51.71265793;1
201.588;1.371190429;-10.76312351;51.71265793;1
201.5881;1.371187449;-10.76312351;51.71265793;1
201.5882;1.371184468;-10.76312351;51.71265793;1
201.5883;1.371181488;-10.76312351;51.71265793;1
201.5884;1.371178508;-10.76312351;51.71265793;1
201.5885;1.371175528;-10.76312351;51.71265793;1
201.5886;1.371172547;-10.76312351;51.71265793;1
201.5887;1.371169567;-10.76312351;51.71265793;1
201.5888;1.371166587;-10.76312351;51.71265793;1
201.5889;1.371163607;-10.76312351;51.71265793;1
201.589;1.371160626;-10.76312351;51.71265793;1
201.5891;1.371157646;-10.76312351;51.71265793;1
201.5892;1.371154666;-10.76312351;51.71265793;1
201.5893;1.371151686;-10.76312351;51.71265793;1
201.5894;1.371148705;-10.76312351;51.71265793;1
201.5895;1.371145725;-10.76312351;51.71265793;1
201.5896;1.371142745;-10.76312351;51.71265793;1
201.5897;1.371139765;-10.76312351;51.71265793;1
201.5898;1.371136785;-10.76312351;51.71265793;1
201.5899;1.371133804;-10.76312351;51.71265793;1
201.59;1.371130824;-10.76312351;51.71265793;1
201.5901;1.371127844;-10.76312351;51.71265793;1
201.5902;1.371124864;-10.76312351;51.71265793;1
201.5903;1.371121883;-10.76312351;51.71265793;1
201.5904;1.371118903;-10.76312351;51.71265793;1
201.5905;1.371115923;-10.76312351;51.71265793;1
201.5906;1.371112943;-10.76312351;51.71265793;1
201.5907;1.371109962;-10.76312351;51.71265793;1
201.5908;1.371106982;-10.76312351;51.71265793;1
201.5909;1.371104002;-10.76312351;51.71265793;1
201.591;1.371101022;-10.76312351;51.71265793;1
201.5911;1.371098042;-10.76312351;51.71265793;1
201.5912;1.371095061;-10.76312351;51.71265793;1
201.5913;1.371092081;-10.76312351;51.71265793;1
201.5914;1.371089101;-10.76312351;51.71265793;1
201.5915;1.371086121;-10.76312351;51.71265793;1
201.5916;1.37108314;-10.76312351;51.71265793;1
201.5917;1.37108016;-10.76312351;51.71265793;1
201.5918;1.37107718;-10.76312351;51.71265793;1
201.5919;1.3710742;-10.76312351;51.71265793;1
201.592;1.371071219;-10.76312351;51.71265793;1
201.5921;1.371068239;-10.76312351;51.71265793;1
201.5922;1.371065259;-10.76312351;51.71265793;1
201.5923;1.371062279;-10.76312351;51.71265793;1
201.5924;1.371059299;-10.76312351;51.71265793;1
201.5925;1.371056318;-10.76312351;51.71265793;1
201.5926;1.371053338;-10.76312351;51.71265793;1
201.5927;1.371050358;-10.76312351;51.71265793;1
201.5928;1.371047378;-10.76312351;51.71265793;1
201.5929;1.371044397;-10.76312351;51.71265793;1
201.593;1.371041417;-10.76312351;51.71265793;1
201.5931;1.371038437;-10.76312351;51.71265793;1
201.5932;1.371035457;-10.76312351;51.71265793;1
201.5933;1.371032476;-10.76312351;51.71265793;1
201.5934;1.371029496;-10.76312351;51.71265793;1
201.5935;1.371026516;-10.76312351;51.71265793;1
201.5936;1.371023536;-10.76312351;51.71265793;1
201.5937;1.371023178;-10.76312351;51.71265793;1
201.5938;1.371023178;-10.76312351;51.71265793;1
201.5939;1.371023178;-10.76312351;51.71265793;1
201.594;1.371023178;-10.76312351;51.71265793;1
201.5941;1.371023178;-10.76312351;51.71265793;1
201.5942;1.371023178;-10.76312351;51.71265793;1
201.5943;1.371023178;-10.76312351;51.71265793;1
201.5944;1.371023178;-10.76312351;51.71265793;1
201.5945;1.371023178;-10.76312351;51.71265793;1
201.5946;1.371023178;-10.76312351;51.71265793;1
201.5947;1.371023178;-10.76312351;51.71265793;1
201.5948;1.371023178;-10.76312351;51.71265793;1
201.5949;1.371023178;-10.76312351;51.71265793;1
201.595;1.371023178;-10.76312351;51.71265793;1
201.5951;1.371023178;-10.76312351;51.71265793;1
201.5952;1.371023178;-10.76312351;51.71265793;1
201.5953;1.371023178;-10.76312351;51.71265793;1
201.5954;1.371023178;-10.76312351;51.71265793;1
201.5955;1.371023178;-10.76312351;51.71265793;1
201.5956;1.371023178;-10.76312351;51.71265793;1
201.5957;1.371023178;-10.76312351;51.71265793;1
201.5958;1.371023178;-10.76312351;51.71265793;1
201.5959;1.371023178;-10.76312351;51.71265793;1
201.596;1.371023178;-10.76312351;51.71265793;1
201.5961;1.371023178;-10.76312351;51.71265793;1
201.5962;1.371023178;-10.76312351;51.71265793;1
201.5963;1.371023178;-10.76312351;51.71265793;1
201.5964;1.371023178;-10.76312351;51.71265793;1
201.5965;1.371023178;-10.76312351;51.71265793;1
201.5966;1.371023178;-10.76312351;51.71265793;1
201.5967;1.371023178;-10.76312351;51.71265793;1
201.5968;1.371023178;-10.76312351;51.71265793;1
201.5969;1.371023178;-10.76312351;51.71265793;1
201.597;1.371023178;-10.76312351;51.71265793;1
201.5971;1.371023178;-10.76312351;51.71265793;1
201.5972;1.371023178;-10.76312351;51.71265793;1
201.5973;1.371023178;-10.76312351;51.71265793;1
201.5974;1.371023178;-10.76312351;51.71265793;1
201.5975;1.371023178;-10.76312351;51.71265793;1
201.5976;1.371023178;-10.76312351;51.71265793;1
201.5977;1.371023178;-10.76312351;51.71265793;1
201.5978;1.371023178;-10.76312351;51.71265793;1
201.5979;1.371023178;-10.76312351;51.71265793;1
201.598;1.371023178;-10.76312351;51.71265793;1
201.5981;1.371023178;-10.76312351;51.71265793;1
201.5982;1.371023178;-10.76312351;51.71265793;1
201.5983;1.371023178;-10.76312351;51.71265793;1
201.5984;1.371023178;-10.76312351;51.71265793;1
201.5985;1.371023178;-10.76312351;51.71265793;1
201.5986;1.371023178;-10.76312351;51.71265793;1
201.5987;1.371023178;-10.76312351;51.71265793;1
201.5988;1.371023178;-10.76312351;51.71265793;1
201.5989;1.371023178;-10.76312351;51.71265793;1
201.599;1.371023178;-10.76312351;51.71265793;1
201.5991;1.371023178;-10.76312351;51.71265793;1
201.5992;1.371023178;-10.76312351;51.71265793;1
201.5993;1.371023178;-10.76312351;51.71265793;1
201.5994;1.371023178;-10.76312351;51.71265793;1
201.5995;1.371023178;-10.76312351;51.71265793;1
201.5996;1.371023178;-10.76312351;51.71265793;1
201.5997;1.371023178;-10.76312351;51.71265793;1
201.5998;1.371023178;-10.76312351;51.71265793;1
201.5999;1.371023178;-10.76312351;51.71265793;1
201.6;1.371023178;-10.76312351;51.71265793;1
201.6001;1.371023178;-10.76312351;51.71265793;1
201.6002;1.371023178;-10.76312351;51.71265793;1
201.6003;1.371023178;-10.76312351;51.71265793;1
201.6004;1.371023178;-10.76312351;51.71265793;1
201.6005;1.371023178;-10.76312351;51.71265793;1
201.6006;1.371023178;-10.76312351;51.71265793;1
201.6007;1.371023178;-10.76312351;51.71265793;1
201.6008;1.371023178;-10.76312351;51.71265793;1
201.6009;1.371023178;-10.76312351;51.71265793;1
201.601;1.371023178;-10.76312351;51.71265793;1
201.6011;1.371023178;-10.76312351;51.71265793;1
201.6012;1.371023178;-10.76312351;51.71265793;1
201.6013;1.371023178;-10.76312351;51.71265793;1
201.6014;1.371023178;-10.76312351;51.71265793;1
201.6015;1.371023178;-10.76312351;51.71265793;1
201.6016;1.371023178;-10.76312351;51.71265793;1
201.6017;1.371023178;-10.76312351;51.71265793;1
201.6018;1.371023178;-10.76312351;51.71265793;1
201.6019;1.371023178;-10.76312351;51.71265793;1
201.602;1.371023178;-10.76312351;51.71265793;1
201.6021;1.371023178;-10.76312351;51.71265793;1
201.6022;1.371023178;-10.76312351;51.71265793;1
201.6023;1.371023178;-10.76312351;51.71265793;1
201.6024;1.371023178;-10.76312351;51.71265793;1
201.6025;1.371023178;-10.76312351;51.71265793;1
201.6026;1.371023178;-10.76312351;51.71265793;1
201.6027;1.371023178;-10.76312351;51.71265793;1
201.6028;1.371023178;-10.76312351;51.71265793;1
201.6029;1.371023178;-10.76312351;51.71265793;1
201.603;1.371023178;-10.76312351;51.71265793;1
201.6031;1.371023178;-10.76312351;51.71265793;1
201.6032;1.371023178;-10.76312351;51.71265793;1
201.6033;1.371023178;-10.76312351;51.71265793;1
201.6034;1.371023178;-10.76312351;51.71265793;1
201.6035;1.371023178;-10.76312351;51.71265793;1
201.6036;1.371023178;-10.76312351;51.71265793;1
201.6037;1.371023178;-10.76312351;51.71265793;1
201.6038;1.371023178;-10.76312351;51.71265793;1
201.6039;1.371023178;-10.76312351;51.71265793;1
201.604;1.371023178;-10.76312351;51.71265793;1
201.6041;1.371023178;-10.76312351;51.71265793;1
201.6042;1.371023178;-10.76312351;51.71265793;1
201.6043;1.371023178;-10.76312351;51.71265793;1
201.6044;1.371023178;-10.76312351;51.71265793;1
201.6045;1.371023178;-10.76312351;51.71265793;1
201.6046;1.371023178;-10.76312351;51.71265793;1
201.6047;1.371023178;-10.76312351;51.71265793;1
201.6048;1.371023178;-10.76312351;51.71265793;1
201.6049;1.371023178;-10.76312351;51.71265793;1
201.605;1.371023178;-10.76312351;51.71265793;1
201.6051;1.371023178;-10.76312351;51.71265793;1
201.6052;1.371023178;-10.76312351;51.71265793;1
201.6053;1.371023178;-10.76312351;51.71265793;1
201.6054;1.371023178;-10.76312351;51.71265793;1
201.6055;1.371023178;-10.76312351;51.71265793;1
201.6056;1.371023178;-10.76312351;51.71265793;1
201.6057;1.371023178;-10.76312351;51.71265793;1
201.6058;1.371023178;-10.76312351;51.71265793;1
201.6059;1.371023178;-10.76312351;51.71265793;1
201.606;1.371023178;-10.76312351;51.71265793;1
201.6061;1.371023178;-10.76312351;51.71265793;1
201.6062;1.371023178;-10.76312351;51.71265793;1
201.6063;1.371023178;-10.76312351;51.71265793;1
201.6064;1.371023178;-10.76312351;51.71265793;1
201.6065;1.371023178;-10.76312351;51.71265793;1
201.6066;1.371023178;-10.76312351;51.71265793;1
201.6067;1.371023178;-10.76312351;51.71265793;1
201.6068;1.371023178;-10.76312351;51.71265793;1
201.6069;1.371023178;-10.76312351;51.71265793;1
201.607;1.371023178;-10.76312351;51.71265793;1
201.6071;1.371023178;-10.76312351;51.71265793;1
201.6072;1.371023178;-10.76312351;51.71265793;1
201.6073;1.371023178;-10.76312351;51.71265793;1
201.6074;1.371023178;-10.76312351;51.71265793;1
201.6075;1.371023178;-10.76312351;51.71265793;1
201.6076;1.371023178;-10.76312351;51.71265793;1
201.6077;1.371023178;-10.76312351;51.71265793;1
201.6078;1.371023178;-10.76312351;51.71265793;1
201.6079;1.371023178;-10.76312351;51.71265793;1
201.608;1.371023178;-10.76312351;51.71265793;1
201.6081;1.371023178;-10.76312351;51.71265793;1
201.6082;1.371023178;-10.76312351;51.71265793;1
201.6083;1.371023178;-10.76312351;51.71265793;1
201.6084;1.371023178;-10.76312351;51.71265793;1
201.6085;1.371023178;-10.76312351;51.71265793;1
201.6086;1.371023178;-10.76312351;51.71265793;1
201.6087;1.371023178;-10.76312351;51.71265793;1
201.6088;1.371023178;-10.76312351;51.71265793;1
201.6089;1.371023178;-10.76312351;51.71265793;1
201.609;1.371023178;-10.76312351;51.71265793;1
201.6091;1.371023178;-10.76312351;51.71265793;1
201.6092;1.371023178;-10.76312351;51.71265793;1
201.6093;1.371023178;-10.76312351;51.71265793;1
201.6094;1.371023178;-10.76312351;51.71265793;1
201.6095;1.371023178;-10.76312351;51.71265793;1
201.6096;1.371023178;-10.76312351;51.71265793;1
201.6097;1.371023178;-10.76312351;51.71265793;1
201.6098;1.371023178;-10.76312351;51.71265793;1
201.6099;1.371023178;-10.76312351;51.71265793;1
201.61;1.371023178;-10.76312351;51.71265793;1
201.6101;1.371023178;-10.76312351;51.71265793;1
201.6102;1.371023178;-10.76312351;51.71265793;1
201.6103;1.371023178;-10.76312351;51.71265793;1
201.6104;1.371023178;-10.76312351;51.71265793;1
201.6105;1.371023178;-10.76312351;51.71265793;1
201.6106;1.371023178;-10.76312351;51.71265793;1
201.6107;1.371023178;-10.76312351;51.71265793;1
201.6108;1.371023178;-10.76312351;51.71265793;1
201.6109;1.371023178;-10.76312351;51.71265793;1
201.611;1.371023178;-10.76312351;51.71265793;1
201.6111;1.371023178;-10.76312351;51.71265793;1
201.6112;1.371023178;-10.76312351;51.71265793;1
201.6113;1.371023178;-10.76312351;51.71265793;1
201.6114;1.371023178;-10.76312351;51.71265793;1
201.6115;1.371023178;-10.76312351;51.71265793;1
201.6116;1.371023178;-10.76312351;51.71265793;1
201.6117;1.371023178;-10.76312351;51.71265793;1
201.6118;1.371023178;-10.76312351;51.71265793;1
201.6119;1.371023178;-10.76312351;51.71265793;1
201.612;1.371023178;-10.76312351;51.71265793;1
201.6121;1.371023178;-10.76312351;51.71265793;1
201.6122;1.371023178;-10.76312351;51.71265793;1
201.6123;1.371023178;-10.76312351;51.71265793;1
201.6124;1.371023178;-10.76312351;51.71265793;1
201.6125;1.371023178;-10.76312351;51.71265793;1
201.6126;1.371023178;-10.76312351;51.71265793;1
201.6127;1.371023178;-10.76312351;51.71265793;1
201.6128;1.371023178;-10.76312351;51.71265793;1
201.6129;1.371023178;-10.76312351;51.71265793;1
201.613;1.371023178;-10.76312351;51.71265793;1
201.6131;1.371023178;-10.76312351;51.71265793;1
201.6132;1.371023178;-10.76312351;51.71265793;1
201.6133;1.371023178;-10.76312351;51.71265793;1
201.6134;1.371023178;-10.76312351;51.71265793;1
201.6135;1.371023178;-10.76312351;51.71265793;1
201.6136;1.371023178;-10.76312351;51.71265793;1
201.6137;1.371023178;-10.76312351;51.71265793;1
201.6138;1.371023178;-10.76312351;51.71265793;1
201.6139;1.371023178;-10.76312351;51.71265793;1
201.614;1.371023178;-10.76312351;51.71265793;1
201.6141;1.371023178;-10.76312351;51.71265793;1
201.6142;1.371023178;-10.76312351;51.71265793;1
201.6143;1.371023178;-10.76312351;51.71265793;1
201.6144;1.371023178;-10.76312351;51.71265793;1
201.6145;1.371023178;-10.76312351;51.71265793;1
201.6146;1.371023178;-10.76312351;51.71265793;1
201.6147;1.371023178;-10.76312351;51.71265793;1
201.6148;1.371023178;-10.76312351;51.71265793;1
201.6149;1.371023178;-10.76312351;51.71265793;1
201.615;1.371023178;-10.76312351;51.71265793;1
201.6151;1.371023178;-10.76312351;51.71265793;1
201.6152;1.371023178;-10.76312351;51.71265793;1
201.6153;1.371023178;-10.76312351;51.71265793;1
201.6154;1.371023178;-10.76312351;51.71265793;1
201.6155;1.371023178;-10.76312351;51.71265793;1
201.6156;1.371023178;-10.76312351;51.71265793;1
201.6157;1.371023178;-10.76312351;51.71265793;1
201.6158;1.371023178;-10.76312351;51.71265793;1
201.6159;1.371023178;-10.76312351;51.71265793;1
201.616;1.371023178;-10.76312351;51.71265793;1
201.6161;1.371023178;-10.76312351;51.71265793;1
201.6162;1.371023178;-10.76312351;51.71265793;1
201.6163;1.371023178;-10.76312351;51.71265793;1
201.6164;1.371023178;-10.76312351;51.71265793;1
201.6165;1.371023178;-10.76312351;51.71265793;1
201.6166;1.371023178;-10.76312351;51.71265793;1
201.6167;1.371023178;-10.76312351;51.71265793;1
201.6168;1.371023178;-10.76312351;51.71265793;1
201.6169;1.371023178;-10.76312351;51.71265793;1
201.617;1.371023178;-10.76312351;51.71265793;1
201.6171;1.371023178;-10.76312351;51.71265793;1
201.6172;1.371023178;-10.76312351;51.71265793;1
201.6173;1.371023178;-10.76312351;51.71265793;1
201.6174;1.371023178;-10.76312351;51.71265793;1
201.6175;1.371023178;-10.76312351;51.71265793;1
201.6176;1.371023178;-10.76312351;51.71265793;1
201.6177;1.371023178;-10.76312351;51.71265793;1
201.6178;1.371023178;-10.76312351;51.71265793;1
201.6179;1.371023178;-10.76312351;51.71265793;1
201.618;1.371023178;-10.76312351;51.71265793;1
201.6181;1.371023178;-10.76312351;51.71265793;1
201.6182;1.371023178;-10.76312351;51.71265793;1
201.6183;1.371023178;-10.76312351;51.71265793;1
201.6184;1.371023178;-10.76312351;51.71265793;1
201.6185;1.371023178;-10.76312351;51.71265793;1
201.6186;1.371023178;-10.76312351;51.71265793;1
201.6187;1.371023178;-10.76312351;51.71265793;1
201.6188;1.371023178;-10.76312351;51.71265793;1
201.6189;1.371023178;-10.76312351;51.71265793;1
201.619;1.371023178;-10.76312351;51.71265793;1
201.6191;1.371023178;-10.76312351;51.71265793;1
201.6192;1.371023178;-10.76312351;51.71265793;1
201.6193;1.371023178;-10.76312351;51.71265793;1
201.6194;1.371023178;-10.76312351;51.71265793;1
201.6195;1.371023178;-10.76312351;51.71265793;1
201.6196;1.371023178;-10.76312351;51.71265793;1
201.6197;1.371023178;-10.76312351;51.71265793;1
201.6198;1.371023178;-10.76312351;51.71265793;1
201.6199;1.371023178;-10.76312351;51.71265793;1
201.62;1.371023178;-10.76312351;51.71265793;1
201.6201;1.371023178;-10.76312351;51.71265793;1
201.6202;1.371023178;-10.76312351;51.71265793;1
201.6203;1.371023178;-10.76312351;51.71265793;1
201.6204;1.371023178;-10.76312351;51.71265793;1
201.6205;1.371023178;-10.76312351;51.71265793;1
201.6206;1.371023178;-10.76312351;51.71265793;1
201.6207;1.371023178;-10.76312351;51.71265793;1
201.6208;1.371023178;-10.76312351;51.71265793;1
201.6209;1.371023178;-10.76312351;51.71265793;1
201.621;1.371023178;-10.76312351;51.71265793;1
201.6211;1.371023178;-10.76312351;51.71265793;1
201.6212;1.371023178;-10.76312351;51.71265793;1
201.6213;1.371023178;-10.76312351;51.71265793;1
201.6214;1.371023178;-10.76312351;51.71265793;1
201.6215;1.371023178;-10.76312351;51.71265793;1
201.6216;1.371023178;-10.76312351;51.71265793;1
201.6217;1.371023178;-10.76312351;51.71265793;1
201.6218;1.371023178;-10.76312351;51.71265793;1
201.6219;1.371023178;-10.76312351;51.71265793;1
201.622;1.371023178;-10.76312351;51.71265793;1
201.6221;1.371023178;-10.76312351;51.71265793;1
201.6222;1.371023178;-10.76312351;51.71265793;1
201.6223;1.371023178;-10.76312351;51.71265793;1
201.6224;1.371023178;-10.76312351;51.71265793;1
201.6225;1.371023178;-10.76312351;51.71265793;1
201.6226;1.371023178;-10.76312351;51.71265793;1
201.6227;1.371023178;-10.76312351;51.71265793;1
201.6228;1.371023178;-10.76312351;51.71265793;1
201.6229;1.371023178;-10.76312351;51.71265793;1
201.623;1.371023178;-10.76312351;51.71265793;1
201.6231;1.371023178;-10.76312351;51.71265793;1
201.6232;1.371023178;-10.76312351;51.71265793;1
201.6233;1.371023178;-10.76312351;51.71265793;1
201.6234;1.371023178;-10.76312351;51.71265793;1
201.6235;1.371023178;-10.76312351;51.71265793;1
201.6236;1.371023178;-10.76312351;51.71265793;1
201.6237;1.371023178;-10.76312351;51.71265793;1
201.6238;1.371023178;-10.76312351;51.71265793;1
201.6239;1.371023178;-10.76312351;51.71265793;1
201.624;1.371023178;-10.76312351;51.71265793;1
201.6241;1.371023178;-10.76312351;51.71265793;1
201.6242;1.371023178;-10.76312351;51.71265793;1
201.6243;1.371023178;-10.76312351;51.71265793;1
201.6244;1.371023178;-10.76312351;51.71265793;1
201.6245;1.371023178;-10.76312351;51.71265793;1
201.6246;1.371023178;-10.76312351;51.71265793;1
201.6247;1.371023178;-10.76312351;51.71265793;1
201.6248;1.371023178;-10.76312351;51.71265793;1
201.6249;1.371023178;-10.76312351;51.71265793;1
201.625;1.371023178;-10.76312351;51.71265793;1
201.6251;1.371023178;-10.76312351;51.71265793;1
201.6252;1.371023178;-10.76312351;51.71265793;1
201.6253;1.371023178;-10.76312351;51.71265793;1
201.6254;1.371023178;-10.76312351;51.71265793;1
201.6255;1.371023178;-10.76312351;51.71265793;1
201.6256;1.371023178;-10.76312351;51.71265793;1
201.6257;1.371023178;-10.76312351;51.71265793;1
201.6258;1.371023178;-10.76312351;51.71265793;1
201.6259;1.371023178;-10.76312351;51.71265793;1
201.626;1.371023178;-10.76312351;51.71265793;1
201.6261;1.371023178;-10.76312351;51.71265793;1
201.6262;1.371023178;-10.76312351;51.71265793;1
201.6263;1.371023178;-10.76312351;51.71265793;1
201.6264;1.371023178;-10.76312351;51.71265793;1
201.6265;1.371023178;-10.76312351;51.71265793;1
201.6266;1.371023178;-10.76312351;51.71265793;1
201.6267;1.371023178;-10.76312351;51.71265793;1
201.6268;1.371023178;-10.76312351;51.71265793;1
201.6269;1.371023178;-10.76312351;51.71265793;1
201.627;1.371023178;-10.76312351;51.71265793;1
201.6271;1.371023178;-10.76312351;51.71265793;1
201.6272;1.371023178;-10.76312351;51.71265793;1
201.6273;1.371023178;-10.76312351;51.71265793;1
201.6274;1.371023178;-10.76312351;51.71265793;1
201.6275;1.371023178;-10.76312351;51.71265793;1
201.6276;1.371023178;-10.76312351;51.71265793;1
201.6277;1.371023178;-10.76312351;51.71265793;1
201.6278;1.371023178;-10.76312351;51.71265793;1
201.6279;1.371023178;-10.76312351;51.71265793;1
201.628;1.371023178;-10.76312351;51.71265793;1
201.6281;1.371023178;-10.76312351;51.71265793;1
201.6282;1.371023178;-10.76312351;51.71265793;1
201.6283;1.371023178;-10.76312351;51.71265793;1
201.6284;1.371023178;-10.76312351;51.71265793;1
201.6285;1.371023178;-10.76312351;51.71265793;1
201.6286;1.371023178;-10.76312351;51.71265793;1
201.6287;1.371023178;-10.76312351;51.71265793;1
201.6288;1.371023178;-10.76312351;51.71265793;1
201.6289;1.371023178;-10.76312351;51.71265793;1
201.629;1.371023178;-10.76312351;51.71265793;1
201.6291;1.371023178;-10.76312351;51.71265793;1
201.6292;1.371023178;-10.76312351;51.71265793;1
201.6293;1.371023178;-10.76312351;51.71265793;1
201.6294;1.371023178;-10.76312351;51.71265793;1
201.6295;1.371023178;-10.76312351;51.71265793;1
201.6296;1.371023178;-10.76312351;51.71265793;1
201.6297;1.371023178;-10.76312351;51.71265793;1
201.6298;1.371023178;-10.76312351;51.71265793;1
201.6299;1.371023178;-10.76312351;51.71265793;1
201.63;1.371023178;-10.76312351;51.71265793;1
201.6301;1.371023178;-10.76312351;51.71265793;1
201.6302;1.371023178;-10.76312351;51.71265793;1
201.6303;1.371023178;-10.76312351;51.71265793;1
201.6304;1.371023178;-10.76312351;51.71265793;1
201.6305;1.371023178;-10.76312351;51.71265793;1
201.6306;1.371023178;-10.76312351;51.71265793;1
201.6307;1.371023178;-10.76312351;51.71265793;1
201.6308;1.371023178;-10.76312351;51.71265793;1
201.6309;1.371023178;-10.76312351;51.71265793;1
201.631;1.371023178;-10.76312351;51.71265793;1
201.6311;1.371023178;-10.76312351;51.71265793;1
201.6312;1.371023178;-10.76312351;51.71265793;1
201.6313;1.371023178;-10.76312351;51.71265793;1
201.6314;1.371023178;-10.76312351;51.71265793;1
201.6315;1.371023178;-10.76312351;51.71265793;1
201.6316;1.371023178;-10.76312351;51.71265793;1
201.6317;1.371023178;-10.76312351;51.71265793;1
201.6318;1.371023178;-10.76312351;51.71265793;1
201.6319;1.371023178;-10.76312351;51.71265793;1
201.632;1.371023178;-10.76312351;51.71265793;1
201.6321;1.371023178;-10.76312351;51.71265793;1
201.6322;1.371023178;-10.76312351;51.71265793;1
201.6323;1.371023178;-10.76312351;51.71265793;1
201.6324;1.371023178;-10.76312351;51.71265793;1
201.6325;1.371023178;-10.76312351;51.71265793;1
201.6326;1.371023178;-10.76312351;51.71265793;1
201.6327;1.371023178;-10.76312351;51.71265793;1
201.6328;1.371023178;-10.76312351;51.71265793;1
201.6329;1.371023178;-10.76312351;51.71265793;1
201.633;1.371023178;-10.76312351;51.71265793;1
201.6331;1.371023178;-10.76312351;51.71265793;1
201.6332;1.371023178;-10.76312351;51.71265793;1
201.6333;1.371023178;-10.76312351;51.71265793;1
201.6334;1.371023178;-10.76312351;51.71265793;1
201.6335;1.371023178;-10.76312351;51.71265793;1
201.6336;1.371023178;-10.76312351;51.71265793;1
201.6337;1.371023178;-10.76312351;51.71265793;1
201.6338;1.371023178;-10.76312351;51.71265793;1
201.6339;1.371023178;-10.76312351;51.71265793;1
201.634;1.371023178;-10.76312351;51.71265793;1
201.6341;1.371023178;-10.76312351;51.71265793;1
201.6342;1.371023178;-10.76312351;51.71265793;1
201.6343;1.371023178;-10.76312351;51.71265793;1
201.6344;1.371023178;-10.76312351;51.71265793;1
201.6345;1.371023178;-10.76312351;51.71265793;1
201.6346;1.371023178;-10.76312351;51.71265793;1
201.6347;1.371023178;-10.76312351;51.71265793;1
201.6348;1.371023178;-10.76312351;51.71265793;1
201.6349;1.371023178;-10.76312351;51.71265793;1
201.635;1.371023178;-10.76312351;51.71265793;1
201.6351;1.371023178;-10.76312351;51.71265793;1
201.6352;1.371023178;-10.76312351;51.71265793;1
201.6353;1.371023178;-10.76312351;51.71265793;1
201.6354;1.371023178;-10.76312351;51.71265793;1
201.6355;1.371023178;-10.76312351;51.71265793;1
201.6356;1.371023178;-10.76312351;51.71265793;1
201.6357;1.371023178;-10.76312351;51.71265793;1
201.6358;1.371023178;-10.76312351;51.71265793;1
201.6359;1.371023178;-10.76312351;51.71265793;1
201.636;1.371023178;-10.76312351;51.71265793;1
201.6361;1.371023178;-10.76312351;51.71265793;1
201.6362;1.371023178;-10.76312351;51.71265793;1
201.6363;1.371023178;-10.76312351;51.71265793;1
201.6364;1.371023178;-10.76312351;51.71265793;1
201.6365;1.371023178;-10.76312351;51.71265793;1
201.6366;1.371023178;-10.76312351;51.71265793;1
201.6367;1.371023178;-10.76312351;51.71265793;1
201.6368;1.371023178;-10.76312351;51.71265793;1
201.6369;1.371023178;-10.76312351;51.71265793;1
201.637;1.371023178;-10.76312351;51.71265793;1
201.6371;1.371023178;-10.76312351;51.71265793;1
201.6372;1.371023178;-10.76312351;51.71265793;1
201.6373;1.371023178;-10.76312351;51.71265793;1
201.6374;1.371023178;-10.76312351;51.71265793;1
201.6375;1.371023178;-10.76312351;51.71265793;1
201.6376;1.371023178;-10.76312351;51.71265793;1
201.6377;1.371023178;-10.76312351;51.71265793;1
201.6378;1.371023178;-10.76312351;51.71265793;1
201.6379;1.371023178;-10.76312351;51.71265793;1
201.638;1.371023178;-10.76312351;51.71265793;1
201.6381;1.371023178;-10.76312351;51.71265793;1
201.6382;1.371023178;-10.76312351;51.71265793;1
201.6383;1.371023178;-10.76312351;51.71265793;1
201.6384;1.371023178;-10.76312351;51.71265793;1
201.6385;1.371023178;-10.76312351;51.71265793;1
201.6386;1.371023178;-10.76312351;51.71265793;1
201.6387;1.371023178;-10.76312351;51.71265793;1
201.6388;1.371023178;-10.76312351;51.71265793;1
201.6389;1.371023178;-10.76312351;51.71265793;1
201.639;1.371023178;-10.76312351;51.71265793;1
201.6391;1.371023178;-10.76312351;51.71265793;1
201.6392;1.371023178;-10.76312351;51.71265793;1
201.6393;1.371023178;-10.76312351;51.71265793;1
201.6394;1.371023178;-10.76312351;51.71265793;1
201.6395;1.371023178;-10.76312351;51.71265793;1
201.6396;1.371023178;-10.76312351;51.71265793;1
201.6397;1.371023178;-10.76312351;51.71265793;1
201.6398;1.371023178;-10.76312351;51.71265793;1
201.6399;1.371023178;-10.76312351;51.71265793;1
201.64;1.371023178;-10.76312351;51.71265793;1
201.6401;1.371023178;-10.76312351;51.71265793;1
201.6402;1.371023178;-10.76312351;51.71265793;1
201.6403;1.371023178;-10.76312351;51.71265793;1
201.6404;1.371023178;-10.76312351;51.71265793;1
201.6405;1.371023178;-10.76312351;51.71265793;1
201.6406;1.371023178;-10.76312351;51.71265793;1
201.6407;1.371023178;-10.76312351;51.71265793;1
201.6408;1.371023178;-10.76312351;51.71265793;1
201.6409;1.371023178;-10.76312351;51.71265793;1
201.641;1.371023178;-10.76312351;51.71265793;1
201.6411;1.371023178;-10.76312351;51.71265793;1
201.6412;1.371023178;-10.76312351;51.71265793;1
201.6413;1.371023178;-10.76312351;51.71265793;1
201.6414;1.371023178;-10.76312351;51.71265793;1
201.6415;1.371023178;-10.76312351;51.71265793;1
201.6416;1.371023178;-10.76312351;51.71265793;1
201.6417;1.371023178;-10.76312351;51.71265793;1
201.6418;1.371023178;-10.76312351;51.71265793;1
201.6419;1.371023178;-10.76312351;51.71265793;1
201.642;1.371023178;-10.76312351;51.71265793;1
201.6421;1.371023178;-10.76312351;51.71265793;1
201.6422;1.371023178;-10.76312351;51.71265793;1
201.6423;1.371023178;-10.76312351;51.71265793;1
201.6424;1.371023178;-10.76312351;51.71265793;1
201.6425;1.371023178;-10.76312351;51.71265793;1
201.6426;1.371023178;-10.76312351;51.71265793;1
201.6427;1.371023178;-10.76312351;51.71265793;1
201.6428;1.371023178;-10.76312351;51.71265793;1
201.6429;1.371023178;-10.76312351;51.71265793;1
201.643;1.371023178;-10.76312351;51.71265793;1
201.6431;1.371023178;-10.76312351;51.71265793;1
201.6432;1.371023178;-10.76312351;51.71265793;1
201.6433;1.371023178;-10.76312351;51.71265793;1
201.6434;1.371023178;-10.76312351;51.71265793;1
201.6435;1.371023178;-10.76312351;51.71265793;1
201.6436;1.371023178;-10.76312351;51.71265793;1
201.6437;1.371023178;-10.76312351;51.71265793;1
201.6438;1.371023178;-10.76312351;51.71265793;1
