#
# A fatal error has been detected by the Java Runtime Environment:
#
#  EXCEPTION_ACCESS_VIOLATION (0xc0000005) at pc=0x00007ff81cffed0a, pid=22708, tid=46612
#
# JRE version: OpenJDK Runtime Environment (25.0+36) (build 25+36-3489)
# Java VM: OpenJDK 64-Bit Server VM (25+36-3489, mixed mode, sharing, tiered, compressed oops, compressed class ptrs, g1 gc, windows-amd64)
# Problematic frame:
# C  [awt.dll+0xded0a]
#
# No core dump will be written. Minidumps are not enabled by default on client versions of Windows
#
# If you would like to submit a bug report, please visit:
#   https://bugreport.java.com/bugreport/crash.jsp
# The crash happened outside the Java Virtual Machine in native code.
# See problematic frame for where to report the bug.
#

---------------  S U M M A R Y ------------

Command Line: UZ_GUI.jar

Host: 12th Gen Intel(R) Core(TM) i7-1260P, 16 cores, 31G,  Windows 11 , 64 bit Build 26100 (10.0.26100.7019)
Time: Tue Nov 25 15:11:56 2025 W. Europe Standard Time elapsed time: 3650.552633 seconds (0d 1h 0m 50s)

---------------  T H R E A D  ---------------

Current thread (0x0000028ffdceb900):  JavaThread "AWT-EventQueue-0"        [_thread_in_native, id=46612, stack(0x000000b3a2200000,0x000000b3a2300000) (1024K)]

Stack: [0x000000b3a2200000,0x000000b3a2300000],  sp=0x000000b3a22ff210,  free space=1020k
Native frames: (J=compiled Java code, j=interpreted, Vv=VM code, C=native code)
C  [awt.dll+0xded0a]  (no source info available)
C  [awt.dll+0x93708]  (no source info available)
C  [awt.dll+0x9984b]  (no source info available)
C  [awt.dll+0xd8a81]  (no source info available)
C  [awt.dll+0x9c2c8]  (no source info available)
C  0x0000028fe0b309fc  (no source info available)

The last pc belongs to native nmethod (printed below).
Java frames: (J=compiled Java code, j=interpreted, Vv=VM code)
J 5325  sun.awt.windows.WComponentPeer.getLocationOnScreen()Ljava/awt/Point; java.desktop@25 (0 bytes) @ 0x0000028fe0b309c3 [0x0000028fe0b30980+0x0000000000000043]
J 8400 c2 javax.swing.SwingUtilities.convertPoint(Ljava/awt/Component;Ljava/awt/Point;Ljava/awt/Component;)Ljava/awt/Point; java.desktop@25 (77 bytes) @ 0x0000028fe0fe3708 [0x0000028fe0fe3400+0x0000000000000308]
J 8487 c2 com.formdev.flatlaf.ui.FlatTitlePane.updateNativeTitleBarHeightAndHitTestSpots()V (571 bytes) @ 0x0000028fe1052ec8 [0x0000028fe1052b80+0x0000000000000348]
J 6803 c2 com.formdev.flatlaf.ui.FlatTitlePane$$Lambda+0x0000000039183380.run()V (8 bytes) @ 0x0000028fe0dbf254 [0x0000028fe0dbf200+0x0000000000000054]
J 9037 c1 java.awt.event.InvocationEvent.dispatch()V java.desktop@25 (69 bytes) @ 0x0000028fd8e21e94 [0x0000028fd8e21c80+0x0000000000000214]
J 6008 c2 java.awt.EventQueue.dispatchEventImpl(Ljava/awt/AWTEvent;Ljava/lang/Object;)V java.desktop@25 (139 bytes) @ 0x0000028fe0c220ac [0x0000028fe0c21d80+0x000000000000032c]
J 6052 c2 java.awt.EventQueue.dispatchEvent(Ljava/awt/AWTEvent;)V java.desktop@25 (48 bytes) @ 0x0000028fe0c3e344 [0x0000028fe0c3e300+0x0000000000000044]
J 9002 c1 java.awt.EventDispatchThread.pumpOneEventForFilters(I)V java.desktop@25 (106 bytes) @ 0x0000028fd8eeee44 [0x0000028fd8eee680+0x00000000000007c4]
J 7023% c2 java.awt.EventDispatchThread.pumpEventsForFilter(ILjava/awt/Conditional;Ljava/awt/EventFilter;)V java.desktop@25 (47 bytes) @ 0x0000028fe0e0cb1c [0x0000028fe0e0ca80+0x000000000000009c]
j  java.awt.EventDispatchThread.pumpEventsForHierarchy(ILjava/awt/Conditional;Ljava/awt/Component;)V+11 java.desktop@25
j  java.awt.EventDispatchThread.pumpEvents(ILjava/awt/Conditional;)V+4 java.desktop@25
j  java.awt.EventDispatchThread.pumpEvents(Ljava/awt/Conditional;)V+3 java.desktop@25
j  java.awt.EventDispatchThread.run()V+9 java.desktop@25
v  ~StubRoutines::call_stub 0x0000028fe02112ed

siginfo: EXCEPTION_ACCESS_VIOLATION (0xc0000005), reading address 0x0000000000000008


Registers:
RAX=0x0000000000000000, RBX=0x0000028ffaf59880, RCX=0x0000028ffe3df8a0, RDX=0x00000000fffffff8
RSP=0x000000b3a22ff210, RBP=0x0000000000000000, RSI=0x00000000fffffff8, RDI=0x0000000000000000
R8 =0x0000000000000001, R9 =0x000000b3a0278000, R10=0x00007fff746cf340, R11=0x000000b3a22ff220
R12=0x0000000000000000, R13=0x0000000605802418, R14=0x0000028ffdfae390, R15=0x0000028ffdceb900
RIP=0x00007ff81cffed0a, EFLAGS=0x0000000000010202

XMM[0]=0x0000093800000f08 0xfffffff8fffffff8
XMM[1]=0x0000000000000000 0x416312d000000000
XMM[2]=0x0000000000000000 0x0000028fe0218408
XMM[3]=0x000000b3a22ff310 0x0000020000000000
XMM[4]=0x0000000000000000 0x0000000000000000
XMM[5]=0x6176616a4c283e74 0x696e693c2e726f74
XMM[6]=0x0000000000000000 0x0000000000000000
XMM[7]=0x0000000000000000 0x0000000000000000
XMM[8]=0x0000000000000000 0x0000000000000005
XMM[9]=0x0000000000000000 0x000000003f800000
XMM[10]=0x0000000000000000 0x0000000040c00000
XMM[11]=0x0000000000000000 0x000000003f800000
XMM[12]=0x0000000000000000 0x0000000000000000
XMM[13]=0x0000000000000000 0x0000000042800000
XMM[14]=0x0000000000000000 0x0000000040c00000
XMM[15]=0x0000000000000000 0x0000000000000000
  MXCSR=0x00001fa7


Register to memory mapping:

RAX=0x0 is null
RBX=0x0000028ffaf59880 points into unknown readable memory: 0x0000028ffa169f10 | 10 9f 16 fa 8f 02 00 00
RCX=0x0000028ffe3df8a0 points into unknown readable memory: 0x0000028fd0557350 | 50 73 55 d0 8f 02 00 00
RDX=0x00000000fffffff8 is an unknown value
RSP=0x000000b3a22ff210 is pointing into the stack for thread: 0x0000028ffdceb900
RBP=0x0 is null
RSI=0x00000000fffffff8 is an unknown value
RDI=0x0 is null
R8 =0x0000000000000001 is an unknown value
R9 =0x000000b3a0278000 points into unknown readable memory: 0x0000000000000000 | 00 00 00 00 00 00 00 00
R10=0x00007fff746cf340 jvm.dll
R11=0x000000b3a22ff220 is pointing into the stack for thread: 0x0000028ffdceb900
R12=0x0 is null
R13=0x0000000605802418 is an oop: sun.awt.windows.WFramePeer 
{0x0000000605802418} - klass: 'sun/awt/windows/WFramePeer' - flags: 

 - ---- fields (total size 19 words):
 - private volatile 'destroyed' 'Z' @12  false (0x00)
 - private volatile 'disposed' 'Z' @13  false (0x00)
 - volatile 'pData' 'J' @16  2817464656784 (0x0000028ffdfae390)
 - volatile 'target' 'Ljava/lang/Object;' @24  a 'UZ_GUI/UZ_GUI_view'{0x00000006058021f0} (0xc0b0043e)
 - volatile 'createError' 'Ljava/lang/Error;' @28  null (0x00000000)
 - private final 'stateLock' 'Ljava/lang/Object;' @32  a 'java/lang/Object'{0x00000006058024b0} (0xc0b00496)
 - private volatile 'childPeers' 'Ljava/util/Map;' @36  null (0x00000000)
 - 'isLayouting' 'Z' @14  false (0x00)
 - 'paintPending' 'Z' @15  false (0x00)
 - 'surfaceData' 'Lsun/java2d/SurfaceData;' @40  a 'sun/java2d/windows/GDIWindowSurfaceData'{0x000000060d5f2c10} (0xc1abe582)
 - private 'paintArea' 'Lsun/awt/RepaintArea;' @44  a 'sun/awt/RepaintArea'{0x0000000605814af8} (0xc0b0295f)
 - protected 'winGraphicsConfig' 'Lsun/awt/Win32GraphicsConfig;' @48  a 'sun/awt/Win32GraphicsConfig'{0x000000060d4c7800} (0xc1a98f00)
 - private 'backBuffer' 'Ljava/awt/image/VolatileImage;' @52  null (0x00000000)
 - private 'backBufferCaps' 'Ljava/awt/BufferCapabilities;' @56  null (0x00000000)
 - private 'foreground' 'Ljava/awt/Color;' @60  a 'java/awt/SystemColor'{0x0000000605816b80} (0xc0b02d70)
 - private 'background' 'Ljava/awt/Color;' @64  a 'javax/swing/plaf/ColorUIResource'{0x0000000605816ba8} (0xc0b02d75)
 - private 'font' 'Ljava/awt/Font;' @68  a 'java/awt/Font'{0x0000000605816bc8} (0xc0b02d79)
 - protected volatile 'hwnd' 'J' @72  6821110 (0x00000000006814f6)
 - 'nativeDropTargetContext' 'J' @80  2817464054512 (0x0000028ffdf1b2f0)
 - 'oldWidth' 'I' @88  2589 (0x00000a1d)
 - 'oldHeight' 'I' @92  1100 (0x0000044c)
 - private 'numBackBuffers' 'I' @96  0 (0x00000000)
 - 'nDropTargets' 'I' @100  99 (0x00000063)
 - public 'serialNum' 'I' @104  1 (0x00000001)
 - private 'updateX1' 'I' @108  0 (0x00000000)
 - private 'updateY1' 'I' @112  0 (0x00000000)
 - private 'updateX2' 'I' @116  0 (0x00000000)
 - private 'updateY2' 'I' @120  0 (0x00000000)
 - private volatile 'isAccelCapable' 'Z' @124  true (0x01)
 - private 'eraseBackground' 'Z' @125  false (0x00)
 - 'insets_' 'Ljava/awt/Insets;' @128  a 'java/awt/Insets'{0x0000000605b31fb8} (0xc0b663f7)
 - private 'isOpaque' 'Z' @126  true (0x01)
 - private 'modalBlocker' 'Lsun/awt/windows/WWindowPeer;' @132  null (0x00000000)
 - private 'painter' 'Lsun/awt/windows/TranslucentWindowPainter;' @136  null (0x00000000)
 - private 'windowListener' 'Ljava/awt/event/WindowListener;' @140  null (0x00000000)
 - private volatile 'windowType' 'Ljava/awt/Window$Type;' @144  a 'java/awt/Window$Type'{0x0000000605b31fd8} (0xc0b663fb)
 - private 'opacity' 'F' @148  1.000000 (0x3f800000)
R14=0x0000028ffdfae390 points into unknown readable memory: 0x00007ff81d02e8e0 | e0 e8 02 1d f8 7f 00 00
R15=0x0000028ffdceb900 is a thread

Top of Stack: (sp=0x000000b3a22ff210)
0x000000b3a22ff210:   0000028ffaf59880 00007ff81d069148   ........H.......
0x000000b3a22ff220:   0000028ffdfae390 0000028ffaf59880   ................
0x000000b3a22ff230:   0000028ffaf59880 00007ff81cfb3708   .........7......
0x000000b3a22ff240:   00007ff81d05c838 00007ff81d069148   8.......H.......
0x000000b3a22ff250:   00000000fffffff8 0000028ffdcebd48   ........H.......
0x000000b3a22ff260:   0000028ffdcebd48 00007ff81cfb984b   H.......K.......
0x000000b3a22ff270:   0000028ffaf59880 00007ff81d069148   ........H.......
0x000000b3a22ff280:   0000028ffa6740c2 0000000605802418   .@g......$......
0x000000b3a22ff290:   0000000000000000 00000000382ccc88   ..........,8....
0x000000b3a22ff2a0:   fffffff8fffffff8 0000093800000f08   ............8...
0x000000b3a22ff2b0:   00004fd6c8b74b3d 0000028ffa6740c2   =K...O...@g.....
0x000000b3a22ff2c0:   0000000038190da8 0000028ffa6740c2   ...8.....@g.....
0x000000b3a22ff2d0:   00007ff81cfb9720 00007ff81cff8a81    ...............
0x000000b3a22ff2e0:   00007ff81d069148 00007ff81d069148   H.......H.......
0x000000b3a22ff2f0:   000000b3a22ff3a0 0000028ff65adb38   ../.....8.Z.....
0x000000b3a22ff300:   000000b3a22ff360 00007ff81cfbc2c8   `./.............
0x000000b3a22ff310:   0000028ffdcebd48 0000000000000040   H.......@.......
0x000000b3a22ff320:   0000000000000040 00007ff81d069148   @.......H.......
0x000000b3a22ff330:   0000000000000001 0000028fe0b309fc   ................
0x000000b3a22ff340:   0000000000000027 0000000000000040   '.......@.......
0x000000b3a22ff350:   fffffffffffffff7 0000028ff65ad993   ..........Z.....
0x000000b3a22ff360:   0000000605802418 0000028ff65b06b0   .$........[.....
0x000000b3a22ff370:   0000000000000000 000000060584add8   ................
0x000000b3a22ff380:   0000028ff65ad9b0 0000000000000000   ..Z.............
0x000000b3a22ff390:   000000b3a22ff3a8 000000b3a22ff3f8   ../......./.....
0x000000b3a22ff3a0:   0000000001129dc8 0000028fe0fe3708   .........7......
0x000000b3a22ff3b0:   fffffffffffffff7 0000028ff65ad8b2   ..........Z.....
0x000000b3a22ff3c0:   0000000000000003 0000028ff65b06b0   ..........[.....
0x000000b3a22ff3d0:   0000000001080000 00000006058021f0   .........!......
0x000000b3a22ff3e0:   0000028f00000008 00000006058021f0   .........!......
0x000000b3a22ff3f0:   0000000605c403f8 000000060d400000   ..........@.....
0x000000b3a22ff400:   0000028fe0218b18 0000000000000000   ..!.............

Instructions: (pc=0x00007ff81cffed0a)
  0x00007ff81cffec0a:   85 c0 74 62 e8 9d 97 f4 ff 48 8b d8 48 89 44 24
  0x00007ff81cffec1a:   30 8b 68 0c 33 f6 85 ed 7e 43 0f 1f 40 00 0f 1f
  0x00007ff81cffec2a:   84 00 00 00 00 00 41 b8 01 00 00 00 8b d6 48 8b
  0x00007ff81cffec3a:   cb e8 e0 96 f4 ff 48 8b 78 28 41 b8 01 00 00 00
  0x00007ff81cffec4a:   8b d6 48 8b cb e8 cc 96 f4 ff 48 8b 50 30 48 8b
  0x00007ff81cffec5a:   cf ff 15 27 6d 06 00 ff c6 3b f5 7c c9 48 8b cb
  0x00007ff81cffec6a:   e8 01 99 f4 ff 90 48 8b 5c 24 38 48 8b 6c 24 40
  0x00007ff81cffec7a:   48 8b 74 24 48 48 83 c4 20 5f c3 cc cc cc cc cc
  0x00007ff81cffec8a:   cc cc cc cc cc cc 40 53 48 83 ec 20 48 8b 41 30
  0x00007ff81cffec9a:   8b 58 04 2b d3 66 0f 6e c2 0f 5b c0 f3 0f 5e 41
  0x00007ff81cffecaa:   48 0f 5a c8 f2 0f 10 05 42 3f 03 00 f2 0f 5c 0d
  0x00007ff81cffecba:   7a 3f 01 00 66 0f 2f c1 76 0d b8 00 00 00 80 03
  0x00007ff81cffecca:   c3 48 83 c4 20 5b c3 66 0f 2f 0d e7 88 02 00 76
  0x00007ff81cffecda:   0d b8 ff ff ff 7f 03 c3 48 83 c4 20 5b c3 0f 28
  0x00007ff81cffecea:   c1 e8 ca 09 01 00 f2 0f 2c c0 03 c3 48 83 c4 20
  0x00007ff81cffecfa:   5b c3 cc cc cc cc 40 53 48 83 ec 20 48 8b 41 30
=>0x00007ff81cffed0a:   8b 58 08 2b d3 66 0f 6e c2 0f 5b c0 f3 0f 5e 41
  0x00007ff81cffed1a:   4c 0f 5a c8 f2 0f 10 05 d2 3e 03 00 f2 0f 5c 0d
  0x00007ff81cffed2a:   0a 3f 01 00 66 0f 2f c1 76 0d b8 00 00 00 80 03
  0x00007ff81cffed3a:   c3 48 83 c4 20 5b c3 66 0f 2f 0d 77 88 02 00 76
  0x00007ff81cffed4a:   0d b8 ff ff ff 7f 03 c3 48 83 c4 20 5b c3 0f 28
  0x00007ff81cffed5a:   c1 e8 5a 09 01 00 f2 0f 2c c0 03 c3 48 83 c4 20
  0x00007ff81cffed6a:   5b c3 cc cc cc cc 48 83 ec 28 66 0f 6e c2 0f 5b
  0x00007ff81cffed7a:   c0 f3 0f 5e 41 48 0f 5a c8 f2 0f 10 05 6d 3e 03
  0x00007ff81cffed8a:   00 f2 0f 5c 0d a5 3e 01 00 66 0f 2f c1 76 0a b8
  0x00007ff81cffed9a:   00 00 00 80 48 83 c4 28 c3 66 0f 2f 0d 15 88 02
  0x00007ff81cffedaa:   00 76 0a b8 ff ff ff 7f 48 83 c4 28 c3 0f 28 c1
  0x00007ff81cffedba:   e8 fb 08 01 00 f2 0f 2c c0 48 83 c4 28 c3 cc cc
  0x00007ff81cffedca:   cc cc cc cc cc cc 48 83 ec 28 66 0f 6e c2 0f 5b
  0x00007ff81cffedda:   c0 f3 0f 5e 41 4c 0f 5a c8 f2 0f 10 05 0d 3e 03
  0x00007ff81cffedea:   00 f2 0f 5c 0d 45 3e 01 00 66 0f 2f c1 76 0a b8
  0x00007ff81cffedfa:   00 00 00 80 48 83 c4 28 c3 66 0f 2f 0d b5 87 02


Stack slot to memory mapping:

stack at sp + 0 slots: 0x0000028ffaf59880 points into unknown readable memory: 0x0000028ffa169f10 | 10 9f 16 fa 8f 02 00 00
stack at sp + 1 slots: 0x00007ff81d069148 awt.dll
stack at sp + 2 slots: 0x0000028ffdfae390 points into unknown readable memory: 0x00007ff81d02e8e0 | e0 e8 02 1d f8 7f 00 00
stack at sp + 3 slots: 0x0000028ffaf59880 points into unknown readable memory: 0x0000028ffa169f10 | 10 9f 16 fa 8f 02 00 00
stack at sp + 4 slots: 0x0000028ffaf59880 points into unknown readable memory: 0x0000028ffa169f10 | 10 9f 16 fa 8f 02 00 00
stack at sp + 5 slots: 0x00007ff81cfb3708 awt.dll
stack at sp + 6 slots: 0x00007ff81d05c838 awt.dll
stack at sp + 7 slots: 0x00007ff81d069148 awt.dll

Lock stack of current Java thread (top to bottom):


Compiled method (n/a) 3650660 5325     n 0       sun.awt.windows.WComponentPeer::getLocationOnScreen (native)
 total in heap  [0x0000028fe0b30888,0x0000028fe0b30c30] = 936
 main code      [0x0000028fe0b30980,0x0000028fe0b30c2a] = 682
 stub code      [0x0000028fe0b30c2a,0x0000028fe0b30c30] = 6
 mutable data [0x0000028ffa9b6290,0x0000028ffa9b62b0] = 32
 relocation     [0x0000028ffa9b6290,0x0000028ffa9b62b0] = 32

[Constant Pool (empty)]

[MachCode]
[Entry Point]
  # {method} {0x0000028ff61d9620} 'getLocationOnScreen' '()Ljava/awt/Point;' in 'sun/awt/windows/WComponentPeer'
  #           [sp+0x70]  (sp of caller)
  0x0000028fe0b30980: 6690 448b | 5208 443b 

  0x0000028fe0b30988: ;   {runtime_call Shared Runtime ic_miss_blob}
  0x0000028fe0b30988: 5008 0f85 | 50e1 72ff 
[Verified Entry Point]
  0x0000028fe0b30990: 8984 2400 | 80ff ff55 | 488b ec48 | 83ec 6090 | 4181 7f20 | 0700 0000 

  0x0000028fe0b309a8: ;   {runtime_call Stub::method_entry_barrier}
  0x0000028fe0b309a8: 7405 e891 | 3871 ff48 | 8954 2420 | 4883 fa00 | 488d 5424 | 2048 0f44 | 5424 20c5 

  0x0000028fe0b309c4: ;   {internal_word}
  0x0000028fe0b309c4: f877 49ba | c309 b3e0 | 8f02 0000 | 4d89 9730 | 0400 0049 | 89a7 2804 | 0000 498d | 8f48 0400 
  0x0000028fe0b309e4: 0041 c787 | d404 0000 | 0400 0000 

  0x0000028fe0b309f0: ;   {runtime_call}
  0x0000028fe0b309f0: 48b8 80c2 | fb1c f87f | 0000 ffd0 | c5f8 7741 | c787 d404 | 0000 0500 | 0000 f083 | 4424 c000 
  0x0000028fe0b30a10: 493b 6f28 | 0f87 0e00 | 0000 4183 | bfd0 0400 | 0000 0f84 | 2b00 0000 | c5f8 7748 | 8945 f849 
  0x0000028fe0b30a30: 8bcf 4c8b | e448 83ec | 2048 83e4 

  0x0000028fe0b30a3c: ;   {runtime_call}
  0x0000028fe0b30a3c: f048 b840 | acdd 73ff | 7f00 00ff | d049 8be4 | 4d33 e448 | 8b45 f841 | c787 d404 | 0000 0800 
  0x0000028fe0b30a5c: 0000 4183 | bf50 0500 | 0002 0f84 | 9101 0000 | 49c7 8728 | 0400 0000 | 0000 0049 | c787 3004 
  0x0000028fe0b30a7c: 0000 0000 | 0000 c5f8 | 7748 85c0 | 0f84 2f01 | 0000 a803 | 0f85 0800 | 0000 488b | 00e9 1f01 
  0x0000028fe0b30a9c: 0000 a801 | 0f85 0900 | 0000 488b | 40fe e90e | 0100 0048 | 8b40 ff41 | 807f 4800 | 0f84 ff00 
  0x0000028fe0b30abc: 0000 4883 | f800 0f84 | f500 0000 | 498b 4f38 | 4885 c90f | 8414 0000 | 0048 83e9 | 0849 894f 
  0x0000028fe0b30adc: 3849 034f | 4048 8901 | e9d4 0000 | 0048 83ec | 7048 8904 | 2448 894c | 2408 4889 | 5424 104c 
  0x0000028fe0b30afc: 8944 2418 | 4c89 4c24 | 204c 8954 | 2428 4c89 | 5c24 30c5 | fb11 4424 | 40c5 fb11 | 4c24 48c5 
  0x0000028fe0b30b1c: fb11 5424 | 50c5 fb11 | 5c24 58c5 | fb11 6424 | 60c5 fb11 | 6c24 6849 | 8bd7 488b | c848 83ec 
  0x0000028fe0b30b3c: ;   {other}
  0x0000028fe0b30b3c: 2040 f6c4 | 0f0f 8419 | 0000 0048 

  0x0000028fe0b30b48: ;   {runtime_call}
  0x0000028fe0b30b48: 83ec 0848 | b820 76d0 | 73ff 7f00 | 00ff d048 | 83c4 08e9 | 0c00 0000 

  0x0000028fe0b30b60: ;   {runtime_call}
  0x0000028fe0b30b60: 48b8 2076 | d073 ff7f | 0000 ffd0 | 4883 c420 | c5fb 106c | 2468 c5fb | 1064 2460 | c5fb 105c 
  0x0000028fe0b30b80: 2458 c5fb | 1054 2450 | c5fb 104c | 2448 c5fb | 1044 2440 | 4c8b 5c24 | 304c 8b54 | 2428 4c8b 
  0x0000028fe0b30ba0: 4c24 204c | 8b44 2418 | 488b 5424 | 1048 8b4c | 2408 488b | 0424 4883 | c470 c5f8 | 7749 8b8f 
  0x0000028fe0b30bc0: b804 0000 | c781 0001 | 0000 0000 

  0x0000028fe0b30bcc: ;   {poll_return}
  0x0000028fe0b30bcc: 0000 c941 | f647 2801 

  0x0000028fe0b30bd4: ;   {internal_word}
  0x0000028fe0b30bd4: 7416 49ba | cf0b b3e0 | 8f02 0000 | 4d89 97e0 

  0x0000028fe0b30be4: ;   {runtime_call SafepointBlob}
  0x0000028fe0b30be4: 0400 00e9 | 7403 73ff | 4983 7f08 | 000f 8501 | 0000 00c3 

  0x0000028fe0b30bf8: ;   {runtime_call Stub::forward_exception}
  0x0000028fe0b30bf8: e9e3 056e | ffc5 f877 | 4889 45f8 | 4c8b e448 | 83ec 2048 

  0x0000028fe0b30c0c: ;   {runtime_call}
  0x0000028fe0b30c0c: 83e4 f048 | b8f0 f516 | 74ff 7f00 | 00ff d049 | 8be4 4d33 | e448 8b45 | f8e9 42fe | ffff f4f4 
  0x0000028fe0b30c2c: f4f4 f4f4 
[/MachCode]


Compiled method (c2) 3650667 8400       4       javax.swing.SwingUtilities::convertPoint (77 bytes)
 total in heap  [0x0000028fe0fe3308,0x0000028fe0fe49f8] = 5872
 main code      [0x0000028fe0fe3400,0x0000028fe0fe4988] = 5512
 stub code      [0x0000028fe0fe4988,0x0000028fe0fe49e8] = 96
 oops           [0x0000028fe0fe49e8,0x0000028fe0fe49f8] = 16
 mutable data [0x0000028ffea73cd0,0x0000028ffea73fc8] = 760
 relocation     [0x0000028ffea73cd0,0x0000028ffea73ee0] = 528
 metadata       [0x0000028ffea73ee0,0x0000028ffea73fc8] = 232
 immutable data [0x0000028ffcfc6cf0,0x0000028ffcfc79e8] = 3320
 dependencies   [0x0000028ffcfc6cf0,0x0000028ffcfc6d30] = 64
 nul chk table  [0x0000028ffcfc6d30,0x0000028ffcfc6d90] = 96
 handler table  [0x0000028ffcfc6d90,0x0000028ffcfc6fb8] = 552
 scopes pcs     [0x0000028ffcfc6fb8,0x0000028ffcfc7398] = 992
 scopes data    [0x0000028ffcfc7398,0x0000028ffcfc79e8] = 1616

[Constant Pool (empty)]

[MachCode]
[Verified Entry Point]
  # {method} {0x0000028ff627aec8} 'convertPoint' '(Ljava/awt/Component;Ljava/awt/Point;Ljava/awt/Component;)Ljava/awt/Point;' in 'javax/swing/SwingUtilities'
  # parm0:    rdx:rdx   = 'java/awt/Component'
  # parm1:    r8:r8     = 'java/awt/Point'
  # parm2:    r9:r9     = 'java/awt/Component'
  #           [sp+0x90]  (sp of caller)
  0x0000028fe0fe3400: 8984 2400 | 80ff ff55 | 4881 ec80 | 0000 0090 | 4181 7f20 | 0700 0000 | 0f85 5c15 | 0000 4c89 
  0x0000028fe0fe3420: 4c24 384c | 8944 2428 | 4889 5424 | 4048 85d2 | 0f84 e70e | 0000 498b | 87c8 0100 | 004c 8bd0 
  0x0000028fe0fe3440: 4983 c218 | 4d3b 97d8 | 0100 000f | 83d4 0b00 | 004d 8997 | c801 0000 | 410f 0d8a | c000 0000 
  0x0000028fe0fe3460: 48c7 0001 

  0x0000028fe0fe3464: ;   {metadata('java/awt/Point')}
  0x0000028fe0fe3464: 0000 00c7 | 4008 f040 | 0701 4489 | 600c 4c89 | 6010 4c8b | d04c 8b5c | 2428 458b | 430c 4589 
  0x0000028fe0fe3484: 420c 458b | 5b10 4589 | 5a10 4c8b | 4c24 4045 | 8b41 0841 | bb00 0000 | 384d 03d8 | 498b 4b48 
  0x0000028fe0fe34a4: ;   {metadata('javax/swing/JComponent')}
  0x0000028fe0fe34a4: 48bb 1872 | 09f6 8f02 | 0000 483b | cb0f 854c | 0100 004c | 894c 2428 | 498b d149 | 8bea 6666 
  0x0000028fe0fe34c4: 9048 b8e0 | 0255 f58f 

  0x0000028fe0fe34cc: ;   {virtual_call}
  0x0000028fe0fe34cc: 0200 00e8 

  0x0000028fe0fe34d0: ; ImmutableOopMap {rbp=Oop [40]=Oop [56]=Oop [64]=Oop }
                      ;*invokevirtual getX {reexecute=0 rethrow=0 return_oop=0}
                      ; - javax.swing.SwingUtilities::convertPointToScreen@8 (line 426)
                      ; - javax.swing.SwingUtilities::convertPoint@44 (line 191)
  0x0000028fe0fe34d0: 2cde 58ff 

  0x0000028fe0fe34d4: ;   {post_call_nop}
  0x0000028fe0fe34d4: 0f1f 8400 | cc01 0000 | 8944 2430 | 488b 5424 | 2848 b808 | 0355 f58f 

  0x0000028fe0fe34ec: ;   {virtual_call}
  0x0000028fe0fe34ec: 0200 00e8 

  0x0000028fe0fe34f0: ; ImmutableOopMap {rbp=Oop [40]=Oop [56]=Oop [64]=Oop }
                      ;*invokevirtual getY {reexecute=0 rethrow=0 return_oop=0}
                      ; - javax.swing.SwingUtilities::convertPointToScreen@13 (line 427)
                      ; - javax.swing.SwingUtilities::convertPoint@44 (line 191)
  0x0000028fe0fe34f0: 34de 58ff 

  0x0000028fe0fe34f4: ;   {post_call_nop}
  0x0000028fe0fe34f4: 0f1f 8400 | ec01 0001 | 448b 5c24 | 304c 8bd5 | 4c8b 4c24 | 2845 015a | 0c41 0142 | 1045 8b59 
  0x0000028fe0fe3514: 0841 b800 | 0000 384d | 03c3 4d8b 

  0x0000028fe0fe3520: ;   {metadata('java/awt/Window')}
  0x0000028fe0fe3520: 5848 48b9 | b08d 0039 | 0000 0000 | 4c3b d90f | 8593 0200 | 004c 8b44 | 2438 4d85 | c00f 84f1 
  0x0000028fe0fe3540: 0d00 0045 | 8b48 0841 | bb00 0000 | 384d 03d9 | 498b 4b48 

  0x0000028fe0fe3554: ;   {metadata('javax/swing/JComponent')}
  0x0000028fe0fe3554: 48bb 1872 | 09f6 8f02 | 0000 483b | cb0f 8594 | 0200 004c | 8944 2428 | 4c89 5424 | 2049 8bd0 
  0x0000028fe0fe3574: 498b ea66 | 9048 b830 | 0355 f58f 

  0x0000028fe0fe3580: ;   {virtual_call}
  0x0000028fe0fe3580: 0200 00e8 

  0x0000028fe0fe3584: ; ImmutableOopMap {rbp=Oop [32]=Oop [40]=Oop }
                      ;*invokevirtual getX {reexecute=0 rethrow=0 return_oop=0}
                      ; - javax.swing.SwingUtilities::convertPointFromScreen@8 (line 466)
                      ; - javax.swing.SwingUtilities::convertPoint@72 (line 197)
  0x0000028fe0fe3584: 78dd 58ff 

  0x0000028fe0fe3588: ;   {post_call_nop}
  0x0000028fe0fe3588: 0f1f 8400 | 8002 0002 | 8944 2430 | 488b 5424 | 2848 b858 | 0355 f58f 

  0x0000028fe0fe35a0: ;   {virtual_call}
  0x0000028fe0fe35a0: 0200 00e8 

  0x0000028fe0fe35a4: ; ImmutableOopMap {rbp=Oop [32]=Oop [40]=Oop }
                      ;*invokevirtual getY {reexecute=0 rethrow=0 return_oop=0}
                      ; - javax.swing.SwingUtilities::convertPointFromScreen@13 (line 467)
                      ; - javax.swing.SwingUtilities::convertPoint@72 (line 197)
  0x0000028fe0fe35a4: 80dd 58ff 

  0x0000028fe0fe35a8: ;   {post_call_nop}
  0x0000028fe0fe35a8: 0f1f 8400 | a002 0003 | 448b 4c24 | 304c 8b44 | 2428 4c8b | 5424 2041 | 2942 1045 | 294a 0c45 
  0x0000028fe0fe35c8: 8b48 0841 | bb00 0000 | 384d 03d9 | 4d8b 4b48 

  0x0000028fe0fe35d8: ;   {metadata('java/awt/Window')}
  0x0000028fe0fe35d8: 48b9 b08d | 0039 0000 | 0000 4c3b | c90f 85d0 | 0300 0048 | 8b44 2420 | 4881 c480 | 0000 005d 
  0x0000028fe0fe35f8: ;   {poll_return}
  0x0000028fe0fe35f8: 493b 6728 | 0f87 6213 | 0000 c34d 

  0x0000028fe0fe3604: ;   {metadata('java/applet/Applet')}
  0x0000028fe0fe3604: 8b5b 5048 | bb88 b813 | 3900 0000 | 004c 3bdb | 0f84 360d 

  0x0000028fe0fe3618: ;   {metadata('java/awt/Window')}
  0x0000028fe0fe3618: 0000 49bb | b08d 0039 | 0000 0000 | 493b cb0f | 85c4 0300 

  0x0000028fe0fe362c: ;   {oop(a 'java/awt/Component$AWTTreeLock'{0x0000000605800c88})}
  0x0000028fe0fe362c: 0048 b988 | 0c80 0506 | 0000 0048 | 8d5c 2470 | 4c8b 1941 | 8b9f d806 | 0000 41f6 | c302 0f85 
  0x0000028fe0fe364c: 3700 0000 | 81fb 2707 | 0000 0f8f | 4b00 0000 | 493b 4c1f | f874 1649 | 8bc3 4883 | c801 4983 
  0x0000028fe0fe366c: e3fe f04c | 0fb1 190f | 852e 0000 | 0049 890c | 1f41 8387 | d806 0000 | 08eb 1e48 | 33c0 498b 
  0x0000028fe0fe368c: 9fc8 0400 | 00f0 490f | b15b 3e74 | 0c48 3bd8 | 7509 49ff | 8386 0000 | 0033 c00f | 858b 0d00 
  0x0000028fe0fe36ac: 0045 8b59 | 4043 8b6c | dc08 4f8d 

  0x0000028fe0fe36b8: ;   {metadata('UZ_GUI/UZ_GUI_view')}
  0x0000028fe0fe36b8: 2cdc 4181 | f800 0008 | 010f 85db | 0400 004d | 8bd9 410f | b643 3185 | c00f 84c8 

  0x0000028fe0fe36d4: ;   {metadata('sun/awt/windows/WFramePeer')}
  0x0000028fe0fe36d4: 0a00 0081 | fdc8 9d12 | 010f 8506 

  0x0000028fe0fe36e0: ;   {metadata('sun/awt/windows/WFramePeer')}
  0x0000028fe0fe36e0: 0500 0081 | fdc8 9d12 | 010f 851a | 0800 0044 | 8944 2420 | 4c89 4c24 | 284c 8954 | 2448 498b 
  0x0000028fe0fe3700: ;   {optimized virtual_call}
  0x0000028fe0fe3700: d566 90e8 

  0x0000028fe0fe3704: ; ImmutableOopMap {[40]=Oop [56]=Oop [64]=Oop [72]=Oop }
                      ;*invokeinterface getLocationOnScreen {reexecute=0 rethrow=0 return_oop=1}
                      ; - java.awt.Component::getLocationOnScreen_NoTreeLock@88 (line 2071)
                      ; - java.awt.Component::getLocationOnScreen@8 (line 2049)
                      ; - javax.swing.SwingUtilities::convertPointToScreen@36 (line 431)
                      ; - javax.swing.SwingUtilities::convertPoint@44 (line 191)
  0x0000028fe0fe3704: 88d2 b4ff 

  0x0000028fe0fe3708: ;   {post_call_nop}
  0x0000028fe0fe3708: 0f1f 8400 | 0004 0004 | 488b d84c | 8b4c 2428 

  0x0000028fe0fe3718: ;   {oop(a 'java/awt/Component$AWTTreeLock'{0x0000000605800c88})}
  0x0000028fe0fe3718: 49bb 880c | 8005 0600 | 0000 488d | 4424 7041 | 8b87 d806 | 0000 4d8b | 134d 3b5c | 07f8 0f85 
  0x0000028fe0fe3738: 2e00 0000 | 4183 afd8 | 0600 0008 | 4d3b 5c07 | f00f 845f | 0000 0049 | 8bc2 4883 | e0fc 4983 
  0x0000028fe0fe3758: ca01 f04d | 0fb1 130f | 85f2 1100 | 00e9 4400 | 0000 4983 | ba86 0000 | 0000 7533 | 49c7 423e 
  0x0000028fe0fe3778: 0000 0000 | f083 4424 | c000 4983 | ba8e 0000 | 0000 7422 | 4983 ba9e | 0000 0000 | 7518 4983 
  0x0000028fe0fe3798: e2fd 4d89 | 97e8 0500 | 0041 83ca | 01eb 0a49 | ff8a 8600 | 0000 4533 | d20f 85ca | 0c00 0044 
  0x0000028fe0fe37b8: 8b5b 0c8b | 4310 4c8b | 5424 48e9 | 41fd ffff | 4d8b 5850 

  0x0000028fe0fe37cc: ;   {metadata('java/applet/Applet')}
  0x0000028fe0fe37cc: 49b8 88b8 | 1339 0000 | 0000 4d3b | d80f 8499 | 0b00 0041 | 8b69 444d 

  0x0000028fe0fe37e4: ; ImmutableOopMap {r10=Oop rbp=NarrowOop [56]=Oop [64]=Oop }
                      ;*ifnonnull {reexecute=1 rethrow=0 return_oop=0}
                      ; - (reexecute) javax.swing.SwingUtilities::convertPointToScreen@128 (line 449)
                      ; - javax.swing.SwingUtilities::convertPoint@44 (line 191)
                      ;   {poll}
  0x0000028fe0fe37e4: 8b47 3041 | 8500 85ed | 0f84 c10c | 0000 4d8d | 0cec e998 | fcff ff4d 

  0x0000028fe0fe37fc: ;   {metadata('java/applet/Applet')}
  0x0000028fe0fe37fc: 8b5b 5048 | bb88 b813 | 3900 0000 | 004c 3bdb | 0f84 7e0b 

  0x0000028fe0fe3810: ;   {metadata('java/awt/Window')}
  0x0000028fe0fe3810: 0000 49bb | b08d 0039 | 0000 0000 | 493b cb0f | 8587 0b00 

  0x0000028fe0fe3824: ;   {oop(a 'java/awt/Component$AWTTreeLock'{0x0000000605800c88})}
  0x0000028fe0fe3824: 0048 b988 | 0c80 0506 | 0000 0048 | 8d5c 2470 | 4c8b 1941 | 8b9f d806 | 0000 41f6 | c302 0f85 
  0x0000028fe0fe3844: 3700 0000 | 81fb 2707 | 0000 0f8f | 4b00 0000 | 493b 4c1f | f874 1649 | 8bc3 4883 | c801 4983 
  0x0000028fe0fe3864: e3fe f04c | 0fb1 190f | 852e 0000 | 0049 890c | 1f41 8387 | d806 0000 | 08eb 1e48 | 33c0 498b 
  0x0000028fe0fe3884: 9fc8 0400 | 00f0 490f | b15b 3e74 | 0c48 3bd8 | 7509 49ff | 8386 0000 | 0033 c00f | 8523 0b00 
  0x0000028fe0fe38a4: 0041 8b48 | 4041 8b6c | cc08 4d8d 

  0x0000028fe0fe38b0: ;   {metadata('UZ_GUI/UZ_GUI_view')}
  0x0000028fe0fe38b0: 2ccc 4181 | f900 0008 | 010f 854f | 0100 004d | 8bd8 410f | b643 3185 | c00f 847a 

  0x0000028fe0fe38cc: ;   {metadata('sun/awt/windows/WFramePeer')}
  0x0000028fe0fe38cc: 0700 0081 | fdc8 9d12 | 010f 857a 

  0x0000028fe0fe38d8: ;   {metadata('sun/awt/windows/WFramePeer')}
  0x0000028fe0fe38d8: 0100 0081 | fdc8 9d12 | 010f 85ad | 0500 0044 | 894c 2430 | 4c89 4424 | 284c 8954 | 2420 498b 
  0x0000028fe0fe38f8: ;   {optimized virtual_call}
  0x0000028fe0fe38f8: d566 90e8 

  0x0000028fe0fe38fc: ; ImmutableOopMap {[32]=Oop [40]=Oop }
                      ;*invokeinterface getLocationOnScreen {reexecute=0 rethrow=0 return_oop=1}
                      ; - java.awt.Component::getLocationOnScreen_NoTreeLock@88 (line 2071)
                      ; - java.awt.Component::getLocationOnScreen@8 (line 2049)
                      ; - javax.swing.SwingUtilities::convertPointFromScreen@36 (line 471)
                      ; - javax.swing.SwingUtilities::convertPoint@72 (line 197)
  0x0000028fe0fe38fc: 90d0 b4ff 

  0x0000028fe0fe3900: ;   {post_call_nop}
  0x0000028fe0fe3900: 0f1f 8400 | f805 0006 | 488b f84c | 8b44 2428 

  0x0000028fe0fe3910: ;   {oop(a 'java/awt/Component$AWTTreeLock'{0x0000000605800c88})}
  0x0000028fe0fe3910: 49bb 880c | 8005 0600 | 0000 488d | 4424 7041 | 8b87 d806 | 0000 4d8b | 134d 3b5c | 07f8 0f85 
  0x0000028fe0fe3930: 2e00 0000 | 4183 afd8 | 0600 0008 | 4d3b 5c07 | f00f 845f | 0000 0049 | 8bc2 4883 | e0fc 4983 
  0x0000028fe0fe3950: ca01 f04d | 0fb1 130f | 85ed 0f00 | 00e9 4400 | 0000 4983 | ba86 0000 | 0000 7533 | 49c7 423e 
  0x0000028fe0fe3970: 0000 0000 | f083 4424 | c000 4983 | ba8e 0000 | 0000 7422 | 4983 ba9e | 0000 0000 | 7518 4983 
  0x0000028fe0fe3990: e2fd 4d89 | 97e8 0500 | 0041 83ca | 01eb 0a49 | ff8a 8600 | 0000 4533 | d20f 8557 | 0a00 0044 
  0x0000028fe0fe39b0: 8b4f 0c8b | 4710 e9ff | fbff ff4d 

  0x0000028fe0fe39bc: ;   {metadata('java/applet/Applet')}
  0x0000028fe0fe39bc: 8b5b 5049 | b988 b813 | 3900 0000 | 004d 3bd9 | 0f84 19fc | ffff 4d8b | 4f30 418b 

  0x0000028fe0fe39d8: ; ImmutableOopMap {r10=Oop rcx=NarrowOop [32]=Oop }
                      ;*ifnonnull {reexecute=1 rethrow=0 return_oop=0}
                      ; - (reexecute) javax.swing.SwingUtilities::convertPointFromScreen@128 (line 489)
                      ; - javax.swing.SwingUtilities::convertPoint@72 (line 197)
                      ;   {poll}
  0x0000028fe0fe39d8: 4844 4185 | 0185 c90f | 8406 fcff | ff4d 8d1c | cc4d 8bc3 | e952 fbff 

  0x0000028fe0fe39f0: ;   {metadata('javax/swing/CellRendererPane')}
  0x0000028fe0fe39f0: ff41 81f8 | 208b 0d01 | 0f85 ce0a | 0000 4d8b | c145 8b58 | 0c41 8b40 | 18e9 fbfa | ffff 4c89 
  0x0000028fe0fe3a10: 6c24 3844 | 894c 2430 | 4c89 4424 | 284c 8954 | 2420 498b | d048 b880 | 0355 f58f 

  0x0000028fe0fe3a2c: ;   {virtual_call}
  0x0000028fe0fe3a2c: 0200 00e8 

  0x0000028fe0fe3a30: ; ImmutableOopMap {[32]=Oop [40]=Oop [56]=Oop }
                      ;*invokevirtual isShowing {reexecute=0 rethrow=0 return_oop=0}
                      ; - java.awt.Component::getLocationOnScreen_NoTreeLock@10 (line 2059)
                      ; - java.awt.Component::getLocationOnScreen@8 (line 2049)
                      ; - javax.swing.SwingUtilities::convertPointFromScreen@36 (line 471)
                      ; - javax.swing.SwingUtilities::convertPoint@72 (line 197)
  0x0000028fe0fe3a30: deb0 a0ff 

  0x0000028fe0fe3a34: ;   {post_call_nop}
  0x0000028fe0fe3a34: 0f1f 8400 | 2c07 0008 | 4c8b 5424 | 204c 8b44 | 2428 448b | 4c24 304c | 8b6c 2438 | e972 feff 
  0x0000028fe0fe3a54: ;   {metadata('sun/awt/NullComponentPeer')}
  0x0000028fe0fe3a54: ff81 fd40 | 4a13 0174 | 1fbe 0000 | 0038 4803 | f54c 8b5e 

  0x0000028fe0fe3a68: ;   {metadata('java/awt/peer/LightweightPeer')}
  0x0000028fe0fe3a68: 2048 b9a8 | 75f3 f68f | 0200 004c | 3bd9 0f85 | 7203 0000 | 458b 5808 

  0x0000028fe0fe3a80: ;   {metadata('javax/swing/JRootPane')}
  0x0000028fe0fe3a80: 4181 fbd8 | a502 010f | 853b 0400 | 004d 8bd8 | 458b 5b44 | 49c1 e303 | 4d85 db0f | 844b 0b00 
  0x0000028fe0fe3aa0: 004d 8beb | 418b 4b40 

  0x0000028fe0fe3aa8: ; implicit exception: dispatches to 0x0000028fe0fe4850
  0x0000028fe0fe3aa8: 458b 5ccc 

  0x0000028fe0fe3aac: ;   {metadata('sun/awt/windows/WFramePeer')}
  0x0000028fe0fe3aac: 0841 81fb | c89d 1201 | 0f84 7f00 

  0x0000028fe0fe3ab8: ;   {metadata('sun/awt/NullComponentPeer')}
  0x0000028fe0fe3ab8: 0000 4181 | fb40 4a13 | 0174 1fbe | 0000 0038 | 4903 f34c 

  0x0000028fe0fe3acc: ;   {metadata('java/awt/peer/LightweightPeer')}
  0x0000028fe0fe3acc: 8b5e 2048 | b9a8 75f3 | f68f 0200 | 004c 3bd9 | 0f85 9d04 | 0000 4d8b | dd44 894c | 2430 4c89 
  0x0000028fe0fe3aec: 4424 284c | 8954 2420 | 498b d349 | 8bea 6666 | 9048 b8a8 | 0355 f58f 

  0x0000028fe0fe3b04: ;   {virtual_call}
  0x0000028fe0fe3b04: 0200 00e8 

  0x0000028fe0fe3b08: ; ImmutableOopMap {rbp=Oop [32]=Oop [40]=Oop }
                      ;*invokevirtual getContainer {reexecute=0 rethrow=0 return_oop=1}
                      ; - java.awt.Component::getNativeContainer@20 (line 8456)
                      ; - java.awt.Component::getLocationOnScreen_NoTreeLock@24 (line 2063)
                      ; - java.awt.Component::getLocationOnScreen@8 (line 2049)
                      ; - javax.swing.SwingUtilities::convertPointFromScreen@36 (line 471)
                      ; - javax.swing.SwingUtilities::convertPoint@72 (line 197)
  0x0000028fe0fe3b08: d4b5 27ff 

  0x0000028fe0fe3b0c: ;   {post_call_nop}
  0x0000028fe0fe3b0c: 0f1f 8400 | 0408 0009 

  0x0000028fe0fe3b14: ; ImmutableOopMap {rax=Oop rbp=Oop [40]=Oop }
                      ;*goto {reexecute=1 rethrow=0 return_oop=0}
                      ; - (reexecute) java.awt.Component::getNativeContainer@24 (line 8456)
                      ; - java.awt.Component::getLocationOnScreen_NoTreeLock@24 (line 2063)
                      ; - java.awt.Component::getLocationOnScreen@8 (line 2049)
                      ; - javax.swing.SwingUtilities::convertPointFromScreen@36 (line 471)
                      ; - javax.swing.SwingUtilities::convertPoint@72 (line 197)
  0x0000028fe0fe3b14: 4d8b 5f30 

  0x0000028fe0fe3b18: ;   {poll}
  0x0000028fe0fe3b18: 4185 0348 | 85c0 0f84 | 1c0b 0000 | 4c8b d84c | 8bd5 4c8b | 4424 2844 | 8b4c 2430 | e968 ffff 
  0x0000028fe0fe3b38: ff41 8b6d | 4041 8b4c 

  0x0000028fe0fe3b40: ;   {metadata('sun/awt/windows/WFramePeer')}
  0x0000028fe0fe3b40: ec08 81f9 | c89d 1201 | 0f85 070a | 0000 4c89 | 6c24 3844 | 894c 2430 | 4c89 4424 | 284c 8954 
  0x0000028fe0fe3b60: 2420 498d | 14ec 498b 

  0x0000028fe0fe3b68: ;   {optimized virtual_call}
  0x0000028fe0fe3b68: ea66 90e8 

  0x0000028fe0fe3b6c: ; ImmutableOopMap {rbp=Oop [32]=Oop [40]=Oop [56]=Oop }
                      ;*invokeinterface getLocationOnScreen {reexecute=0 rethrow=0 return_oop=1}
                      ; - java.awt.Component::getLocationOnScreen_NoTreeLock@32 (line 2064)
                      ; - java.awt.Component::getLocationOnScreen@8 (line 2049)
                      ; - javax.swing.SwingUtilities::convertPointFromScreen@36 (line 471)
                      ; - javax.swing.SwingUtilities::convertPoint@72 (line 197)
  0x0000028fe0fe3b6c: 70b2 27ff 

  0x0000028fe0fe3b70: ;   {post_call_nop}
  0x0000028fe0fe3b70: 0f1f 8400 | 6808 000b | 488b e84c | 8b44 2428 | 4c8b 5424 | 384d 3bc2 | 0f84 f801 | 0000 4c8b 
  0x0000028fe0fe3b90: c848 85c0 | 0f84 0a0a | 0000 498b | d0e9 9901 | 0000 4c89 | 6c24 3044 | 8944 2420 | 4c89 4c24 
  0x0000028fe0fe3bb0: 284c 8954 | 2448 498b | d148 b8d0 | 0355 f58f 

  0x0000028fe0fe3bc0: ;   {virtual_call}
  0x0000028fe0fe3bc0: 0200 00e8 

  0x0000028fe0fe3bc4: ; ImmutableOopMap {[40]=Oop [48]=Oop [56]=Oop [64]=Oop [72]=Oop }
                      ;*invokevirtual isShowing {reexecute=0 rethrow=0 return_oop=0}
                      ; - java.awt.Component::getLocationOnScreen_NoTreeLock@10 (line 2059)
                      ; - java.awt.Component::getLocationOnScreen@8 (line 2049)
                      ; - javax.swing.SwingUtilities::convertPointToScreen@36 (line 431)
                      ; - javax.swing.SwingUtilities::convertPoint@44 (line 191)
  0x0000028fe0fe3bc4: 4aaf a0ff 

  0x0000028fe0fe3bc8: ;   {post_call_nop}
  0x0000028fe0fe3bc8: 0f1f 8400 | c008 000c | 4c8b 5424 | 484c 8b4c | 2428 448b | 4424 204c | 8b6c 2430 | e9e6 faff 
  0x0000028fe0fe3be8: ;   {metadata('sun/awt/NullComponentPeer')}
  0x0000028fe0fe3be8: ff81 fd40 | 4a13 0174 | 1fbe 0000 | 0038 4803 | f54c 8b5e 

  0x0000028fe0fe3bfc: ;   {metadata('java/awt/peer/LightweightPeer')}
  0x0000028fe0fe3bfc: 2048 b9a8 | 75f3 f68f | 0200 004c | 3bd9 0f85 | 3102 0000 | 418b 4908 

  0x0000028fe0fe3c14: ;   {metadata('javax/swing/JRootPane')}
  0x0000028fe0fe3c14: 81f9 d8a5 | 0201 0f85 | 1c03 0000 | 4d8b d941 | 8b4b 444c | 8bd9 49c1 | e303 4d85 | db0f 84d9 
  0x0000028fe0fe3c34: 0900 004d | 8beb 458b | 5b40 438b 

  0x0000028fe0fe3c40: ;   {metadata('sun/awt/windows/WFramePeer')}
  0x0000028fe0fe3c40: 4cdc 0881 | f9c8 9d12 

  0x0000028fe0fe3c48: ;   {metadata('sun/awt/NullComponentPeer')}
  0x0000028fe0fe3c48: 0174 7c81 | f940 4a13 | 0174 1fbe | 0000 0038 | 4803 f14c 

  0x0000028fe0fe3c5c: ;   {metadata('java/awt/peer/LightweightPeer')}
  0x0000028fe0fe3c5c: 8b5e 2048 | b9a8 75f3 | f68f 0200 | 004c 3bd9 | 0f85 6003 | 0000 4d8b | dd44 8944 | 2420 4c89 
  0x0000028fe0fe3c7c: 4c24 284c | 8954 2448 | 498b d366 | 9048 b8f8 | 0355 f58f 

  0x0000028fe0fe3c90: ;   {virtual_call}
  0x0000028fe0fe3c90: 0200 00e8 

  0x0000028fe0fe3c94: ; ImmutableOopMap {[40]=Oop [56]=Oop [64]=Oop [72]=Oop }
                      ;*invokevirtual getContainer {reexecute=0 rethrow=0 return_oop=1}
                      ; - java.awt.Component::getNativeContainer@20 (line 8456)
                      ; - java.awt.Component::getLocationOnScreen_NoTreeLock@24 (line 2063)
                      ; - java.awt.Component::getLocationOnScreen@8 (line 2049)
                      ; - javax.swing.SwingUtilities::convertPointToScreen@36 (line 431)
                      ; - javax.swing.SwingUtilities::convertPoint@44 (line 191)
  0x0000028fe0fe3c94: 48b4 27ff 

  0x0000028fe0fe3c98: ;   {post_call_nop}
  0x0000028fe0fe3c98: 0f1f 8400 | 9009 000d 

  0x0000028fe0fe3ca0: ; ImmutableOopMap {rax=Oop [40]=Oop [56]=Oop [64]=Oop [72]=Oop }
                      ;*goto {reexecute=1 rethrow=0 return_oop=0}
                      ; - (reexecute) java.awt.Component::getNativeContainer@24 (line 8456)
                      ; - java.awt.Component::getLocationOnScreen_NoTreeLock@24 (line 2063)
                      ; - java.awt.Component::getLocationOnScreen@8 (line 2049)
                      ; - javax.swing.SwingUtilities::convertPointToScreen@36 (line 431)
                      ; - javax.swing.SwingUtilities::convertPoint@44 (line 191)
  0x0000028fe0fe3ca0: 4d8b 5f30 

  0x0000028fe0fe3ca4: ;   {poll}
  0x0000028fe0fe3ca4: 4185 034c | 8bd8 4885 | c00f 84a5 | 0900 004c | 8b54 2448 | 4c8b 4c24 | 2844 8b44 | 2420 e970 
  0x0000028fe0fe3cc4: ffff ff41 | 8b6d 4045 | 8b5c ec08 

  0x0000028fe0fe3cd0: ;   {metadata('sun/awt/windows/WFramePeer')}
  0x0000028fe0fe3cd0: 4181 fbc8 | 9d12 010f | 859b 0800 | 004c 896c | 2430 4489 | 4424 204c | 894c 2428 | 4c89 5424 
  0x0000028fe0fe3cf0: 4849 8d14 

  0x0000028fe0fe3cf4: ;   {optimized virtual_call}
  0x0000028fe0fe3cf4: ec66 90e8 

  0x0000028fe0fe3cf8: ; ImmutableOopMap {[40]=Oop [48]=Oop [56]=Oop [64]=Oop [72]=Oop }
                      ;*invokeinterface getLocationOnScreen {reexecute=0 rethrow=0 return_oop=1}
                      ; - java.awt.Component::getLocationOnScreen_NoTreeLock@32 (line 2064)
                      ; - java.awt.Component::getLocationOnScreen@8 (line 2049)
                      ; - javax.swing.SwingUtilities::convertPointToScreen@36 (line 431)
                      ; - javax.swing.SwingUtilities::convertPoint@44 (line 191)
  0x0000028fe0fe3cf8: e4b0 27ff 

  0x0000028fe0fe3cfc: ;   {post_call_nop}
  0x0000028fe0fe3cfc: 0f1f 8400 | f409 000f | 488b e84c | 8b4c 2428 | 4c8b 5c24 | 304d 3bcb | 0f84 cc00 | 0000 4c8b 
  0x0000028fe0fe3d1c: c048 85c0 | 0f84 a208 | 0000 498b | d1e9 6d00 | 0000 6690 | 488b d04c | 8b44 2428 | 4c8b cd44 
  0x0000028fe0fe3d3c: 8b5a 0c4c | 8954 2438 | 4c89 4424 | 2845 0159 | 0c44 8b5a | 1845 0159 | 1049 8be9 | 9048 b820 
  0x0000028fe0fe3d5c: 0455 f58f 

  0x0000028fe0fe3d60: ;   {virtual_call}
  0x0000028fe0fe3d60: 0200 00e8 

  0x0000028fe0fe3d64: ; ImmutableOopMap {rbp=Oop [32]=Oop [40]=Oop [56]=Oop }
                      ;*invokevirtual getContainer {reexecute=0 rethrow=0 return_oop=1}
                      ; - java.awt.Component::getLocationOnScreen_NoTreeLock@77 (line 2065)
                      ; - java.awt.Component::getLocationOnScreen@8 (line 2049)
                      ; - javax.swing.SwingUtilities::convertPointFromScreen@36 (line 471)
                      ; - javax.swing.SwingUtilities::convertPoint@72 (line 197)
  0x0000028fe0fe3d64: 78b3 27ff 

  0x0000028fe0fe3d68: ;   {post_call_nop}
  0x0000028fe0fe3d68: 0f1f 8400 | 600a 0010 

  0x0000028fe0fe3d70: ; ImmutableOopMap {rax=Oop rbp=Oop [32]=Oop [40]=Oop [56]=Oop }
                      ;*goto {reexecute=1 rethrow=0 return_oop=0}
                      ; - (reexecute) java.awt.Component::getLocationOnScreen_NoTreeLock@82 (line 2065)
                      ; - java.awt.Component::getLocationOnScreen@8 (line 2049)
                      ; - javax.swing.SwingUtilities::convertPointFromScreen@36 (line 471)
                      ; - javax.swing.SwingUtilities::convertPoint@72 (line 197)
  0x0000028fe0fe3d70: 4d8b 5730 

  0x0000028fe0fe3d74: ;   {poll}
  0x0000028fe0fe3d74: 4185 024c | 8b54 2438 | 493b c275 | af4c 8b44 | 2428 488b | fde9 82fb | ffff 6690 | 488b d04c 
  0x0000028fe0fe3d94: 8b4c 2428 | 4c8b c544 | 8b52 0c4c | 895c 2430 | 4c89 4c24 | 2845 0150 | 0c44 8b52 | 1845 0150 
  0x0000028fe0fe3db4: 1049 8be8 | 9048 b848 | 0455 f58f 

  0x0000028fe0fe3dc0: ;   {virtual_call}
  0x0000028fe0fe3dc0: 0200 00e8 

  0x0000028fe0fe3dc4: ; ImmutableOopMap {rbp=Oop [40]=Oop [48]=Oop [56]=Oop [64]=Oop [72]=Oop }
                      ;*invokevirtual getContainer {reexecute=0 rethrow=0 return_oop=1}
                      ; - java.awt.Component::getLocationOnScreen_NoTreeLock@77 (line 2065)
                      ; - java.awt.Component::getLocationOnScreen@8 (line 2049)
                      ; - javax.swing.SwingUtilities::convertPointToScreen@36 (line 431)
                      ; - javax.swing.SwingUtilities::convertPoint@44 (line 191)
  0x0000028fe0fe3dc4: 18b3 27ff 

  0x0000028fe0fe3dc8: ;   {post_call_nop}
  0x0000028fe0fe3dc8: 0f1f 8400 | c00a 0012 

  0x0000028fe0fe3dd0: ; ImmutableOopMap {rax=Oop rbp=Oop [40]=Oop [48]=Oop [56]=Oop [64]=Oop [72]=Oop }
                      ;*goto {reexecute=1 rethrow=0 return_oop=0}
                      ; - (reexecute) java.awt.Component::getLocationOnScreen_NoTreeLock@82 (line 2065)
                      ; - java.awt.Component::getLocationOnScreen@8 (line 2049)
                      ; - javax.swing.SwingUtilities::convertPointToScreen@36 (line 431)
                      ; - javax.swing.SwingUtilities::convertPoint@44 (line 191)
  0x0000028fe0fe3dd0: 4d8b 5730 

  0x0000028fe0fe3dd4: ;   {poll}
  0x0000028fe0fe3dd4: 4185 024c | 8b5c 2430 | 493b c375 | af4c 8b4c | 2428 488b | dde9 2af9 

  0x0000028fe0fe3dec: ;   {metadata('java/awt/peer/LightweightPeer')}
  0x0000028fe0fe3dec: ffff 48b8 | a875 f3f6 | 8f02 0000 | 4833 ff4c | 8b9e a800 | 0000 498b | d348 c1e2 | 230f 8921 
  0x0000028fe0fe3e0c: 0000 00f3 | 480f b8d2 | 488b 5e28 | 483b 04d3 | 7415 490f | bae3 1d73 | 0b49 c1cb 

  0x0000028fe0fe3e28: ;   {runtime_call Stub::lookup_secondary_supers_table_slow_path}
  0x0000028fe0fe3e28: 1ce8 d505 | 26ff eb03 | 48ff c748 | 85ff 0f84 | 40fc ffff | e99a faff 

  0x0000028fe0fe3e40: ;   {metadata('java/awt/peer/LightweightPeer')}
  0x0000028fe0fe3e40: ff48 b8a8 | 75f3 f68f | 0200 0048 | 33ff 4c8b | 9ea8 0000 | 0049 8bd3 | 48c1 e223 | 0f89 2100 
  0x0000028fe0fe3e60: 0000 f348 | 0fb8 d248 | 8b5e 2848 | 3b04 d374 | 1549 0fba | e31d 730b | 49c1 cb1c 

  0x0000028fe0fe3e7c: ;   {runtime_call Stub::lookup_secondary_supers_table_slow_path}
  0x0000028fe0fe3e7c: e882 0526 | ffeb 0348 | ffc7 4885 | ff0f 8481 | fdff ffe9 | 4ff8 ffff | 4489 4c24 | 304c 8944 
  0x0000028fe0fe3e9c: 2428 4c89 | 5424 2049 | 8bd5 498b | ea48 b870 | 0455 f58f 

  0x0000028fe0fe3eb0: ;   {virtual_call}
  0x0000028fe0fe3eb0: 0200 00e8 

  0x0000028fe0fe3eb4: ; ImmutableOopMap {rbp=Oop [32]=Oop [40]=Oop }
                      ;*invokeinterface getLocationOnScreen {reexecute=0 rethrow=0 return_oop=1}
                      ; - java.awt.Component::getLocationOnScreen_NoTreeLock@88 (line 2071)
                      ; - java.awt.Component::getLocationOnScreen@8 (line 2049)
                      ; - javax.swing.SwingUtilities::convertPointFromScreen@36 (line 471)
                      ; - javax.swing.SwingUtilities::convertPoint@72 (line 197)
  0x0000028fe0fe3eb4: c8ca b4ff 

  0x0000028fe0fe3eb8: ;   {post_call_nop}
  0x0000028fe0fe3eb8: 0f1f 8400 | b00b 0014 | 488b f8e9 | 43fa ffff | 4489 4c24 | 304c 8944 | 2428 4c89 | 5424 2049 
  0x0000028fe0fe3ed8: 8bd0 498b | ea48 b898 | 0455 f58f 

  0x0000028fe0fe3ee4: ;   {virtual_call}
  0x0000028fe0fe3ee4: 0200 00e8 

  0x0000028fe0fe3ee8: ; ImmutableOopMap {rbp=Oop [32]=Oop [40]=Oop }
                      ;*invokevirtual getContainer {reexecute=0 rethrow=0 return_oop=1}
                      ; - java.awt.Component::getNativeContainer@1 (line 8454)
                      ; - java.awt.Component::getLocationOnScreen_NoTreeLock@24 (line 2063)
                      ; - java.awt.Component::getLocationOnScreen@8 (line 2049)
                      ; - javax.swing.SwingUtilities::convertPointFromScreen@36 (line 471)
                      ; - javax.swing.SwingUtilities::convertPoint@72 (line 197)
  0x0000028fe0fe3ee8: f4b1 27ff 

  0x0000028fe0fe3eec: ;   {post_call_nop}
  0x0000028fe0fe3eec: 0f1f 8400 | e40b 0015 | 4c8b d54c | 8b44 2428 | 448b 4c24 | 304c 8bd8 | e98f fbff | ff44 8944 
  0x0000028fe0fe3f0c: 2420 4c89 | 4c24 284c | 8954 2448 | 498b d566 | 9048 b8c0 | 0455 f58f 

  0x0000028fe0fe3f24: ;   {virtual_call}
  0x0000028fe0fe3f24: 0200 00e8 

  0x0000028fe0fe3f28: ; ImmutableOopMap {[40]=Oop [56]=Oop [64]=Oop [72]=Oop }
                      ;*invokeinterface getLocationOnScreen {reexecute=0 rethrow=0 return_oop=1}
                      ; - java.awt.Component::getLocationOnScreen_NoTreeLock@88 (line 2071)
                      ; - java.awt.Component::getLocationOnScreen@8 (line 2049)
                      ; - javax.swing.SwingUtilities::convertPointToScreen@36 (line 431)
                      ; - javax.swing.SwingUtilities::convertPoint@44 (line 191)
  0x0000028fe0fe3f28: 54ca b4ff 

  0x0000028fe0fe3f2c: ;   {post_call_nop}
  0x0000028fe0fe3f2c: 0f1f 8400 | 240c 0016 | 488b d8e9 | d7f7 ffff | 4489 4424 | 204c 894c | 2428 4c89 | 5424 4849 
  0x0000028fe0fe3f4c: 8bd1 6666 | 9048 b8e8 | 0455 f58f 

  0x0000028fe0fe3f58: ;   {virtual_call}
  0x0000028fe0fe3f58: 0200 00e8 

  0x0000028fe0fe3f5c: ; ImmutableOopMap {[40]=Oop [56]=Oop [64]=Oop [72]=Oop }
                      ;*invokevirtual getContainer {reexecute=0 rethrow=0 return_oop=1}
                      ; - java.awt.Component::getNativeContainer@1 (line 8454)
                      ; - java.awt.Component::getLocationOnScreen_NoTreeLock@24 (line 2063)
                      ; - java.awt.Component::getLocationOnScreen@8 (line 2049)
                      ; - javax.swing.SwingUtilities::convertPointToScreen@36 (line 431)
                      ; - javax.swing.SwingUtilities::convertPoint@44 (line 191)
  0x0000028fe0fe3f5c: 80b1 27ff 

  0x0000028fe0fe3f60: ;   {post_call_nop}
  0x0000028fe0fe3f60: 0f1f 8400 | 580c 0017 | 4c8b 5424 | 484c 8b4c | 2428 448b | 4424 204c | 8bd8 e9af 

  0x0000028fe0fe3f7c: ;   {metadata('java/awt/peer/LightweightPeer')}
  0x0000028fe0fe3f7c: fcff ff48 | b8a8 75f3 | f68f 0200 | 0048 33ff | 4c8b 9ea8 | 0000 0049 | 8bd3 48c1 | e223 0f89 
  0x0000028fe0fe3f9c: 2100 0000 | f348 0fb8 | d248 8b5e | 2848 3b04 | d374 1549 | 0fba e31d | 730b 49c1 

  0x0000028fe0fe3fb8: ;   {runtime_call Stub::lookup_secondary_supers_table_slow_path}
  0x0000028fe0fe3fb8: cb1c e844 | 0426 ffeb | 0348 ffc7 | 4885 ff0f | 8415 fbff | ffe9 67fb 

  0x0000028fe0fe3fd0: ;   {metadata('java/awt/peer/LightweightPeer')}
  0x0000028fe0fe3fd0: ffff 48b8 | a875 f3f6 | 8f02 0000 | 4833 ff4c | 8b9e a800 | 0000 498b | d348 c1e2 | 230f 8921 
  0x0000028fe0fe3ff0: 0000 00f3 | 480f b8d2 | 488b 5e28 | 483b 04d3 | 7415 490f | bae3 1d73 | 0b49 c1cb 

  0x0000028fe0fe400c: ;   {runtime_call Stub::lookup_secondary_supers_table_slow_path}
  0x0000028fe0fe400c: 1ce8 f103 | 26ff eb03 | 48ff c748 | 85ff 0f84 | 52fc ffff | e9a2 fcff 

  0x0000028fe0fe4024: ;   {metadata('java/awt/Point')}
  0x0000028fe0fe4024: ff48 baf0 | 4007 3900 | 0000 0048 | 8b6c 2440 

  0x0000028fe0fe4034: ;   {runtime_call C2 Runtime new_instance}
  0x0000028fe0fe4034: 6666 90e8 

  0x0000028fe0fe4038: ; ImmutableOopMap {rbp=Oop [40]=Oop [56]=Oop [64]=Oop }
                      ;*new {reexecute=0 rethrow=0 return_oop=1}
                      ; - javax.swing.SwingUtilities::convertPoint@33 (line 190)
  0x0000028fe0fe4038: 2419 35ff 

  0x0000028fe0fe403c: ;   {post_call_nop}
  0x0000028fe0fe403c: 0f1f 8400 | 340d 0018 | e92d f4ff | ff49 8b87 | c801 0000 | 4c8b d849 | 83c3 284d | 3b9f d801 
  0x0000028fe0fe405c: 0000 0f83 | 9404 0000 | 4d89 9fc8 | 0100 0041 | 0f0d 8bc0 | 0000 0048 | c700 0100 

  0x0000028fe0fe4078: ;   {metadata('java/awt/IllegalComponentStateException')}
  0x0000028fe0fe4078: 0000 c740 | 08e8 0126 | 0144 8960 | 0c4c 8960 | 104c 8960 | 184c 8960 | 204c 8954 | 2420 4c89 
  0x0000028fe0fe4098: 4424 2844 | 894c 2430 | 4c8b d049 | 8bea 498b 

  0x0000028fe0fe40a8: ;   {oop("component must be showing on the screen to determine its location"{0x00000006059c4b78})}
  0x0000028fe0fe40a8: d249 b878 | 4b9c 0506 

  0x0000028fe0fe40b0: ;   {optimized virtual_call}
  0x0000028fe0fe40b0: 0000 00e8 

  0x0000028fe0fe40b4: ; ImmutableOopMap {rbp=Oop [32]=Oop [40]=Oop }
                      ;*invokespecial <init> {reexecute=0 rethrow=0 return_oop=0}
                      ; - java.awt.Component::getLocationOnScreen_NoTreeLock@103 (line 2075)
                      ; - java.awt.Component::getLocationOnScreen@8 (line 2049)
                      ; - javax.swing.SwingUtilities::convertPointFromScreen@36 (line 471)
                      ; - javax.swing.SwingUtilities::convertPoint@72 (line 197)
  0x0000028fe0fe40b4: 0c09 0000 

  0x0000028fe0fe40b8: ;   {post_call_nop}
  0x0000028fe0fe40b8: 0f1f 8400 | b00d 0019 

  0x0000028fe0fe40c0: ;   {oop(a 'java/awt/Component$AWTTreeLock'{0x0000000605800c88})}
  0x0000028fe0fe40c0: 488b dd49 | bb88 0c80 | 0506 0000 | 0048 8d44 | 2470 418b | 87d8 0600 | 004d 8b13 | 4d3b 5c07 
  0x0000028fe0fe40e0: f80f 852e | 0000 0041 | 83af d806 | 0000 084d | 3b5c 07f0 | 0f84 5f00 | 0000 498b | c248 83e0 
  0x0000028fe0fe4100: fc49 83ca | 01f0 4d0f | b113 0f85 | 2d08 0000 | e944 0000 | 0049 83ba | 8600 0000 | 0075 3349 
  0x0000028fe0fe4120: c742 3e00 | 0000 00f0 | 8344 24c0 | 0049 83ba | 8e00 0000 | 0074 2249 | 83ba 9e00 | 0000 0075 
  0x0000028fe0fe4140: 1849 83e2 | fd4d 8997 | e805 0000 | 4183 ca01 | eb0a 49ff | 8a86 0000 | 0045 33d2 | 0f85 2605 
  0x0000028fe0fe4160: 0000 4c8b | db44 8b53 

  0x0000028fe0fe4168: ;   {metadata('java/awt/IllegalComponentStateException')}
  0x0000028fe0fe4168: 0841 81fa | e801 2601 | 0f85 9701 | 0000 448b 

  0x0000028fe0fe4178: ;   {metadata('javax/swing/JDialog')}
  0x0000028fe0fe4178: 5424 3041 | 81fa c811 | 0d01 0f85 | 5805 0000 | 4c8b 5424 | 2845 8b4a | 0c41 8b42 | 184c 8b44 
  0x0000028fe0fe4198: 2428 e91b | f4ff ff49 | 8b87 c801 | 0000 4c8b | d849 83c3 | 284d 3b9f | d801 0000 | 0f83 6f03 
  0x0000028fe0fe41b8: 0000 4d89 | 9fc8 0100 | 0041 0f0d | 8bc0 0000 | 0048 c700 | 0100 0000 

  0x0000028fe0fe41d0: ;   {metadata('java/awt/IllegalComponentStateException')}
  0x0000028fe0fe41d0: c740 08e8 | 0126 0144 | 8960 0c4c | 8960 104c | 8960 184c | 8960 204c | 8954 2448 | 4c89 4c24 
  0x0000028fe0fe41f0: 2844 8944 | 2420 4c8b | d049 8bea 

  0x0000028fe0fe41fc: ;   {oop("component must be showing on the screen to determine its location"{0x00000006059c4b78})}
  0x0000028fe0fe41fc: 498b d249 | b878 4b9c | 0506 0000 

  0x0000028fe0fe4208: ;   {optimized virtual_call}
  0x0000028fe0fe4208: 0066 90e8 

  0x0000028fe0fe420c: ; ImmutableOopMap {rbp=Oop [40]=Oop [56]=Oop [64]=Oop [72]=Oop }
                      ;*invokespecial <init> {reexecute=0 rethrow=0 return_oop=0}
                      ; - java.awt.Component::getLocationOnScreen_NoTreeLock@103 (line 2075)
                      ; - java.awt.Component::getLocationOnScreen@8 (line 2049)
                      ; - javax.swing.SwingUtilities::convertPointToScreen@36 (line 431)
                      ; - javax.swing.SwingUtilities::convertPoint@44 (line 191)
  0x0000028fe0fe420c: b407 0000 

  0x0000028fe0fe4210: ;   {post_call_nop}
  0x0000028fe0fe4210: 0f1f 8400 | 080f 001a 

  0x0000028fe0fe4218: ;   {oop(a 'java/awt/Component$AWTTreeLock'{0x0000000605800c88})}
  0x0000028fe0fe4218: 488b dd49 | bb88 0c80 | 0506 0000 | 0048 8d44 | 2470 418b | 87d8 0600 | 004d 8b13 | 4d3b 5c07 
  0x0000028fe0fe4238: f80f 852e | 0000 0041 | 83af d806 | 0000 084d | 3b5c 07f0 | 0f84 5f00 | 0000 498b | c248 83e0 
  0x0000028fe0fe4258: fc49 83ca | 01f0 4d0f | b113 0f85 | c806 0000 | e944 0000 | 0049 83ba | 8600 0000 | 0075 3349 
  0x0000028fe0fe4278: c742 3e00 | 0000 00f0 | 8344 24c0 | 0049 83ba | 8e00 0000 | 0074 2249 | 83ba 9e00 | 0000 0075 
  0x0000028fe0fe4298: 1849 83e2 | fd4d 8997 | e805 0000 | 4183 ca01 | eb0a 49ff | 8a86 0000 | 0045 33d2 | 0f85 fa03 
  0x0000028fe0fe42b8: 0000 4c8b | db44 8b53 

  0x0000028fe0fe42c0: ;   {metadata('java/awt/IllegalComponentStateException')}
  0x0000028fe0fe42c0: 0841 81fa | e801 2601 | 7536 448b 

  0x0000028fe0fe42cc: ;   {metadata('javax/swing/JDialog')}
  0x0000028fe0fe42cc: 5424 2041 | 81fa c811 | 0d01 0f85 | 1804 0000 | 4c8b 5424 | 2845 8b5a | 0c41 8b42 | 184c 8b54 
  0x0000028fe0fe42ec: 2448 4c8b | 4c24 28e9 | 11f2 ffff | 4c8b d8eb | 034c 8bd8 | 498b d3eb | 0b4c 8bd8 | eb03 4c8b 
  0x0000028fe0fe430c: d849 8bd3 | 4881 c480 | 0000 005d 

  0x0000028fe0fe4318: ;   {runtime_call C2 Runtime rethrow}
  0x0000028fe0fe4318: e9c3 8735 | ffba 45ff | ffff 488b 

  0x0000028fe0fe4324: ;   {runtime_call UncommonTrapBlob}
  0x0000028fe0fe4324: 6c24 40e8 

  0x0000028fe0fe4328: ; ImmutableOopMap {rbp=Oop [40]=Oop [56]=Oop }
                      ;*ifnonnull {reexecute=1 rethrow=0 return_oop=0}
                      ; - (reexecute) javax.swing.SwingUtilities::convertPoint@1 (line 183)
  0x0000028fe0fe4328: 34cf 34ff 

  0x0000028fe0fe432c: ;   {post_call_nop}
  0x0000028fe0fe432c: 0f1f 8400 | 2410 001b | ba45 ffff | ff4c 8954 | 2428 4c89 

  0x0000028fe0fe4340: ;   {runtime_call UncommonTrapBlob}
  0x0000028fe0fe4340: 4424 30e8 

  0x0000028fe0fe4344: ; ImmutableOopMap {[40]=Oop [48]=Oop [56]=Oop [64]=Oop }
                      ;*ifnonnull {reexecute=1 rethrow=0 return_oop=0}
                      ; - (reexecute) javax.swing.SwingUtilities::convertPoint@48 (line 192)
  0x0000028fe0fe4344: 18cf 34ff 

  0x0000028fe0fe4348: ;   {post_call_nop}
  0x0000028fe0fe4348: 0f1f 8400 | 4010 001c | ba45 ffff | ff4c 894c | 2420 4c8b | 5c24 384c | 895c 2428 | 4c89 5424 
  0x0000028fe0fe4368: ;   {runtime_call UncommonTrapBlob}
  0x0000028fe0fe4368: 3866 90e8 

  0x0000028fe0fe436c: ; ImmutableOopMap {[32]=Oop [40]=Oop [56]=Oop [64]=Oop }
                      ;*ifne {reexecute=1 rethrow=0 return_oop=0}
                      ; - (reexecute) javax.swing.SwingUtilities::convertPointToScreen@25 (line 428)
                      ; - javax.swing.SwingUtilities::convertPoint@44 (line 191)
  0x0000028fe0fe436c: f0ce 34ff 

  0x0000028fe0fe4370: ;   {post_call_nop}
  0x0000028fe0fe4370: 0f1f 8400 | 6810 001d | ba45 ffff | ff4c 8954 

  0x0000028fe0fe4380: ;   {runtime_call UncommonTrapBlob}
  0x0000028fe0fe4380: 2428 90e8 

  0x0000028fe0fe4384: ; ImmutableOopMap {[40]=Oop [56]=Oop [64]=Oop }
                      ;*ifeq {reexecute=1 rethrow=0 return_oop=0}
                      ; - (reexecute) javax.swing.SwingUtilities::convertPointToScreen@116 (line 446)
                      ; - javax.swing.SwingUtilities::convertPoint@44 (line 191)
  0x0000028fe0fe4384: d8ce 34ff 

  0x0000028fe0fe4388: ;   {post_call_nop}
  0x0000028fe0fe4388: 0f1f 8400 | 8010 001e | ba45 ffff | ff4c 8954 | 2420 4c89 

  0x0000028fe0fe439c: ;   {runtime_call UncommonTrapBlob}
  0x0000028fe0fe439c: 4424 28e8 

  0x0000028fe0fe43a0: ; ImmutableOopMap {[32]=Oop [40]=Oop }
                      ;*ifne {reexecute=1 rethrow=0 return_oop=0}
                      ; - (reexecute) javax.swing.SwingUtilities::convertPointFromScreen@25 (line 468)
                      ; - javax.swing.SwingUtilities::convertPoint@72 (line 197)
  0x0000028fe0fe43a0: bcce 34ff 

  0x0000028fe0fe43a4: ;   {post_call_nop}
  0x0000028fe0fe43a4: 0f1f 8400 | 9c10 001f | ba45 ffff | ff4c 8954 | 2420 4c89 

  0x0000028fe0fe43b8: ;   {runtime_call UncommonTrapBlob}
  0x0000028fe0fe43b8: 4424 28e8 

  0x0000028fe0fe43bc: ; ImmutableOopMap {[32]=Oop [40]=Oop }
                      ;*ifeq {reexecute=1 rethrow=0 return_oop=0}
                      ; - (reexecute) javax.swing.SwingUtilities::convertPointFromScreen@32 (line 468)
                      ; - javax.swing.SwingUtilities::convertPoint@72 (line 197)
  0x0000028fe0fe43bc: a0ce 34ff 

  0x0000028fe0fe43c0: ;   {post_call_nop}
  0x0000028fe0fe43c0: 0f1f 8400 | b810 0020 | 4489 4c24 | 284c 8944 | 2420 498b 

  0x0000028fe0fe43d4: ;   {oop(a 'java/awt/Component$AWTTreeLock'{0x0000000605800c88})}
  0x0000028fe0fe43d4: ea48 ba88 | 0c80 0506 | 0000 004c | 8d44 2470 

  0x0000028fe0fe43e4: ;   {runtime_call C2 Runtime complete_monitor_locking}
  0x0000028fe0fe43e4: 6666 90e8 

  0x0000028fe0fe43e8: ; ImmutableOopMap {rbp=Oop [32]=Oop }
                      ;*monitorenter {reexecute=0 rethrow=0 return_oop=0}
                      ; - java.awt.Component::getLocationOnScreen@6 (line 2048)
                      ; - javax.swing.SwingUtilities::convertPointFromScreen@36 (line 471)
                      ; - javax.swing.SwingUtilities::convertPoint@72 (line 197)
  0x0000028fe0fe43e8: 74fd 34ff 

  0x0000028fe0fe43ec: ;   {post_call_nop}
  0x0000028fe0fe43ec: 0f1f 8400 | e410 0021 | 4c8b d54c | 8b44 2420 | 448b 4c24 | 28e9 9ff4 | ffff 498b 

  0x0000028fe0fe4408: ;   {oop(a 'java/awt/Component$AWTTreeLock'{0x0000000605800c88})}
  0x0000028fe0fe4408: d848 b988 | 0c80 0506 | 0000 0048 | 8d54 2470 

  0x0000028fe0fe4418: ;   {runtime_call}
  0x0000028fe0fe4418: 4d8b c749 | ba60 a216 | 74ff 7f00 | 0041 ffd2 

  0x0000028fe0fe4428: ;   {post_call_nop}
  0x0000028fe0fe4428: 0f1f 8400 | 0000 0000 | 4c8b c3e9 | 77f5 ffff | 4489 4424 | 304c 894c | 2428 4c89 | 5424 2048 
  0x0000028fe0fe4448: 8b6c 2440 

  0x0000028fe0fe444c: ;   {oop(a 'java/awt/Component$AWTTreeLock'{0x0000000605800c88})}
  0x0000028fe0fe444c: 48ba 880c | 8005 0600 | 0000 4c8d 

  0x0000028fe0fe4458: ;   {runtime_call C2 Runtime complete_monitor_locking}
  0x0000028fe0fe4458: 4424 70e8 

  0x0000028fe0fe445c: ; ImmutableOopMap {rbp=Oop [32]=Oop [40]=Oop [56]=Oop }
                      ;*monitorenter {reexecute=0 rethrow=0 return_oop=0}
                      ; - java.awt.Component::getLocationOnScreen@6 (line 2048)
                      ; - javax.swing.SwingUtilities::convertPointToScreen@36 (line 431)
                      ; - javax.swing.SwingUtilities::convertPoint@44 (line 191)
  0x0000028fe0fe445c: 00fd 34ff 

  0x0000028fe0fe4460: ;   {post_call_nop}
  0x0000028fe0fe4460: 0f1f 8400 | 5811 0022 | 4889 6c24 | 404c 8b54 | 2420 4c8b | 4c24 2844 | 8b44 2430 | e92c f2ff 
  0x0000028fe0fe4480: ff49 8bf9 

  0x0000028fe0fe4484: ;   {oop(a 'java/awt/Component$AWTTreeLock'{0x0000000605800c88})}
  0x0000028fe0fe4484: 48b9 880c | 8005 0600 | 0000 488d | 5424 704d 

  0x0000028fe0fe4494: ;   {runtime_call}
  0x0000028fe0fe4494: 8bc7 49ba | 60a2 1674 | ff7f 0000 

  0x0000028fe0fe44a0: ;   {post_call_nop}
  0x0000028fe0fe44a0: 41ff d20f | 1f84 0000 | 0000 004c | 8bcf e904 | f3ff ffba | 45ff ffff | 4c89 5424 

  0x0000028fe0fe44bc: ;   {runtime_call UncommonTrapBlob}
  0x0000028fe0fe44bc: 3066 90e8 

  0x0000028fe0fe44c0: ; ImmutableOopMap {rbp=NarrowOop [48]=Oop [56]=Oop [64]=Oop }
                      ;*ifnonnull {reexecute=1 rethrow=0 return_oop=0}
                      ; - (reexecute) javax.swing.SwingUtilities::convertPointToScreen@128 (line 449)
                      ; - javax.swing.SwingUtilities::convertPoint@44 (line 191)
  0x0000028fe0fe44c0: 9ccd 34ff 

  0x0000028fe0fe44c4: ;   {post_call_nop}
  0x0000028fe0fe44c4: 0f1f 8400 | bc11 0023 | bade ffff | ff48 8b6c | 2440 4c89 | 4c24 284c | 8b5c 2438 | 4c89 5c24 
  0x0000028fe0fe44e4: 304c 8954 

  0x0000028fe0fe44e8: ;   {runtime_call UncommonTrapBlob}
  0x0000028fe0fe44e8: 2440 90e8 

  0x0000028fe0fe44ec: ; ImmutableOopMap {rbp=Oop [40]=Oop [48]=Oop [64]=Oop }
                      ;*invokevirtual getX {reexecute=0 rethrow=0 return_oop=0}
                      ; - javax.swing.SwingUtilities::convertPointToScreen@74 (line 439)
                      ; - javax.swing.SwingUtilities::convertPoint@44 (line 191)
  0x0000028fe0fe44ec: 70cd 34ff 

  0x0000028fe0fe44f0: ;   {post_call_nop}
  0x0000028fe0fe44f0: 0f1f 8400 | e811 0024 | 4489 4c24 | 304c 8944 | 2428 4c89 

  0x0000028fe0fe4504: ;   {metadata('java/awt/IllegalComponentStateException')}
  0x0000028fe0fe4504: 5424 2048 | bae8 0126 | 3900 0000 | 0049 8bea 

  0x0000028fe0fe4514: ;   {runtime_call C2 Runtime new_instance}
  0x0000028fe0fe4514: 6666 90e8 

  0x0000028fe0fe4518: ; ImmutableOopMap {rbp=Oop [32]=Oop [40]=Oop }
                      ;*new {reexecute=0 rethrow=0 return_oop=1}
                      ; - java.awt.Component::getLocationOnScreen_NoTreeLock@96 (line 2075)
                      ; - java.awt.Component::getLocationOnScreen@8 (line 2049)
                      ; - javax.swing.SwingUtilities::convertPointFromScreen@36 (line 471)
                      ; - javax.swing.SwingUtilities::convertPoint@72 (line 197)
  0x0000028fe0fe4518: 4414 35ff 

  0x0000028fe0fe451c: ;   {post_call_nop}
  0x0000028fe0fe451c: 0f1f 8400 | 1412 0025 | e977 fbff | ff44 8944 | 2420 4c89 | 4c24 284c | 8954 2448 

  0x0000028fe0fe4538: ;   {metadata('java/awt/IllegalComponentStateException')}
  0x0000028fe0fe4538: 48ba e801 | 2639 0000 

  0x0000028fe0fe4540: ;   {runtime_call C2 Runtime new_instance}
  0x0000028fe0fe4540: 0000 90e8 

  0x0000028fe0fe4544: ; ImmutableOopMap {[40]=Oop [56]=Oop [64]=Oop [72]=Oop }
                      ;*new {reexecute=0 rethrow=0 return_oop=1}
                      ; - java.awt.Component::getLocationOnScreen_NoTreeLock@96 (line 2075)
                      ; - java.awt.Component::getLocationOnScreen@8 (line 2049)
                      ; - javax.swing.SwingUtilities::convertPointToScreen@36 (line 431)
                      ; - javax.swing.SwingUtilities::convertPoint@44 (line 191)
  0x0000028fe0fe4544: 1814 35ff 

  0x0000028fe0fe4548: ;   {post_call_nop}
  0x0000028fe0fe4548: 0f1f 8400 | 4012 0026 | e9a1 fcff | ffba deff | ffff 4c89 | 5424 284c | 8944 2438 | 4c89 6c24 
  0x0000028fe0fe4568: ;   {runtime_call UncommonTrapBlob}
  0x0000028fe0fe4568: 4066 90e8 

  0x0000028fe0fe456c: ; ImmutableOopMap {rbp=NarrowOop [40]=Oop [56]=Oop [64]=Oop }
                      ;*invokeinterface getLocationOnScreen {reexecute=0 rethrow=0 return_oop=0}
                      ; - java.awt.Component::getLocationOnScreen_NoTreeLock@32 (line 2064)
                      ; - java.awt.Component::getLocationOnScreen@8 (line 2049)
                      ; - javax.swing.SwingUtilities::convertPointFromScreen@36 (line 471)
                      ; - javax.swing.SwingUtilities::convertPoint@72 (line 197)
  0x0000028fe0fe456c: f0cc 34ff 

  0x0000028fe0fe4570: ;   {post_call_nop}
  0x0000028fe0fe4570: 0f1f 8400 | 6812 0027 | bade ffff | ff48 ff74 | 2440 488f | 4424 204c | 894c 2430 | 4c89 5424 
  0x0000028fe0fe4590: 484c 896c 

  0x0000028fe0fe4594: ;   {runtime_call UncommonTrapBlob}
  0x0000028fe0fe4594: 2450 90e8 

  0x0000028fe0fe4598: ; ImmutableOopMap {rbp=NarrowOop [32]=Oop [48]=Oop [56]=Oop [72]=Oop [80]=Oop }
                      ;*invokeinterface getLocationOnScreen {reexecute=0 rethrow=0 return_oop=0}
                      ; - java.awt.Component::getLocationOnScreen_NoTreeLock@32 (line 2064)
                      ; - java.awt.Component::getLocationOnScreen@8 (line 2049)
                      ; - javax.swing.SwingUtilities::convertPointToScreen@36 (line 431)
                      ; - javax.swing.SwingUtilities::convertPoint@44 (line 191)
  0x0000028fe0fe4598: c4cc 34ff 

  0x0000028fe0fe459c: ;   {post_call_nop}
  0x0000028fe0fe459c: 0f1f 8400 | 9412 0028 | ba6e ffff | ff48 8b6c | 2420 4889 | 4424 384c | 8954 2450 

  0x0000028fe0fe45b8: ;   {runtime_call UncommonTrapBlob}
  0x0000028fe0fe45b8: 6666 90e8 

  0x0000028fe0fe45bc: ; ImmutableOopMap {rbp=Oop [40]=Oop [56]=Oop [80]=Oop }
                      ;*if_acmpeq {reexecute=1 rethrow=0 return_oop=0}
                      ; - (reexecute) java.awt.Component::getLocationOnScreen_NoTreeLock@44 (line 2065)
                      ; - java.awt.Component::getLocationOnScreen@8 (line 2049)
                      ; - javax.swing.SwingUtilities::convertPointFromScreen@36 (line 471)
                      ; - javax.swing.SwingUtilities::convertPoint@72 (line 197)
  0x0000028fe0fe45bc: a0cc 34ff 

  0x0000028fe0fe45c0: ;   {post_call_nop}
  0x0000028fe0fe45c0: 0f1f 8400 | b812 0029 | ba6e ffff | ff48 8b6c | 2440 4889 | 4424 584c | 895c 2460 

  0x0000028fe0fe45dc: ;   {runtime_call UncommonTrapBlob}
  0x0000028fe0fe45dc: 6666 90e8 

  0x0000028fe0fe45e0: ; ImmutableOopMap {rbp=Oop [40]=Oop [56]=Oop [72]=Oop [88]=Oop [96]=Oop }
                      ;*if_acmpeq {reexecute=1 rethrow=0 return_oop=0}
                      ; - (reexecute) java.awt.Component::getLocationOnScreen_NoTreeLock@44 (line 2065)
                      ; - java.awt.Component::getLocationOnScreen@8 (line 2049)
                      ; - javax.swing.SwingUtilities::convertPointToScreen@36 (line 431)
                      ; - javax.swing.SwingUtilities::convertPoint@44 (line 191)
  0x0000028fe0fe45e0: 7ccc 34ff 

  0x0000028fe0fe45e4: ;   {post_call_nop}
  0x0000028fe0fe45e4: 0f1f 8400 | dc12 002a | ba45 ffff | ff4c 8954 | 2420 4c89 | 4424 304c | 895c 2440 

  0x0000028fe0fe4600: ;   {runtime_call UncommonTrapBlob}
  0x0000028fe0fe4600: 6666 90e8 

  0x0000028fe0fe4604: ; ImmutableOopMap {[32]=Oop [48]=Oop [64]=Oop }
                      ;*ifnull {reexecute=1 rethrow=0 return_oop=0}
                      ; - (reexecute) java.awt.Component::getNativeContainer@6 (line 8455)
                      ; - java.awt.Component::getLocationOnScreen_NoTreeLock@24 (line 2063)
                      ; - java.awt.Component::getLocationOnScreen@8 (line 2049)
                      ; - javax.swing.SwingUtilities::convertPointFromScreen@36 (line 471)
                      ; - javax.swing.SwingUtilities::convertPoint@72 (line 197)
  0x0000028fe0fe4604: 58cc 34ff 

  0x0000028fe0fe4608: ;   {post_call_nop}
  0x0000028fe0fe4608: 0f1f 8400 | 0013 002b | ba45 ffff | ff48 8b6c | 2440 4c89 | 4c24 284c | 8b44 2438 | 4c89 4424 
  0x0000028fe0fe4628: 304c 8954 | 2440 4c89 

  0x0000028fe0fe4630: ;   {runtime_call UncommonTrapBlob}
  0x0000028fe0fe4630: 5c24 50e8 

  0x0000028fe0fe4634: ; ImmutableOopMap {rbp=Oop [40]=Oop [48]=Oop [64]=Oop [80]=Oop }
                      ;*ifnull {reexecute=1 rethrow=0 return_oop=0}
                      ; - (reexecute) java.awt.Component::getNativeContainer@6 (line 8455)
                      ; - java.awt.Component::getLocationOnScreen_NoTreeLock@24 (line 2063)
                      ; - java.awt.Component::getLocationOnScreen@8 (line 2049)
                      ; - javax.swing.SwingUtilities::convertPointToScreen@36 (line 431)
                      ; - javax.swing.SwingUtilities::convertPoint@44 (line 191)
  0x0000028fe0fe4634: 28cc 34ff 

  0x0000028fe0fe4638: ;   {post_call_nop}
  0x0000028fe0fe4638: 0f1f 8400 | 3013 002c | ba45 ffff | ff48 8944 

  0x0000028fe0fe4648: ;   {runtime_call UncommonTrapBlob}
  0x0000028fe0fe4648: 2440 90e8 

  0x0000028fe0fe464c: ; ImmutableOopMap {rbp=Oop [40]=Oop [64]=Oop }
                      ;*ifnull {reexecute=1 rethrow=0 return_oop=0}
                      ; - (reexecute) java.awt.Component::getNativeContainer@6 (line 8455)
                      ; - java.awt.Component::getLocationOnScreen_NoTreeLock@24 (line 2063)
                      ; - java.awt.Component::getLocationOnScreen@8 (line 2049)
                      ; - javax.swing.SwingUtilities::convertPointFromScreen@36 (line 471)
                      ; - javax.swing.SwingUtilities::convertPoint@72 (line 197)
  0x0000028fe0fe464c: 10cc 34ff 

  0x0000028fe0fe4650: ;   {post_call_nop}
  0x0000028fe0fe4650: 0f1f 8400 | 4813 002d | ba45 ffff | ff48 8b6c | 2440 4c8b | 5424 384c | 8954 2430 | 4c8b 5424 
  0x0000028fe0fe4670: 484c 8954 | 2440 4889 

  0x0000028fe0fe4678: ;   {runtime_call UncommonTrapBlob}
  0x0000028fe0fe4678: 4424 50e8 

  0x0000028fe0fe467c: ; ImmutableOopMap {rbp=Oop [40]=Oop [48]=Oop [64]=Oop [80]=Oop }
                      ;*ifnull {reexecute=1 rethrow=0 return_oop=0}
                      ; - (reexecute) java.awt.Component::getNativeContainer@6 (line 8455)
                      ; - java.awt.Component::getLocationOnScreen_NoTreeLock@24 (line 2063)
                      ; - java.awt.Component::getLocationOnScreen@8 (line 2049)
                      ; - javax.swing.SwingUtilities::convertPointToScreen@36 (line 431)
                      ; - javax.swing.SwingUtilities::convertPoint@44 (line 191)
  0x0000028fe0fe467c: e0cb 34ff 

  0x0000028fe0fe4680: ;   {post_call_nop}
  0x0000028fe0fe4680: 0f1f 8400 | 7813 002e 

  0x0000028fe0fe4688: ;   {oop(a 'java/awt/Component$AWTTreeLock'{0x0000000605800c88})}
  0x0000028fe0fe4688: 48b9 880c | 8005 0600 | 0000 488d | 5424 704d 

  0x0000028fe0fe4698: ;   {runtime_call}
  0x0000028fe0fe4698: 8bc7 49ba | 60a2 1674 | ff7f 0000 

  0x0000028fe0fe46a4: ;   {post_call_nop}
  0x0000028fe0fe46a4: 41ff d20f | 1f84 0000 | 0000 00e9 | aefa ffff 

  0x0000028fe0fe46b4: ;   {oop(a 'java/awt/Component$AWTTreeLock'{0x0000000605800c88})}
  0x0000028fe0fe46b4: 48b9 880c | 8005 0600 | 0000 488d | 5424 704d 

  0x0000028fe0fe46c4: ;   {runtime_call}
  0x0000028fe0fe46c4: 8bc7 49ba | 60a2 1674 | ff7f 0000 

  0x0000028fe0fe46d0: ;   {post_call_nop}
  0x0000028fe0fe46d0: 41ff d20f | 1f84 0000 | 0000 00e9 | dafb ffff | bade ffff 

  0x0000028fe0fe46e4: ;   {runtime_call UncommonTrapBlob}
  0x0000028fe0fe46e4: ff66 90e8 

  0x0000028fe0fe46e8: ; ImmutableOopMap {[32]=Oop [40]=Oop }
                      ;*invokevirtual getX {reexecute=0 rethrow=0 return_oop=0}
                      ; - javax.swing.SwingUtilities::convertPointFromScreen@60 (line 475)
                      ; - javax.swing.SwingUtilities::convertPoint@72 (line 197)
  0x0000028fe0fe46e8: 74cb 34ff 

  0x0000028fe0fe46ec: ;   {post_call_nop}
  0x0000028fe0fe46ec: 0f1f 8400 | e413 002f | bade ffff | ff48 8b6c | 2440 4c8b | 5424 384c | 8954 2430 

  0x0000028fe0fe4708: ;   {runtime_call UncommonTrapBlob}
  0x0000028fe0fe4708: 6666 90e8 

  0x0000028fe0fe470c: ; ImmutableOopMap {rbp=Oop [40]=Oop [48]=Oop [72]=Oop }
                      ;*invokevirtual getX {reexecute=0 rethrow=0 return_oop=0}
                      ; - javax.swing.SwingUtilities::convertPointToScreen@60 (line 435)
                      ; - javax.swing.SwingUtilities::convertPoint@44 (line 191)
  0x0000028fe0fe470c: 50cb 34ff 

  0x0000028fe0fe4710: ;   {post_call_nop}
  0x0000028fe0fe4710: 0f1f 8400 | 0814 0030 | 488b d8e9 | a3f9 ffff | 488b d8e9 | f3fa ffff | baf6 ffff 

  0x0000028fe0fe472c: ;   {runtime_call UncommonTrapBlob}
  0x0000028fe0fe472c: ff66 90e8 

  0x0000028fe0fe4730: ; ImmutableOopMap {}
                      ;*getfield x {reexecute=1 rethrow=0 return_oop=0}
                      ; - (reexecute) java.awt.Point::<init>@2 (line 84)
                      ; - javax.swing.SwingUtilities::convertPoint@38 (line 190)
  0x0000028fe0fe4730: 2ccb 34ff 

  0x0000028fe0fe4734: ;   {post_call_nop}
  0x0000028fe0fe4734: 0f1f 8400 | 2c14 0031 | 488b d8e9 | 7ff9 ffff | 488b d8e9 | cffa ffff | baf6 ffff | ff4c 8944 
  0x0000028fe0fe4754: ;   {runtime_call UncommonTrapBlob}
  0x0000028fe0fe4754: 2428 90e8 

  0x0000028fe0fe4758: ; ImmutableOopMap {[32]=Oop [40]=Oop }
                      ;*getfield x {reexecute=1 rethrow=0 return_oop=0}
                      ; - (reexecute) javax.swing.SwingUtilities::convertPointFromScreen@43 (line 472)
                      ; - javax.swing.SwingUtilities::convertPoint@72 (line 197)
  0x0000028fe0fe4758: 04cb 34ff 

  0x0000028fe0fe475c: ;   {post_call_nop}
  0x0000028fe0fe475c: 0f1f 8400 | 5414 0032 | baf6 ffff | ff4c 894c | 2420 4c8b | 5424 384c | 8954 2428 

  0x0000028fe0fe4778: ;   {runtime_call UncommonTrapBlob}
  0x0000028fe0fe4778: 6666 90e8 

  0x0000028fe0fe477c: ; ImmutableOopMap {[32]=Oop [40]=Oop [64]=Oop [72]=Oop }
                      ;*getfield x {reexecute=1 rethrow=0 return_oop=0}
                      ; - (reexecute) javax.swing.SwingUtilities::convertPointToScreen@43 (line 432)
                      ; - javax.swing.SwingUtilities::convertPoint@44 (line 191)
  0x0000028fe0fe477c: e0ca 34ff 

  0x0000028fe0fe4780: ;   {post_call_nop}
  0x0000028fe0fe4780: 0f1f 8400 | 7814 0033 | ba45 ffff | ff4c 8954 | 2420 4c89 | 4424 2889 

  0x0000028fe0fe4798: ;   {runtime_call UncommonTrapBlob}
  0x0000028fe0fe4798: 4c24 34e8 

  0x0000028fe0fe479c: ; ImmutableOopMap {[32]=Oop [40]=Oop [52]=NarrowOop }
                      ;*ifnull {reexecute=1 rethrow=0 return_oop=0}
                      ; - (reexecute) java.awt.Component::getLocationOnScreen_NoTreeLock@6 (line 2059)
                      ; - java.awt.Component::getLocationOnScreen@8 (line 2049)
                      ; - javax.swing.SwingUtilities::convertPointFromScreen@36 (line 471)
                      ; - javax.swing.SwingUtilities::convertPoint@72 (line 197)
  0x0000028fe0fe479c: c0ca 34ff 

  0x0000028fe0fe47a0: ;   {post_call_nop}
  0x0000028fe0fe47a0: 0f1f 8400 | 9814 0034 | ba45 ffff | ff48 8b6c | 2440 4c89 | 4c24 204c | 8b44 2438 | 4c89 4424 
  0x0000028fe0fe47c0: 284c 8954 | 2438 4489 

  0x0000028fe0fe47c8: ;   {runtime_call UncommonTrapBlob}
  0x0000028fe0fe47c8: 5c24 44e8 

  0x0000028fe0fe47cc: ; ImmutableOopMap {rbp=Oop [32]=Oop [40]=Oop [56]=Oop [68]=NarrowOop }
                      ;*ifnull {reexecute=1 rethrow=0 return_oop=0}
                      ; - (reexecute) java.awt.Component::getLocationOnScreen_NoTreeLock@6 (line 2059)
                      ; - java.awt.Component::getLocationOnScreen@8 (line 2049)
                      ; - javax.swing.SwingUtilities::convertPointToScreen@36 (line 431)
                      ; - javax.swing.SwingUtilities::convertPoint@44 (line 191)
  0x0000028fe0fe47cc: 90ca 34ff 

  0x0000028fe0fe47d0: ;   {post_call_nop}
  0x0000028fe0fe47d0: 0f1f 8400 | c814 0035 | baf6 ffff | ff48 8b6c | 2420 4c89 

  0x0000028fe0fe47e4: ;   {runtime_call UncommonTrapBlob}
  0x0000028fe0fe47e4: 4424 28e8 

  0x0000028fe0fe47e8: ; ImmutableOopMap {rbp=Oop [40]=Oop }
                      ;*getfield x {reexecute=1 rethrow=0 return_oop=0}
                      ; - (reexecute) java.awt.Component::getLocationOnScreen_NoTreeLock@54 (line 2066)
                      ; - java.awt.Component::getLocationOnScreen@8 (line 2049)
                      ; - javax.swing.SwingUtilities::convertPointFromScreen@36 (line 471)
                      ; - javax.swing.SwingUtilities::convertPoint@72 (line 197)
  0x0000028fe0fe47e8: 74ca 34ff 

  0x0000028fe0fe47ec: ;   {post_call_nop}
  0x0000028fe0fe47ec: 0f1f 8400 | e414 0036 | baf6 ffff | ff4c 894c | 2420 4c8b | 5424 384c | 8954 2428 | 4c8b 5424 
  0x0000028fe0fe480c: 484c 8954 

  0x0000028fe0fe4810: ;   {runtime_call UncommonTrapBlob}
  0x0000028fe0fe4810: 2438 90e8 

  0x0000028fe0fe4814: ; ImmutableOopMap {[32]=Oop [40]=Oop [56]=Oop [64]=Oop [72]=Oop }
                      ;*getfield x {reexecute=1 rethrow=0 return_oop=0}
                      ; - (reexecute) java.awt.Component::getLocationOnScreen_NoTreeLock@54 (line 2066)
                      ; - java.awt.Component::getLocationOnScreen@8 (line 2049)
                      ; - javax.swing.SwingUtilities::convertPointToScreen@36 (line 431)
                      ; - javax.swing.SwingUtilities::convertPoint@44 (line 191)
  0x0000028fe0fe4814: 48ca 34ff 

  0x0000028fe0fe4818: ;   {post_call_nop}
  0x0000028fe0fe4818: 0f1f 8400 | 1015 0037 | 488b d8e9 | 9bf8 ffff | 488b d8e9 | ebf9 ffff | 488b d8e9 | 8bf8 ffff 
  0x0000028fe0fe4838: 488b d8e9 | dbf9 ffff | 488b d8e9 | 7bf8 ffff | 488b d8e9 | cbf9 ffff | baf4 ffff | ff4c 8954 
  0x0000028fe0fe4858: 2420 4c89 | 4424 304c | 896c 2438 

  0x0000028fe0fe4864: ;   {runtime_call UncommonTrapBlob}
  0x0000028fe0fe4864: 6666 90e8 

  0x0000028fe0fe4868: ; ImmutableOopMap {[32]=Oop [48]=Oop [56]=Oop }
                      ;*instanceof {reexecute=0 rethrow=0 return_oop=0}
                      ; - java.awt.Component::getNativeContainer@13 (line 8455)
                      ; - java.awt.Component::getLocationOnScreen_NoTreeLock@24 (line 2063)
                      ; - java.awt.Component::getLocationOnScreen@8 (line 2049)
                      ; - javax.swing.SwingUtilities::convertPointFromScreen@36 (line 471)
                      ; - javax.swing.SwingUtilities::convertPoint@72 (line 197)
  0x0000028fe0fe4868: f4c9 34ff 

  0x0000028fe0fe486c: ;   {post_call_nop}
  0x0000028fe0fe486c: 0f1f 8400 | 6415 0038 | baf4 ffff | ff48 8b6c | 2440 4c89 | 4c24 284c | 8b5c 2438 | 4c89 5c24 
  0x0000028fe0fe488c: 304c 8954 | 2440 4c89 

  0x0000028fe0fe4894: ;   {runtime_call UncommonTrapBlob}
  0x0000028fe0fe4894: 6c24 48e8 

  0x0000028fe0fe4898: ; ImmutableOopMap {rbp=Oop [40]=Oop [48]=Oop [64]=Oop [72]=Oop }
                      ;*instanceof {reexecute=0 rethrow=0 return_oop=0}
                      ; - java.awt.Component::getNativeContainer@13 (line 8455)
                      ; - java.awt.Component::getLocationOnScreen_NoTreeLock@24 (line 2063)
                      ; - java.awt.Component::getLocationOnScreen@8 (line 2049)
                      ; - javax.swing.SwingUtilities::convertPointToScreen@36 (line 431)
                      ; - javax.swing.SwingUtilities::convertPoint@44 (line 191)
  0x0000028fe0fe4898: c4c9 34ff 

  0x0000028fe0fe489c: ;   {post_call_nop}
  0x0000028fe0fe489c: 0f1f 8400 | 9415 0039 | baf6 ffff | ff4c 8954 | 2420 4c89 

  0x0000028fe0fe48b0: ;   {runtime_call UncommonTrapBlob}
  0x0000028fe0fe48b0: 4424 28e8 

  0x0000028fe0fe48b4: ; ImmutableOopMap {[32]=Oop [40]=Oop }
                      ;*invokeinterface getLocationOnScreen {reexecute=0 rethrow=0 return_oop=0}
                      ; - java.awt.Component::getLocationOnScreen_NoTreeLock@32 (line 2064)
                      ; - java.awt.Component::getLocationOnScreen@8 (line 2049)
                      ; - javax.swing.SwingUtilities::convertPointFromScreen@36 (line 471)
                      ; - javax.swing.SwingUtilities::convertPoint@72 (line 197)
  0x0000028fe0fe48b4: a8c9 34ff 

  0x0000028fe0fe48b8: ;   {post_call_nop}
  0x0000028fe0fe48b8: 0f1f 8400 | b015 003a | baf6 ffff | ff4c 894c | 2420 4c8b | 5c24 384c | 895c 2428 | 4c89 5424 
  0x0000028fe0fe48d8: ;   {runtime_call UncommonTrapBlob}
  0x0000028fe0fe48d8: 3866 90e8 

  0x0000028fe0fe48dc: ; ImmutableOopMap {[32]=Oop [40]=Oop [56]=Oop [64]=Oop }
                      ;*invokeinterface getLocationOnScreen {reexecute=0 rethrow=0 return_oop=0}
                      ; - java.awt.Component::getLocationOnScreen_NoTreeLock@32 (line 2064)
                      ; - java.awt.Component::getLocationOnScreen@8 (line 2049)
                      ; - javax.swing.SwingUtilities::convertPointToScreen@36 (line 431)
                      ; - javax.swing.SwingUtilities::convertPoint@44 (line 191)
  0x0000028fe0fe48dc: 80c9 34ff 

  0x0000028fe0fe48e0: ;   {post_call_nop}
  0x0000028fe0fe48e0: 0f1f 8400 | d815 003b | 488b d8e9 | d3f7 ffff | 488b d8e9 | cbf7 ffff | 488b d8e9 | 1bf9 ffff 
  0x0000028fe0fe4900: 488b d8e9 | 13f9 ffff | 488b d0e9 | 00fa ffff | 488b d8e9 | abf7 ffff | 488b d8e9 | fbf8 ffff 
  0x0000028fe0fe4920: 488b d8e9 | 9bf7 ffff | 488b d8e9 | ebf8 ffff | 4183 87d8 | 0600 0008 | e977 f9ff | ff41 8387 
  0x0000028fe0fe4940: d806 0000 | 08e9 12f8 | ffff 4183 | 87d8 0600 | 0008 e952 | f0ff ff41 | 8387 d806 | 0000 08e9 
  0x0000028fe0fe4960: 4dee ffff 

  0x0000028fe0fe4964: ;   {internal_word}
  0x0000028fe0fe4964: 49ba f835 | fee0 8f02 | 0000 4d89 | 97e0 0400 

  0x0000028fe0fe4974: ;   {runtime_call SafepointBlob}
  0x0000028fe0fe4974: 00e9 e6c5 

  0x0000028fe0fe4978: ;   {runtime_call Stub::method_entry_barrier}
  0x0000028fe0fe4978: 27ff e8c1 | f825 ffe9 | 9aea ffff | f4f4 f4f4 
[Stub Code]
  0x0000028fe0fe4988: ;   {static_stub}
  0x0000028fe0fe4988: 48bb 0000 | 0000 0000 

  0x0000028fe0fe4990: ;   {runtime_call nmethod}
  0x0000028fe0fe4990: 0000 e9fb 

  0x0000028fe0fe4994: ;   {static_stub}
  0x0000028fe0fe4994: ffff ff48 | bb00 0000 | 0000 0000 

  0x0000028fe0fe49a0: ;   {runtime_call nmethod}
  0x0000028fe0fe49a0: 00e9 fbff 

  0x0000028fe0fe49a4: ;   {static_stub}
  0x0000028fe0fe49a4: ffff 48bb | 0000 0000 | 0000 0000 

  0x0000028fe0fe49b0: ;   {runtime_call nmethod}
  0x0000028fe0fe49b0: e9fb ffff 

  0x0000028fe0fe49b4: ;   {static_stub}
  0x0000028fe0fe49b4: ff48 bb00 | 0000 0000 

  0x0000028fe0fe49bc: ;   {runtime_call nmethod}
  0x0000028fe0fe49bc: 0000 00e9 | fbff ffff 

  0x0000028fe0fe49c4: ;   {static_stub}
  0x0000028fe0fe49c4: 48bb 50c5 | 47f7 8f02 

  0x0000028fe0fe49cc: ;   {runtime_call I2C/C2I adapters}
  0x0000028fe0fe49cc: 0000 e963 

  0x0000028fe0fe49d0: ;   {runtime_call ExceptionBlob}
  0x0000028fe0fe49d0: 1228 ffe9 | 88cb 34ff 
[Deopt Handler Code]
  0x0000028fe0fe49d8: e800 0000 | 0048 832c 

  0x0000028fe0fe49e0: ;   {runtime_call DeoptimizationBlob}
  0x0000028fe0fe49e0: 2405 e979 | c827 fff4 
[/MachCode]


Compiled method (c2) 3650721 8487       4       com.formdev.flatlaf.ui.FlatTitlePane::updateNativeTitleBarHeightAndHitTestSpots (571 bytes)
 total in heap  [0x0000028fe1052a88,0x0000028fe1053f20] = 5272
 main code      [0x0000028fe1052b80,0x0000028fe1053ea0] = 4896
 stub code      [0x0000028fe1053ea0,0x0000028fe1053f00] = 96
 oops           [0x0000028fe1053f00,0x0000028fe1053f20] = 32
 mutable data [0x0000028ffa575f30,0x0000028ffa5762d8] = 936
 relocation     [0x0000028ffa575f30,0x0000028ffa5760e0] = 432
 metadata       [0x0000028ffa5760e0,0x0000028ffa5762d8] = 504
 immutable data [0x0000028fff3fc250,0x0000028fff3fd168] = 3864
 dependencies   [0x0000028fff3fc250,0x0000028fff3fc2f8] = 168
 nul chk table  [0x0000028fff3fc2f8,0x0000028fff3fc388] = 144
 handler table  [0x0000028fff3fc388,0x0000028fff3fc568] = 480
 scopes pcs     [0x0000028fff3fc568,0x0000028fff3fc968] = 1024
 scopes data    [0x0000028fff3fc968,0x0000028fff3fd168] = 2048

[Constant Pool (empty)]

[MachCode]
[Instructions begin]
  0x0000028fe1052b80: 6690 448b | 5208 443b 

  0x0000028fe1052b88: ;   {runtime_call Shared Runtime ic_miss_blob}
  0x0000028fe1052b88: 5008 0f85 | 50bf 20ff 
[Verified Entry Point]
  0x0000028fe1052b90: 8984 2400 | 80ff ff55 | 4883 ec70 | 4181 7f20 | 0700 0000 | 0f85 ec12 | 0000 4889 | 5424 5044 
  0x0000028fe1052bb0: 8b5a 4045 | 85db 0f84 | c80d 0000 | 448b 9a98 | 0100 0045 | 85db 0f84 | d80d 0000 

  0x0000028fe1052bcc: ;   {oop(a 'java/lang/Class'{0x000000060596da18} = 'com/formdev/flatlaf/ui/FlatNativeWindowBorder')}
  0x0000028fe1052bcc: 49ba 18da | 9605 0600 | 0000 458b | 4a78 430f | b64c cc0c | 85c9 0f84 | d80d 0000 | 458b 527c 
  0x0000028fe1052bec: ; implicit exception: dispatches to 0x0000028fe1053bb8
  0x0000028fe1052bec: 478b 4cd4 

  0x0000028fe1052bf0: ;   {metadata('com/formdev/flatlaf/ui/FlatWindowsNativeWindowBorder')}
  0x0000028fe1052bf0: 0841 81f9 | 5875 0801 | 0f85 2e0c | 0000 49c1 | e203 458b | 4214 478b 

  0x0000028fe1052c08: ;   {metadata('java/util/Collections$SynchronizedMap')}
  0x0000028fe1052c08: 54c4 0841 | 81fa d049 | 2f00 0f85 | 380c 0000 | 4b8d 2cc4 | 448b 4d10 | 4585 c90f | 84d0 0b00 
  0x0000028fe1052c28: 004f 8d04 | cc48 8d5c | 2460 4d8b | 1041 8b9f | d806 0000 | 41f6 c202 | 0f85 3700 | 0000 81fb 
  0x0000028fe1052c48: 2707 0000 | 0f8f 4b00 | 0000 4d3b | 441f f874 | 1649 8bc2 | 4883 c801 | 4983 e2fe | f04d 0fb1 
  0x0000028fe1052c68: 100f 852e | 0000 004d | 8904 1f41 | 8387 d806 | 0000 08eb | 1e48 33c0 | 498b 9fc8 | 0400 00f0 
  0x0000028fe1052c88: 490f b15a | 3e74 0c48 | 3bd8 7509 | 49ff 8286 | 0000 0033 | c00f 85d1 | 0b00 0044 | 8b55 0c43 
  0x0000028fe1052ca8: 8b5c d408 

  0x0000028fe1052cac: ;   {metadata('java/util/IdentityHashMap')}
  0x0000028fe1052cac: 81fb e86b | 2500 0f85 | fc0b 0000 | 49c1 e203 | 418b 4a14 

  0x0000028fe1052cc0: ; implicit exception: dispatches to 0x0000028fe1053c0c
  0x0000028fe1052cc0: 418b 74cc | 0c49 8d2c | cc4f 8d2c | dc4d 8b55 | 0049 8bda | 4883 e303 | 4883 fb02 | 0f84 7c08 
  0x0000028fe1052ce0: 0000 49c1 | ea0b 418b | c225 ffff | ff7f 0f84 | 6a08 0000 | 8bd8 c1e3 | 08d1 e02b | c38d 5eff 
  0x0000028fe1052d00: 23c3 85f6 | 0f86 d20b | 0000 448b | 5485 1045 | 3bd3 0f85 | a708 0000 | bf01 0000 | 0048 8d44 
  0x0000028fe1052d20: 2460 418b | 87d8 0600 | 004d 8b10 | 4d3b 4407 | f80f 852e | 0000 0041 | 83af d806 | 0000 084d 
  0x0000028fe1052d40: 3b44 07f0 | 0f84 5f00 | 0000 498b | c248 83e0 | fc49 83ca | 01f0 4d0f | b110 0f85 | 2911 0000 
  0x0000028fe1052d60: e944 0000 | 0049 83ba | 8600 0000 | 0075 3349 | c742 3e00 | 0000 00f0 | 8344 24c0 | 0049 83ba 
  0x0000028fe1052d80: 8e00 0000 | 0074 2249 | 83ba 9e00 | 0000 0075 | 1849 83e2 | fd4d 8997 | e805 0000 | 4183 ca01 
  0x0000028fe1052da0: eb0a 49ff | 8a86 0000 

  0x0000028fe1052da8: ;   {other}
  0x0000028fe1052da8: 0045 33d2 | 0f85 520b | 0000 85ff | 0f84 220c | 0000 4c8b | 5424 5045 | 8b5a 2045 | 85db 0f8e 
  0x0000028fe1052dc8: 7c0b 0000 | 498b 87c8 | 0100 004c | 8bd0 4983 | c218 41ff | cb44 895c | 2428 4d3b | 97d8 0100 
  0x0000028fe1052de8: 000f 8360 | 0800 004d | 8997 c801 | 0000 410f | 0d8a c000 | 0000 48c7 | 0001 0000 

  0x0000028fe1052e04: ;   {metadata('java/util/ArrayList')}
  0x0000028fe1052e04: 00c7 4008 | 48d7 2100 | 4c89 600c 

  0x0000028fe1052e10: ;   {oop(a 'java/lang/Object'[0] {0x0000000605801dd0})}
  0x0000028fe1052e10: c740 14ba | 03b0 c048 | 8944 2430 | 4c8b 5424 | 5045 8b92 | 7801 0000 

  0x0000028fe1052e28: ; implicit exception: dispatches to 0x0000028fe1053c28
  0x0000028fe1052e28: 470f b654 | d431 4585 | d20f 85bd | 0b00 004c | 8b54 2450 | 458b 9284 | 0100 0047 | 8b44 d41c 
  0x0000028fe1052e48: 4489 4424 | 2445 85c0 | 0f8e 0a0b | 0000 478b | 5cd4 2044 | 895c 2438 | 4585 db0f | 8eb7 0b00 
  0x0000028fe1052e68: 004d 8b87 | c801 0000 | 4c8b 5c24 | 5041 8bab | 9801 0000 | 4d8b d849 | 83c3 184b | 8d14 d44d 
  0x0000028fe1052e88: 3b9f d801 | 0000 0f83 | d907 0000 | 4d89 9fc8 | 0100 0041 | 0f0d 8bc0 | 0000 0049 | c700 0100 
  0x0000028fe1052ea8: ;   {metadata('java/awt/Point')}
  0x0000028fe1052ea8: 0000 41c7 | 4008 f040 | 0701 4589 | 600c 4d89 | 6010 4c8b | cd49 c1e1 

  0x0000028fe1052ec0: ;   {static_call}
  0x0000028fe1052ec0: 0366 90e8 

  0x0000028fe1052ec4: ; ImmutableOopMap {[48]=Oop [80]=Oop }
                      ;*invokestatic convertPoint {reexecute=0 rethrow=0 return_oop=1}
                      ; - javax.swing.SwingUtilities::convertPoint@15 (line 220)
                      ; - com.formdev.flatlaf.ui.FlatTitlePane::getNativeHitTestSpot@28 (line 826)
                      ; - com.formdev.flatlaf.ui.FlatTitlePane::updateNativeTitleBarHeightAndHitTestSpots@275 (line 763)
  0x0000028fe1052ec4: 3805 f9ff 

  0x0000028fe1052ec8: ;   {post_call_nop}
  0x0000028fe1052ec8: 0f1f 8400 | 4004 0000 | 488b e84d | 8b8f c801 | 0000 4d8b | d149 83c2 | 204d 3b97 | d801 0000 
  0x0000028fe1052ee8: 0f83 cd07 | 0000 4d89 | 97c8 0100 | 0041 0f0d | 8ac0 0000 | 0049 c701 | 0100 0000 

  0x0000028fe1052f04: ;   {metadata('java/awt/Rectangle')}
  0x0000028fe1052f04: 41c7 4108 | 90a9 0c01 | 4589 610c | 4d89 6110 | 4d89 6118 

  0x0000028fe1052f18: ; implicit exception: dispatches to 0x0000028fe1053c50
  0x0000028fe1052f18: 448b 5d0c | 448b 4424 | 3845 8941 | 1844 8b54 | 2424 4589 | 5114 4589 | 590c 4c8b | 5424 3041 
  0x0000028fe1052f38: ff42 0c44 | 8b5d 1045 | 8959 1045 | 8b52 1447 | 8b44 d40c | 4c8b 5c24 | 3041 8b6b | 1041 3be8 
  0x0000028fe1052f58: 7526 4c89 | 4c24 2049 

  0x0000028fe1052f60: ;   {optimized virtual_call}
  0x0000028fe1052f60: 8bd3 90e8 

  0x0000028fe1052f64: ; ImmutableOopMap {[32]=Oop [48]=Oop [80]=Oop }
                      ;*invokevirtual grow {reexecute=0 rethrow=0 return_oop=1}
                      ; - java.util.ArrayList::add@7 (line 484)
                      ; - java.util.ArrayList::add@20 (line 497)
                      ; - com.formdev.flatlaf.ui.FlatTitlePane::updateNativeTitleBarHeightAndHitTestSpots@288 (line 765)
  0x0000028fe1052f64: 2838 d7ff 

  0x0000028fe1052f68: ;   {post_call_nop}
  0x0000028fe1052f68: 0f1f 8400 | e004 0001 | 4885 c00f | 84bb 0b00 | 004c 8b4c | 2420 eb04 | 4b8d 04d4 | 448b 580c 
  0x0000028fe1052f88: 413b eb0f | 837f 0800 | 0044 8b58 

  0x0000028fe1052f94: ;   {metadata('java/lang/Object'[])}
  0x0000028fe1052f94: 0841 81fb | b835 1800 | 0f85 8709 | 0000 4c8b | 5424 5041 | 8b9a 7001 | 0000 448d | 5d01 4c8b 
  0x0000028fe1052fb4: 5424 3045 | 895a 104c | 8d44 a810 | 4180 7f48 | 000f 85e9 | 0d00 004d | 8bd9 49c1 | eb03 4589 
  0x0000028fe1052fd4: 184d 8bd0 | 4d33 d149 | c1ea 160f | 841e 0000 | 004d 8bd0 | 49c1 ea09 | 49bb 00a0 | 60e6 8f02 
  0x0000028fe1052ff4: 0000 4d03 | d341 803a | 020f 8519 | 0e00 0045 | 8b9c dc54 | 0100 0045 | 85db 0f85 | 300a 0000 
  0x0000028fe1053014: 4c8b 5424 | 5045 8b82 | 8801 0000 

  0x0000028fe1053020: ; implicit exception: dispatches to 0x0000028fe1053c8c
  0x0000028fe1053020: 470f b65c | c431 4585 | db0f 8411 | 0500 0047 | 3b64 c440 | 0f84 0605 | 0000 478b | 5cc4 4445 
  0x0000028fe1053040: 85db 0f84 | 6c0a 0000 | 4b8d 14dc | 4f8d 14c4 | 4489 4424 | 2c4c 8954 | 2420 6666 | 9048 b810 
  0x0000028fe1053060: ad8a ff8f 

  0x0000028fe1053064: ;   {virtual_call}
  0x0000028fe1053064: 0200 00e8 

  0x0000028fe1053068: ; ImmutableOopMap {[32]=Oop [44]=NarrowOop [48]=Oop [80]=Oop }
                      ;*invokevirtual isShowing {reexecute=0 rethrow=0 return_oop=0}
                      ; - java.awt.Component::isShowing@24 (line 1442)
                      ; - com.formdev.flatlaf.ui.FlatTitlePane::boundsInWindow@1 (line 816)
                      ; - com.formdev.flatlaf.ui.FlatTitlePane::updateNativeTitleBarHeightAndHitTestSpots@512 (line 797)
  0x0000028fe1053068: 167a a5ff 

  0x0000028fe105306c: ;   {post_call_nop}
  0x0000028fe105306c: 0f1f 8400 | e405 0002 | 85c0 0f84 | c404 0000 | 448b 4c24 | 2c43 8b5c | cc20 4d8b | 87c8 0100 
  0x0000028fe105308c: 0043 8b44 | cc44 4d8b | d049 83c2 | 184c 8b5c | 2450 418b | bb98 0100 | 0043 8b4c | cc1c 438b 
  0x0000028fe10530ac: 54cc 0c43 | 8b6c cc18 | 4d3b 97d8 | 0100 000f | 833d 0600 | 004d 8997 | c801 0000 | 410f 0d8a 
  0x0000028fe10530cc: c000 0000 | 49c7 0001 

  0x0000028fe10530d4: ;   {metadata('java/awt/Point')}
  0x0000028fe10530d4: 0000 0041 | c740 08f0 | 4007 0145 | 8960 0c4d | 8960 1089 | 5c24 2489 | 4424 2089 | 7c24 2c89 
  0x0000028fe10530f4: 4c24 3889 | 5424 3c44 | 8b54 243c | 4589 500c | 4189 6810 | 448b 5c24 | 2c4d 8bcb | 49c1 e103 
  0x0000028fe1053114: 448b 5424 | 2049 8bd2 | 48c1 e203 

  0x0000028fe1053120: ;   {static_call}
  0x0000028fe1053120: 6666 90e8 

  0x0000028fe1053124: ; ImmutableOopMap {[48]=Oop [80]=Oop }
                      ;*invokestatic convertPoint {reexecute=0 rethrow=0 return_oop=1}
                      ; - javax.swing.SwingUtilities::convertRectangle@19 (line 241)
                      ; - com.formdev.flatlaf.ui.FlatTitlePane::boundsInWindow@19 (line 817)
                      ; - com.formdev.flatlaf.ui.FlatTitlePane::updateNativeTitleBarHeightAndHitTestSpots@512 (line 797)
  0x0000028fe1053124: d802 f9ff 

  0x0000028fe1053128: ;   {post_call_nop}
  0x0000028fe1053128: 0f1f 8400 | a006 0003 | 4889 4424 | 4049 8b87 | c801 0000 | 4c8b d049 | 83c2 204d | 3b97 d801 
  0x0000028fe1053148: 0000 0f83 | e405 0000 | 4d89 97c8 | 0100 0041 | 0f0d 8ac0 | 0000 0048 | c700 0100 

  0x0000028fe1053164: ;   {metadata('java/awt/Rectangle')}
  0x0000028fe1053164: 0000 c740 | 0890 a90c | 0144 8960 | 0c4c 8960 | 104c 8960 | 184c 8b54 | 2440 458b | 5a0c 448b 
  0x0000028fe1053184: 4c24 2444 | 8948 1844 | 8b44 2438 | 4489 4014 | 4489 580c | 458b 5210 | 4489 5010 | 488b c84c 
  0x0000028fe10531a4: 8b54 2450 | 458b 928c | 0100 0047 | 0fb6 54d4 | 3145 85d2 | 0f85 be08 | 0000 4c8b | 5424 5041 
  0x0000028fe10531c4: 8baa 9001 | 0000 450f | b654 ec31 | 4585 d20f | 8473 0300 | 0045 3b64 | ec40 0f84 | 6803 0000 
  0x0000028fe10531e4: 458b 54ec | 4445 85d2 | 0f84 fa08 | 0000 4889 | 4c24 384b | 8d14 d44d | 8d14 ec89 | 6c24 2c4c 
  0x0000028fe1053204: 8954 2420 | 9048 b838 | ad8a ff8f 

  0x0000028fe1053210: ;   {virtual_call}
  0x0000028fe1053210: 0200 00e8 

  0x0000028fe1053214: ; ImmutableOopMap {[32]=Oop [44]=NarrowOop [48]=Oop [56]=Oop [80]=Oop }
                      ;*invokevirtual isShowing {reexecute=0 rethrow=0 return_oop=0}
                      ; - java.awt.Component::isShowing@24 (line 1442)
                      ; - com.formdev.flatlaf.ui.FlatTitlePane::boundsInWindow@1 (line 816)
                      ; - com.formdev.flatlaf.ui.FlatTitlePane::updateNativeTitleBarHeightAndHitTestSpots@539 (line 798)
  0x0000028fe1053214: 6a78 a5ff 

  0x0000028fe1053218: ;   {post_call_nop}
  0x0000028fe1053218: 0f1f 8400 | 9007 0004 | 85c0 0f84 | 1f03 0000 | 448b 4c24 | 2c43 8b4c | cc20 4d8b | 87c8 0100 
  0x0000028fe1053238: 0043 8b54 | cc44 4d8b | d049 83c2 | 184c 8b5c | 2450 418b | b398 0100 | 0043 8b7c | cc1c 438b 
  0x0000028fe1053258: 5ccc 0c43 | 8b6c cc18 | 4d3b 97d8 | 0100 000f | 83e4 0400 | 004d 8997 | c801 0000 | 410f 0d8a 
  0x0000028fe1053278: c000 0000 | 49c7 0001 

  0x0000028fe1053280: ;   {metadata('java/awt/Point')}
  0x0000028fe1053280: 0000 0041 | c740 08f0 | 4007 0145 | 8960 0c4d | 8960 1089 | 4c24 2489 | 5424 2089 | 7424 2c89 
  0x0000028fe10532a0: 7c24 4089 | 5c24 4444 | 8b54 2444 | 4589 500c | 4189 6810 | 448b 5c24 | 2c4d 8bcb | 49c1 e103 
  0x0000028fe10532c0: 448b 5424 | 2049 8bd2 | 48c1 e203 

  0x0000028fe10532cc: ;   {static_call}
  0x0000028fe10532cc: 6666 90e8 

  0x0000028fe10532d0: ; ImmutableOopMap {[48]=Oop [56]=Oop [80]=Oop }
                      ;*invokestatic convertPoint {reexecute=0 rethrow=0 return_oop=1}
                      ; - javax.swing.SwingUtilities::convertRectangle@19 (line 241)
                      ; - com.formdev.flatlaf.ui.FlatTitlePane::boundsInWindow@19 (line 817)
                      ; - com.formdev.flatlaf.ui.FlatTitlePane::updateNativeTitleBarHeightAndHitTestSpots@539 (line 798)
  0x0000028fe10532d0: 2c01 f9ff 

  0x0000028fe10532d4: ;   {post_call_nop}
  0x0000028fe10532d4: 0f1f 8400 | 4c08 0005 | 4889 4424 | 4849 8b87 | c801 0000 | 4c8b d049 | 83c2 204d | 3b97 d801 
  0x0000028fe10532f4: 0000 0f83 | 8804 0000 | 4d89 97c8 | 0100 0041 | 0f0d 8ac0 | 0000 0048 | c700 0100 

  0x0000028fe1053310: ;   {metadata('java/awt/Rectangle')}
  0x0000028fe1053310: 0000 c740 | 0890 a90c | 0144 8960 | 0c4c 8960 | 104c 8960 | 184c 8b5c | 2448 458b | 530c 448b 
  0x0000028fe1053330: 4c24 2444 | 8948 1844 | 8b44 2440 | 4489 4014 | 4489 500c | 458b 5b10 | 4489 5810 | 488b 4c24 
  0x0000028fe1053350: 3848 8bd8 | 4c8b 5424 | 5041 8baa | 9401 0000 

  0x0000028fe1053360: ; implicit exception: dispatches to 0x0000028fe1053cc8
  0x0000028fe1053360: 450f b65c | ec31 4585 | db0f 84e4 | 0100 0045 | 3b64 ec40 | 0f84 d901 | 0000 458b | 54ec 4445 
  0x0000028fe1053380: 85d2 0f84 | 8007 0000 | 4889 5c24 | 4048 894c | 2438 4b8d | 14d4 4d8d | 14ec 896c | 242c 4c89 
  0x0000028fe10533a0: 5424 2066 | 9048 b860 | ad8a ff8f 

  0x0000028fe10533ac: ;   {virtual_call}
  0x0000028fe10533ac: 0200 00e8 

  0x0000028fe10533b0: ; ImmutableOopMap {[32]=Oop [44]=NarrowOop [48]=Oop [56]=Oop [64]=Oop [80]=Oop }
                      ;*invokevirtual isShowing {reexecute=0 rethrow=0 return_oop=0}
                      ; - java.awt.Component::isShowing@24 (line 1442)
                      ; - com.formdev.flatlaf.ui.FlatTitlePane::boundsInWindow@1 (line 816)
                      ; - com.formdev.flatlaf.ui.FlatTitlePane::updateNativeTitleBarHeightAndHitTestSpots@549 (line 799)
  0x0000028fe10533b0: ce76 a5ff 

  0x0000028fe10533b4: ;   {post_call_nop}
  0x0000028fe10533b4: 0f1f 8400 | 2c09 0006 | 4c8b 4c24 | 5045 8b99 | 9801 0000 | 85c0 0f84 | 7002 0000 | 8b4c 242c 
  0x0000028fe10533d4: 418b 54cc | 204d 8b87 | c801 0000 | 418b 74cc | 444d 8bd0 | 4983 c218 | 418b 7ccc | 0c41 8b5c 
  0x0000028fe10533f4: cc1c 418b | 6ccc 184d | 3b97 d801 | 0000 0f83 | 9903 0000 | 4d89 97c8 | 0100 0041 | 0f0d 8ac0 
  0x0000028fe1053414: 0000 0049 | c700 0100 

  0x0000028fe105341c: ;   {metadata('java/awt/Point')}
  0x0000028fe105341c: 0000 41c7 | 4008 f040 | 0701 4589 | 600c 4d89 | 6010 48ff | 7424 5048 | 8f44 2448 | 4489 5c24 
  0x0000028fe105343c: 2089 5424 | 2489 7424 | 2c89 7c24 | 5089 5c24 | 5444 8b54 | 2450 4589 | 500c 4189 | 6810 448b 
  0x0000028fe105345c: 5c24 204d | 8bcb 49c1 | e103 448b | 5424 2c49 | 8bd2 48c1 

  0x0000028fe1053470: ;   {static_call}
  0x0000028fe1053470: e203 90e8 

  0x0000028fe1053474: ; ImmutableOopMap {[48]=Oop [56]=Oop [64]=Oop [72]=Oop }
                      ;*invokestatic convertPoint {reexecute=0 rethrow=0 return_oop=1}
                      ; - javax.swing.SwingUtilities::convertRectangle@19 (line 241)
                      ; - com.formdev.flatlaf.ui.FlatTitlePane::boundsInWindow@19 (line 817)
                      ; - com.formdev.flatlaf.ui.FlatTitlePane::updateNativeTitleBarHeightAndHitTestSpots@549 (line 799)
  0x0000028fe1053474: 88ff f8ff 

  0x0000028fe1053478: ;   {post_call_nop}
  0x0000028fe1053478: 0f1f 8400 | f009 0007 | 4889 4424 | 5849 8b87 | c801 0000 | 4c8b d049 | 83c2 204d | 3b97 d801 
  0x0000028fe1053498: 0000 0f83 | 3c03 0000 | 4d89 97c8 | 0100 0041 | 0f0d 8ac0 | 0000 0048 | c700 0100 

  0x0000028fe10534b4: ;   {metadata('java/awt/Rectangle')}
  0x0000028fe10534b4: 0000 c740 | 0890 a90c | 0144 8960 | 0c4c 8960 | 104c 8960 | 184c 8b44 | 2458 458b | 500c 448b 
  0x0000028fe10534d4: 4c24 2444 | 8948 1844 | 8b5c 2454 | 4489 5814 | 4489 500c | 4c8b 5424 | 4845 8b9a | 9801 0000 
  0x0000028fe10534f4: 458b 4010 | 4489 4010 | 488b 4c24 | 3848 8b5c | 2440 498b | d348 c1e2 | 0344 8b44 | 2428 4c8b 
  0x0000028fe1053514: 4c24 3033 | ff48 8bf1 | 488b cb48 

  0x0000028fe1053520: ;   {static_call}
  0x0000028fe1053520: 8904 24e8 

  0x0000028fe1053524: ; ImmutableOopMap {}
                      ;*invokestatic setTitleBarHeightAndHitTestSpots {reexecute=0 rethrow=0 return_oop=0}
                      ; - com.formdev.flatlaf.ui.FlatTitlePane::updateNativeTitleBarHeightAndHitTestSpots@567 (line 801)
  0x0000028fe1053524: 58de feff 

  0x0000028fe1053528: ;   {post_call_nop}
  0x0000028fe1053528: 0f1f 8400 | a00a 0008 | 4883 c470 

  0x0000028fe1053534: ;   {poll_return}
  0x0000028fe1053534: 5d49 3b67 | 280f 8734 | 0900 00c3 | 33c9 e95c | fcff ff48 | 8b4c 2438 | 33db e901 | feff ff45 
  0x0000028fe1053554: 8b9a 9801 | 0000 33c0 | eba8 4c89 | 6c24 4089 | 7424 3c89 | 4c24 384c | 8944 2430 | 4489 4c24 
  0x0000028fe1053574: 2c44 895c | 2428 48ff | 7424 5048 | 8f44 2420 

  0x0000028fe1053584: ;   {static_call}
  0x0000028fe1053584: 498b d5e8 

  0x0000028fe1053588: ; ImmutableOopMap {rbp=Oop [32]=Oop [40]=NarrowOop [44]=NarrowOop [48]=Oop [56]=NarrowOop [64]=Oop }
                      ;*invokestatic identityHashCode {reexecute=0 rethrow=0 return_oop=0}
                      ; - java.util.IdentityHashMap::hash@1 (line 307)
                      ; - java.util.IdentityHashMap::containsKey@17 (line 366)
                      ; - java.util.Collections$SynchronizedMap::containsKey@12 (line 2983)
                      ; - com.formdev.flatlaf.ui.FlatWindowsNativeWindowBorder::hasCustomDecoration@5 (line 154)
                      ; - com.formdev.flatlaf.ui.FlatNativeWindowBorder::hasCustomDecoration@23 (line 222)
                      ; - com.formdev.flatlaf.ui.FlatTitlePane::hasNativeCustomDecoration@11 (line 702)
                      ; - com.formdev.flatlaf.ui.FlatTitlePane::updateNativeTitleBarHeightAndHitTestSpots@9 (line 721)
  0x0000028fe1053588: 54be 20ff 

  0x0000028fe105358c: ;   {post_call_nop}
  0x0000028fe105358c: 0f1f 8400 | 040b 0009 | 48ff 7424 | 2048 8f44 | 2450 448b | 5c24 2844 | 8b4c 242c | 4c8b 4424 
  0x0000028fe10535ac: 308b 4c24 | 388b 7424 | 3c4c 8b6c | 2440 e935 | f7ff ff8b | d033 ff45 | 85d2 0f84 | 51f7 ffff 
  0x0000028fe10535cc: 4c89 6c24 | 4889 7424 | 3489 4c24 | 404c 8944 | 2438 4489 | 4c24 2c44 | 895c 2430 | 897c 2428 
  0x0000028fe10535ec: 48ff 7424 | 5048 8f44 | 2420 448b 

  0x0000028fe10535f8: ;   {static_call}
  0x0000028fe10535f8: c666 90e8 

  0x0000028fe10535fc: ; ImmutableOopMap {rbp=Oop [32]=Oop [44]=NarrowOop [48]=NarrowOop [56]=Oop [64]=NarrowOop [72]=Oop }
                      ;*invokestatic nextKeyIndex {reexecute=0 rethrow=0 return_oop=0}
                      ; - java.util.IdentityHashMap::containsKey@47 (line 373)
                      ; - java.util.Collections$SynchronizedMap::containsKey@12 (line 2983)
                      ; - com.formdev.flatlaf.ui.FlatWindowsNativeWindowBorder::hasCustomDecoration@5 (line 154)
                      ; - com.formdev.flatlaf.ui.FlatNativeWindowBorder::hasCustomDecoration@23 (line 222)
                      ; - com.formdev.flatlaf.ui.FlatTitlePane::hasNativeCustomDecoration@11 (line 702)
                      ; - com.formdev.flatlaf.ui.FlatTitlePane::updateNativeTitleBarHeightAndHitTestSpots@9 (line 721)
  0x0000028fe10535fc: e0bd 20ff 

  0x0000028fe1053600: ;   {post_call_nop}
  0x0000028fe1053600: 0f1f 8400 | 780b 000a 

  0x0000028fe1053608: ; ImmutableOopMap {rbp=Oop [32]=Oop [44]=NarrowOop [48]=NarrowOop [56]=Oop [64]=NarrowOop [72]=Oop }
                      ;*goto {reexecute=1 rethrow=0 return_oop=0}
                      ; - (reexecute) java.util.IdentityHashMap::containsKey@52 (line 374)
                      ; - java.util.Collections$SynchronizedMap::containsKey@12 (line 2983)
                      ; - com.formdev.flatlaf.ui.FlatWindowsNativeWindowBorder::hasCustomDecoration@5 (line 154)
                      ; - com.formdev.flatlaf.ui.FlatNativeWindowBorder::hasCustomDecoration@23 (line 222)
                      ; - com.formdev.flatlaf.ui.FlatTitlePane::hasNativeCustomDecoration@11 (line 702)
                      ; - com.formdev.flatlaf.ui.FlatTitlePane::updateNativeTitleBarHeightAndHitTestSpots@9 (line 721)
  0x0000028fe1053608: 4d8b 5730 

  0x0000028fe105360c: ;   {poll}
  0x0000028fe105360c: 4185 023b | 4424 340f | 835b 0500 | 0044 8b54 | 8510 448b | 5c24 3045 | 3bd3 0f85 | 1c05 0000 
  0x0000028fe105362c: 48ff 7424 | 2048 8f44 | 2450 4c8b | 4424 38e9 | d8f6 ffff | 488b 4c24 | 3848 8b5c | 2440 e90b 
  0x0000028fe105364c: ;   {metadata('java/util/ArrayList')}
  0x0000028fe105364c: ffff ff48 | ba48 d721 | 3800 0000 

  0x0000028fe1053658: ;   {runtime_call C2 Runtime new_instance}
  0x0000028fe1053658: 0066 90e8 

  0x0000028fe105365c: ; ImmutableOopMap {[80]=Oop }
                      ;*new {reexecute=0 rethrow=0 return_oop=1}
                      ; - com.formdev.flatlaf.ui.FlatTitlePane::updateNativeTitleBarHeightAndHitTestSpots@28 (line 729)
  0x0000028fe105365c: 0023 2eff 

  0x0000028fe1053660: ;   {post_call_nop}
  0x0000028fe1053660: 0f1f 8400 | d80b 000c | e9a3 f7ff | ff48 8954 | 2440 4889 | 4424 f88b | 4424 2489 | 4424 2c48 
  0x0000028fe1053680: 8b44 24f8 

  0x0000028fe1053684: ;   {metadata('java/awt/Point')}
  0x0000028fe1053684: 48ba f040 | 0739 0000 

  0x0000028fe105368c: ;   {runtime_call C2 Runtime new_instance}
  0x0000028fe105368c: 0000 90e8 

  0x0000028fe1053690: ; ImmutableOopMap {rbp=NarrowOop [48]=Oop [64]=Oop [80]=Oop }
                      ;*new {reexecute=0 rethrow=0 return_oop=1}
                      ; - javax.swing.SwingUtilities::convertPoint@0 (line 219)
                      ; - com.formdev.flatlaf.ui.FlatTitlePane::getNativeHitTestSpot@28 (line 826)
                      ; - com.formdev.flatlaf.ui.FlatTitlePane::updateNativeTitleBarHeightAndHitTestSpots@275 (line 763)
  0x0000028fe1053690: cc22 2eff 

  0x0000028fe1053694: ;   {post_call_nop}
  0x0000028fe1053694: 0f1f 8400 | 0c0c 000d | 4c8b c048 | 8944 24f8 | 8b44 242c | 8944 2424 | 488b 4424 | f848 8b54 
  0x0000028fe10536b4: 2440 e9ff | f7ff ff48 | 8944 24f8 | 8b44 2424 | 8944 242c | 488b 4424 

  0x0000028fe10536cc: ;   {metadata('java/awt/Rectangle')}
  0x0000028fe10536cc: f848 ba90 | a90c 3900 

  0x0000028fe10536d4: ;   {runtime_call C2 Runtime new_instance}
  0x0000028fe10536d4: 0000 00e8 

  0x0000028fe10536d8: ; ImmutableOopMap {rbp=Oop [48]=Oop [80]=Oop }
                      ;*new {reexecute=0 rethrow=0 return_oop=1}
                      ; - com.formdev.flatlaf.ui.FlatTitlePane::getNativeHitTestSpot@32 (line 827)
                      ; - com.formdev.flatlaf.ui.FlatTitlePane::updateNativeTitleBarHeightAndHitTestSpots@275 (line 763)
  0x0000028fe10536d8: 8422 2eff 

  0x0000028fe10536dc: ;   {post_call_nop}
  0x0000028fe10536dc: 0f1f 8400 | 540c 000e | 4889 4424 | f88b 4424 | 2c89 4424 | 2448 8b44 | 24f8 4c8b | c8e9 1af8 
  0x0000028fe10536fc: ffff 8954 | 243c 894c | 2438 897c | 242c 8944 | 2420 895c 

  0x0000028fe1053710: ;   {metadata('java/awt/Point')}
  0x0000028fe1053710: 2424 48ba | f040 0739 | 0000 0000 

  0x0000028fe105371c: ;   {runtime_call C2 Runtime new_instance}
  0x0000028fe105371c: 6666 90e8 

  0x0000028fe1053720: ; ImmutableOopMap {[32]=NarrowOop [44]=NarrowOop [48]=Oop [80]=Oop }
                      ;*new {reexecute=0 rethrow=0 return_oop=1}
                      ; - javax.swing.SwingUtilities::convertRectangle@0 (line 240)
                      ; - com.formdev.flatlaf.ui.FlatTitlePane::boundsInWindow@19 (line 817)
                      ; - com.formdev.flatlaf.ui.FlatTitlePane::updateNativeTitleBarHeightAndHitTestSpots@512 (line 797)
  0x0000028fe1053720: 3c22 2eff 

  0x0000028fe1053724: ;   {post_call_nop}
  0x0000028fe1053724: 0f1f 8400 | 9c0c 000f | 4c8b c0e9 | c7f9 ffff 

  0x0000028fe1053734: ;   {metadata('java/awt/Rectangle')}
  0x0000028fe1053734: 48ba 90a9 | 0c39 0000 

  0x0000028fe105373c: ;   {runtime_call C2 Runtime new_instance}
  0x0000028fe105373c: 0000 90e8 

  0x0000028fe1053740: ; ImmutableOopMap {[48]=Oop [64]=Oop [80]=Oop }
                      ;*new {reexecute=0 rethrow=0 return_oop=1}
                      ; - javax.swing.SwingUtilities::convertRectangle@23 (line 242)
                      ; - com.formdev.flatlaf.ui.FlatTitlePane::boundsInWindow@19 (line 817)
                      ; - com.formdev.flatlaf.ui.FlatTitlePane::updateNativeTitleBarHeightAndHitTestSpots@512 (line 797)
  0x0000028fe1053740: 1c22 2eff 

  0x0000028fe1053744: ;   {post_call_nop}
  0x0000028fe1053744: 0f1f 8400 | bc0c 0010 | e928 faff | ff89 5c24 | 4489 7c24 | 4089 7424 | 2c89 5424 | 2089 4c24 
  0x0000028fe1053764: ;   {metadata('java/awt/Point')}
  0x0000028fe1053764: 2448 baf0 | 4007 3900 

  0x0000028fe105376c: ;   {runtime_call C2 Runtime new_instance}
  0x0000028fe105376c: 0000 00e8 

  0x0000028fe1053770: ; ImmutableOopMap {[32]=NarrowOop [44]=NarrowOop [48]=Oop [56]=Oop [80]=Oop }
                      ;*new {reexecute=0 rethrow=0 return_oop=1}
                      ; - javax.swing.SwingUtilities::convertRectangle@0 (line 240)
                      ; - com.formdev.flatlaf.ui.FlatTitlePane::boundsInWindow@19 (line 817)
                      ; - com.formdev.flatlaf.ui.FlatTitlePane::updateNativeTitleBarHeightAndHitTestSpots@539 (line 798)
  0x0000028fe1053770: ec21 2eff 

  0x0000028fe1053774: ;   {post_call_nop}
  0x0000028fe1053774: 0f1f 8400 | ec0c 0011 | 4c8b c0e9 | 23fb ffff 

  0x0000028fe1053784: ;   {metadata('java/awt/Rectangle')}
  0x0000028fe1053784: 48ba 90a9 | 0c39 0000 

  0x0000028fe105378c: ;   {runtime_call C2 Runtime new_instance}
  0x0000028fe105378c: 0000 90e8 

  0x0000028fe1053790: ; ImmutableOopMap {[48]=Oop [56]=Oop [72]=Oop [80]=Oop }
                      ;*new {reexecute=0 rethrow=0 return_oop=1}
                      ; - javax.swing.SwingUtilities::convertRectangle@23 (line 242)
                      ; - com.formdev.flatlaf.ui.FlatTitlePane::boundsInWindow@19 (line 817)
                      ; - com.formdev.flatlaf.ui.FlatTitlePane::updateNativeTitleBarHeightAndHitTestSpots@539 (line 798)
  0x0000028fe1053790: cc21 2eff 

  0x0000028fe1053794: ;   {post_call_nop}
  0x0000028fe1053794: 0f1f 8400 | 0c0d 0012 | e984 fbff | ff89 5c24 | 5489 7c24 | 5089 7424 | 2c89 5424 | 2444 895c 
  0x0000028fe10537b4: 2420 4c89 

  0x0000028fe10537b8: ;   {metadata('java/awt/Point')}
  0x0000028fe10537b8: 4c24 4848 | baf0 4007 | 3900 0000 

  0x0000028fe10537c4: ;   {runtime_call C2 Runtime new_instance}
  0x0000028fe10537c4: 0066 90e8 

  0x0000028fe10537c8: ; ImmutableOopMap {[32]=NarrowOop [44]=NarrowOop [48]=Oop [56]=Oop [64]=Oop [72]=Oop }
                      ;*new {reexecute=0 rethrow=0 return_oop=1}
                      ; - javax.swing.SwingUtilities::convertRectangle@0 (line 240)
                      ; - com.formdev.flatlaf.ui.FlatTitlePane::boundsInWindow@19 (line 817)
                      ; - com.formdev.flatlaf.ui.FlatTitlePane::updateNativeTitleBarHeightAndHitTestSpots@549 (line 799)
  0x0000028fe10537c8: 9421 2eff 

  0x0000028fe10537cc: ;   {post_call_nop}
  0x0000028fe10537cc: 0f1f 8400 | 440d 0013 | 4c8b c0e9 | 71fc ffff 

  0x0000028fe10537dc: ;   {metadata('java/awt/Rectangle')}
  0x0000028fe10537dc: 48ba 90a9 | 0c39 0000 

  0x0000028fe10537e4: ;   {runtime_call C2 Runtime new_instance}
  0x0000028fe10537e4: 0000 90e8 

  0x0000028fe10537e8: ; ImmutableOopMap {[48]=Oop [56]=Oop [64]=Oop [72]=Oop [88]=Oop }
                      ;*new {reexecute=0 rethrow=0 return_oop=1}
                      ; - javax.swing.SwingUtilities::convertRectangle@23 (line 242)
                      ; - com.formdev.flatlaf.ui.FlatTitlePane::boundsInWindow@19 (line 817)
                      ; - com.formdev.flatlaf.ui.FlatTitlePane::updateNativeTitleBarHeightAndHitTestSpots@549 (line 799)
  0x0000028fe10537e8: 7421 2eff 

  0x0000028fe10537ec: ;   {post_call_nop}
  0x0000028fe10537ec: 0f1f 8400 | 640d 0014 | e9d0 fcff | ffba f6ff | ffff 4489 

  0x0000028fe1053800: ;   {runtime_call UncommonTrapBlob}
  0x0000028fe1053800: 5c24 28e8 

  0x0000028fe1053804: ; ImmutableOopMap {rbp=Oop [40]=NarrowOop [80]=Oop }
                      ;*monitorenter {reexecute=0 rethrow=0 return_oop=0}
                      ; - java.util.Collections$SynchronizedMap::containsKey@6 (line 2983)
                      ; - com.formdev.flatlaf.ui.FlatWindowsNativeWindowBorder::hasCustomDecoration@5 (line 154)
                      ; - com.formdev.flatlaf.ui.FlatNativeWindowBorder::hasCustomDecoration@23 (line 222)
                      ; - com.formdev.flatlaf.ui.FlatTitlePane::hasNativeCustomDecoration@11 (line 702)
                      ; - com.formdev.flatlaf.ui.FlatTitlePane::updateNativeTitleBarHeightAndHitTestSpots@9 (line 721)
  0x0000028fe1053804: 58da 2dff 

  0x0000028fe1053808: ;   {post_call_nop}
  0x0000028fe1053808: 0f1f 8400 | 800d 0015 | bae4 ffff | ff48 8944 | 2440 4c89 

  0x0000028fe105381c: ;   {runtime_call UncommonTrapBlob}
  0x0000028fe105381c: 4c24 48e8 

  0x0000028fe1053820: ; ImmutableOopMap {[48]=Oop [64]=Oop [72]=Oop [80]=Oop }
                      ;*aastore {reexecute=1 rethrow=0 return_oop=0}
                      ; - (reexecute) java.util.ArrayList::add@14 (line 485)
                      ; - java.util.ArrayList::add@20 (line 497)
                      ; - com.formdev.flatlaf.ui.FlatTitlePane::updateNativeTitleBarHeightAndHitTestSpots@288 (line 765)
  0x0000028fe1053820: 3cda 2dff 

  0x0000028fe1053824: ;   {post_call_nop}
  0x0000028fe1053824: 0f1f 8400 | 9c0d 0016 | bade ffff | ff48 8b6c | 2450 4489 | 5424 2044 | 895c 2424 

  0x0000028fe1053840: ;   {runtime_call UncommonTrapBlob}
  0x0000028fe1053840: 6666 90e8 

  0x0000028fe1053844: ; ImmutableOopMap {rbp=Oop [32]=NarrowOop [36]=NarrowOop }
                      ;*invokeinterface hasCustomDecoration {reexecute=0 rethrow=0 return_oop=0}
                      ; - com.formdev.flatlaf.ui.FlatNativeWindowBorder::hasCustomDecoration@23 (line 222)
                      ; - com.formdev.flatlaf.ui.FlatTitlePane::hasNativeCustomDecoration@11 (line 702)
                      ; - com.formdev.flatlaf.ui.FlatTitlePane::updateNativeTitleBarHeightAndHitTestSpots@9 (line 721)
  0x0000028fe1053844: 18da 2dff 

  0x0000028fe1053848: ;   {post_call_nop}
  0x0000028fe1053848: 0f1f 8400 | c00d 0017 | bade ffff | ff48 8b6c | 2450 4489 | 4424 2044 | 895c 2424 

  0x0000028fe1053864: ;   {runtime_call UncommonTrapBlob}
  0x0000028fe1053864: 6666 90e8 

  0x0000028fe1053868: ; ImmutableOopMap {rbp=Oop [32]=NarrowOop [36]=NarrowOop }
                      ;*invokeinterface containsKey {reexecute=0 rethrow=0 return_oop=0}
                      ; - com.formdev.flatlaf.ui.FlatWindowsNativeWindowBorder::hasCustomDecoration@5 (line 154)
                      ; - com.formdev.flatlaf.ui.FlatNativeWindowBorder::hasCustomDecoration@23 (line 222)
                      ; - com.formdev.flatlaf.ui.FlatTitlePane::hasNativeCustomDecoration@11 (line 702)
                      ; - com.formdev.flatlaf.ui.FlatTitlePane::updateNativeTitleBarHeightAndHitTestSpots@9 (line 721)
  0x0000028fe1053868: f4d9 2dff 

  0x0000028fe105386c: ;   {post_call_nop}
  0x0000028fe105386c: 0f1f 8400 | e40d 0018 | 4c89 4424 | 3044 894c | 242c 4489 | 5c24 2848 | 8954 2420 | 498b d04c 
  0x0000028fe105388c: 8d44 2460 

  0x0000028fe1053890: ;   {runtime_call C2 Runtime complete_monitor_locking}
  0x0000028fe1053890: 6666 90e8 

  0x0000028fe1053894: ; ImmutableOopMap {rbp=Oop [32]=Oop [40]=NarrowOop [44]=NarrowOop [48]=Oop [80]=Oop }
                      ;*monitorenter {reexecute=0 rethrow=0 return_oop=0}
                      ; - java.util.Collections$SynchronizedMap::containsKey@6 (line 2983)
                      ; - com.formdev.flatlaf.ui.FlatWindowsNativeWindowBorder::hasCustomDecoration@5 (line 154)
                      ; - com.formdev.flatlaf.ui.FlatNativeWindowBorder::hasCustomDecoration@23 (line 222)
                      ; - com.formdev.flatlaf.ui.FlatTitlePane::hasNativeCustomDecoration@11 (line 702)
                      ; - com.formdev.flatlaf.ui.FlatTitlePane::updateNativeTitleBarHeightAndHitTestSpots@9 (line 721)
  0x0000028fe1053894: c808 2eff 

  0x0000028fe1053898: ;   {post_call_nop}
  0x0000028fe1053898: 0f1f 8400 | 100e 0019 | 448b 5c24 | 2844 8b4c | 242c 4c8b | 4424 30e9 | eff3 ffff | bade ffff 
  0x0000028fe10538b8: ff48 8b6c | 2450 4489 | 5424 2444 | 895c 2428 | 4489 4c24 

  0x0000028fe10538cc: ;   {runtime_call UncommonTrapBlob}
  0x0000028fe10538cc: 2c66 90e8 

  0x0000028fe10538d0: ; ImmutableOopMap {rbp=Oop [36]=NarrowOop [40]=NarrowOop [44]=NarrowOop }
                      ;*invokeinterface containsKey {reexecute=0 rethrow=0 return_oop=0}
                      ; - java.util.Collections$SynchronizedMap::containsKey@12 (line 2983)
                      ; - com.formdev.flatlaf.ui.FlatWindowsNativeWindowBorder::hasCustomDecoration@5 (line 154)
                      ; - com.formdev.flatlaf.ui.FlatNativeWindowBorder::hasCustomDecoration@23 (line 222)
                      ; - com.formdev.flatlaf.ui.FlatTitlePane::hasNativeCustomDecoration@11 (line 702)
                      ; - com.formdev.flatlaf.ui.FlatTitlePane::updateNativeTitleBarHeightAndHitTestSpots@9 (line 721)
  0x0000028fe10538d0: 8cd9 2dff 

  0x0000028fe10538d4: ;   {post_call_nop}
  0x0000028fe10538d4: 0f1f 8400 | 4c0e 001a | bae4 ffff | ff44 894c | 2424 4489 | 5c24 2889 | 7424 3089 | 4c24 3889 
  0x0000028fe10538f4: ;   {runtime_call UncommonTrapBlob}
  0x0000028fe10538f4: 4424 3ce8 

  0x0000028fe10538f8: ; ImmutableOopMap {[36]=NarrowOop [40]=NarrowOop [56]=NarrowOop [80]=Oop }
                      ;*aaload {reexecute=0 rethrow=0 return_oop=0}
                      ; - java.util.IdentityHashMap::containsKey@25 (line 368)
                      ; - java.util.Collections$SynchronizedMap::containsKey@12 (line 2983)
                      ; - com.formdev.flatlaf.ui.FlatWindowsNativeWindowBorder::hasCustomDecoration@5 (line 154)
                      ; - com.formdev.flatlaf.ui.FlatNativeWindowBorder::hasCustomDecoration@23 (line 222)
                      ; - com.formdev.flatlaf.ui.FlatTitlePane::hasNativeCustomDecoration@11 (line 702)
                      ; - com.formdev.flatlaf.ui.FlatTitlePane::updateNativeTitleBarHeightAndHitTestSpots@9 (line 721)
  0x0000028fe10538f8: 64d9 2dff 

  0x0000028fe10538fc: ;   {post_call_nop}
  0x0000028fe10538fc: 0f1f 8400 | 740e 001b | 498b c848 | 8d54 2460 

  0x0000028fe105390c: ;   {runtime_call}
  0x0000028fe105390c: 4d8b c749 | ba60 a216 | 74ff 7f00 | 0041 ffd2 

  0x0000028fe105391c: ;   {post_call_nop}
  0x0000028fe105391c: 0f1f 8400 | 0000 0000 | e989 f4ff | ffba d6ff | ffff 4889 | 4424 404c | 894c 2448 

  0x0000028fe1053938: ;   {runtime_call UncommonTrapBlob}
  0x0000028fe1053938: 6666 90e8 

  0x0000028fe105393c: ; ImmutableOopMap {[48]=Oop [64]=Oop [72]=Oop [80]=Oop }
                      ;*aastore {reexecute=1 rethrow=0 return_oop=0}
                      ; - (reexecute) java.util.ArrayList::add@14 (line 485)
                      ; - java.util.ArrayList::add@20 (line 497)
                      ; - com.formdev.flatlaf.ui.FlatTitlePane::updateNativeTitleBarHeightAndHitTestSpots@288 (line 765)
  0x0000028fe105393c: 20d9 2dff 

  0x0000028fe1053940: ;   {post_call_nop}
  0x0000028fe1053940: 0f1f 8400 | b80e 001c | ba45 ffff | ff44 895c 

  0x0000028fe1053950: ;   {runtime_call UncommonTrapBlob}
  0x0000028fe1053950: 2424 90e8 

  0x0000028fe1053954: ; ImmutableOopMap {[80]=Oop }
                      ;*ifle {reexecute=1 rethrow=0 return_oop=0}
                      ; - (reexecute) com.formdev.flatlaf.ui.FlatTitlePane::updateNativeTitleBarHeightAndHitTestSpots@22 (line 726)
  0x0000028fe1053954: 08d9 2dff 

  0x0000028fe1053958: ;   {post_call_nop}
  0x0000028fe1053958: 0f1f 8400 | d00e 001d | ba45 ffff | ff48 8944 | 24f8 8b44 | 2428 8944 | 2420 488b 

  0x0000028fe1053974: ;   {runtime_call UncommonTrapBlob}
  0x0000028fe1053974: 4424 f8e8 

  0x0000028fe1053978: ; ImmutableOopMap {[48]=Oop [80]=Oop }
                      ;*ifle {reexecute=1 rethrow=0 return_oop=0}
                      ; - (reexecute) com.formdev.flatlaf.ui.FlatTitlePane::getNativeHitTestSpot@9 (line 823)
                      ; - com.formdev.flatlaf.ui.FlatTitlePane::updateNativeTitleBarHeightAndHitTestSpots@275 (line 763)
  0x0000028fe1053978: e4d8 2dff 

  0x0000028fe105397c: ;   {post_call_nop}
  0x0000028fe105397c: 0f1f 8400 | f40e 001e | 4533 d245 | 85db 410f | 95c2 ba45 | ffff ff41 

  0x0000028fe1053994: ;   {runtime_call UncommonTrapBlob}
  0x0000028fe1053994: 8bea 90e8 

  0x0000028fe1053998: ; ImmutableOopMap {}
                      ;*ifne {reexecute=1 rethrow=0 return_oop=0}
                      ; - (reexecute) com.formdev.flatlaf.ui.FlatTitlePane::updateNativeTitleBarHeightAndHitTestSpots@4 (line 718)
  0x0000028fe1053998: c4d8 2dff 

  0x0000028fe105399c: ;   {post_call_nop}
  0x0000028fe105399c: 0f1f 8400 | 140f 001f | ba45 ffff | ff48 8b6c | 2450 4489 

  0x0000028fe10539b0: ;   {runtime_call UncommonTrapBlob}
  0x0000028fe10539b0: 5c24 20e8 

  0x0000028fe10539b4: ; ImmutableOopMap {rbp=Oop [32]=NarrowOop }
                      ;*ifnull {reexecute=1 rethrow=0 return_oop=0}
                      ; - (reexecute) com.formdev.flatlaf.ui.FlatTitlePane::hasNativeCustomDecoration@4 (line 702)
                      ; - com.formdev.flatlaf.ui.FlatTitlePane::updateNativeTitleBarHeightAndHitTestSpots@9 (line 721)
  0x0000028fe10539b4: a8d8 2dff 

  0x0000028fe10539b8: ;   {post_call_nop}
  0x0000028fe10539b8: 0f1f 8400 | 300f 0020 | ba45 ffff | ff48 8b6c | 2450 894c 

  0x0000028fe10539cc: ;   {runtime_call UncommonTrapBlob}
  0x0000028fe10539cc: 2420 90e8 

  0x0000028fe10539d0: ; ImmutableOopMap {rbp=Oop }
                      ;*ifne {reexecute=1 rethrow=0 return_oop=0}
                      ; - (reexecute) com.formdev.flatlaf.ui.FlatNativeWindowBorder::hasCustomDecoration@14 (line 219)
                      ; - com.formdev.flatlaf.ui.FlatTitlePane::hasNativeCustomDecoration@11 (line 702)
                      ; - com.formdev.flatlaf.ui.FlatTitlePane::updateNativeTitleBarHeightAndHitTestSpots@9 (line 721)
  0x0000028fe10539d0: 8cd8 2dff 

  0x0000028fe10539d4: ;   {post_call_nop}
  0x0000028fe10539d4: 0f1f 8400 | 4c0f 0021 | ba45 ffff | ff89 7c24 

  0x0000028fe10539e4: ;   {runtime_call UncommonTrapBlob}
  0x0000028fe10539e4: 2066 90e8 

  0x0000028fe10539e8: ; ImmutableOopMap {[80]=Oop }
                      ;*ifeq {reexecute=1 rethrow=0 return_oop=0}
                      ; - (reexecute) com.formdev.flatlaf.ui.FlatTitlePane::hasNativeCustomDecoration@14 (line 702)
                      ; - com.formdev.flatlaf.ui.FlatTitlePane::updateNativeTitleBarHeightAndHitTestSpots@9 (line 721)
  0x0000028fe10539e8: 74d8 2dff 

  0x0000028fe10539ec: ;   {post_call_nop}
  0x0000028fe10539ec: 0f1f 8400 | 640f 0022 | ba45 ffff | ff48 8944 | 24f8 8b44 | 2428 8944 | 2420 488b | 4424 f844 
  0x0000028fe1053a0c: 8954 2424 

  0x0000028fe1053a10: ;   {runtime_call UncommonTrapBlob}
  0x0000028fe1053a10: 6666 90e8 

  0x0000028fe1053a14: ; ImmutableOopMap {[48]=Oop [80]=Oop }
                      ;*ifeq {reexecute=1 rethrow=0 return_oop=0}
                      ; - (reexecute) com.formdev.flatlaf.ui.FlatTitlePane::updateNativeTitleBarHeightAndHitTestSpots@45 (line 732)
  0x0000028fe1053a14: 48d8 2dff 

  0x0000028fe1053a18: ;   {post_call_nop}
  0x0000028fe1053a18: 0f1f 8400 | 900f 0023 | ba45 ffff | ff48 8944 | 24f8 8b44 | 2428 8944 | 2420 488b 

  0x0000028fe1053a34: ;   {runtime_call UncommonTrapBlob}
  0x0000028fe1053a34: 4424 f8e8 

  0x0000028fe1053a38: ; ImmutableOopMap {[48]=Oop [80]=Oop }
                      ;*ifgt {reexecute=1 rethrow=0 return_oop=0}
                      ; - (reexecute) com.formdev.flatlaf.ui.FlatTitlePane::getNativeHitTestSpot@16 (line 823)
                      ; - com.formdev.flatlaf.ui.FlatTitlePane::updateNativeTitleBarHeightAndHitTestSpots@275 (line 763)
  0x0000028fe1053a38: 24d8 2dff 

  0x0000028fe1053a3c: ;   {post_call_nop}
  0x0000028fe1053a3c: 0f1f 8400 | b40f 0024 | ba45 ffff | ff48 8944 | 24f8 8b44 | 2428 8944 | 2420 488b | 4424 f848 
  0x0000028fe1053a5c: ff74 2430 | 488f 4424 | 2844 895c | 2438 4489 

  0x0000028fe1053a6c: ;   {runtime_call UncommonTrapBlob}
  0x0000028fe1053a6c: 5c24 3ce8 

  0x0000028fe1053a70: ; ImmutableOopMap {[40]=Oop [56]=NarrowOop [60]=NarrowOop [80]=Oop }
                      ;*ifnull {reexecute=1 rethrow=0 return_oop=0}
                      ; - (reexecute) com.formdev.flatlaf.ui.FlatTitlePane::hasVisibleEmbeddedMenuBar@1 (line 426)
                      ; - com.formdev.flatlaf.ui.FlatTitlePane::updateNativeTitleBarHeightAndHitTestSpots@306 (line 768)
  0x0000028fe1053a70: ecd7 2dff 

  0x0000028fe1053a74: ;   {post_call_nop}
  0x0000028fe1053a74: 0f1f 8400 | ec0f 0025 | ba45 ffff | ff48 8944 | 24f8 8b44 | 2428 8944 | 2420 488b | 4424 f848 
  0x0000028fe1053a94: ff74 2430 | 488f 4424 | 2848 894c | 2430 4489 

  0x0000028fe1053aa4: ;   {runtime_call UncommonTrapBlob}
  0x0000028fe1053aa4: 5424 24e8 

  0x0000028fe1053aa8: ; ImmutableOopMap {[40]=Oop [48]=Oop [80]=Oop }
                      ;*ifeq {reexecute=1 rethrow=0 return_oop=0}
                      ; - (reexecute) com.formdev.flatlaf.ui.FlatTitlePane::updateNativeTitleBarHeightAndHitTestSpots@525 (line 798)
  0x0000028fe1053aa8: b4d7 2dff 

  0x0000028fe1053aac: ;   {post_call_nop}
  0x0000028fe1053aac: 0f1f 8400 | 2410 0026 | ba45 ffff | ff48 8944 | 24f8 8b44 | 2428 8944 | 2420 488b | 4424 f848 
  0x0000028fe1053acc: ff74 2430 | 488f 4424 | 2844 8944 | 2424 4489 

  0x0000028fe1053adc: ;   {runtime_call UncommonTrapBlob}
  0x0000028fe1053adc: 5c24 3ce8 

  0x0000028fe1053ae0: ; ImmutableOopMap {[36]=NarrowOop [40]=Oop [60]=NarrowOop [80]=Oop }
                      ;*ifnull {reexecute=1 rethrow=0 return_oop=0}
                      ; - (reexecute) java.awt.Component::isShowing@20 (line 1442)
                      ; - com.formdev.flatlaf.ui.FlatTitlePane::boundsInWindow@1 (line 816)
                      ; - com.formdev.flatlaf.ui.FlatTitlePane::updateNativeTitleBarHeightAndHitTestSpots@512 (line 797)
  0x0000028fe1053ae0: 7cd7 2dff 

  0x0000028fe1053ae4: ;   {post_call_nop}
  0x0000028fe1053ae4: 0f1f 8400 | 5c10 0027 | ba45 ffff | ff48 894c | 2438 4489 

  0x0000028fe1053af8: ;   {runtime_call UncommonTrapBlob}
  0x0000028fe1053af8: 5424 48e8 

  0x0000028fe1053afc: ; ImmutableOopMap {rbp=NarrowOop [48]=Oop [56]=Oop [72]=NarrowOop [80]=Oop }
                      ;*ifnull {reexecute=1 rethrow=0 return_oop=0}
                      ; - (reexecute) java.awt.Component::isShowing@20 (line 1442)
                      ; - com.formdev.flatlaf.ui.FlatTitlePane::boundsInWindow@1 (line 816)
                      ; - com.formdev.flatlaf.ui.FlatTitlePane::updateNativeTitleBarHeightAndHitTestSpots@539 (line 798)
  0x0000028fe1053afc: 60d7 2dff 

  0x0000028fe1053b00: ;   {post_call_nop}
  0x0000028fe1053b00: 0f1f 8400 | 7810 0028 | ba45 ffff | ff48 894c | 2438 4889 | 5c24 4048 | ff74 2450 | 488f 4424 
  0x0000028fe1053b20: 4844 8954 

  0x0000028fe1053b24: ;   {runtime_call UncommonTrapBlob}
  0x0000028fe1053b24: 2450 90e8 

  0x0000028fe1053b28: ; ImmutableOopMap {rbp=NarrowOop [48]=Oop [56]=Oop [64]=Oop [72]=Oop [80]=NarrowOop }
                      ;*ifnull {reexecute=1 rethrow=0 return_oop=0}
                      ; - (reexecute) java.awt.Component::isShowing@20 (line 1442)
                      ; - com.formdev.flatlaf.ui.FlatTitlePane::boundsInWindow@1 (line 816)
                      ; - com.formdev.flatlaf.ui.FlatTitlePane::updateNativeTitleBarHeightAndHitTestSpots@549 (line 799)
  0x0000028fe1053b28: 34d7 2dff 

  0x0000028fe1053b2c: ;   {post_call_nop}
  0x0000028fe1053b2c: 0f1f 8400 | a410 0029 | baf6 ffff 

  0x0000028fe1053b38: ;   {runtime_call UncommonTrapBlob}
  0x0000028fe1053b38: ff66 90e8 

  0x0000028fe1053b3c: ; ImmutableOopMap {[32]=Oop }
                      ;*aastore {reexecute=1 rethrow=0 return_oop=0}
                      ; - (reexecute) java.util.ArrayList::add@14 (line 485)
                      ; - java.util.ArrayList::add@20 (line 497)
                      ; - com.formdev.flatlaf.ui.FlatTitlePane::updateNativeTitleBarHeightAndHitTestSpots@288 (line 765)
  0x0000028fe1053b3c: 20d7 2dff 

  0x0000028fe1053b40: ;   {post_call_nop}
  0x0000028fe1053b40: 0f1f 8400 | b810 002a | 8bd0 48ff | 7424 2048 | 8f44 2450 | 8b7c 2428 | 448b 4c24 | 2c4c 8b44 
  0x0000028fe1053b60: 2438 8b4c | 2440 8b74 | 2434 4c8b | 6c24 48e9 | 4ffa ffff | bae4 ffff | ff48 8b6c | 2420 448b 
  0x0000028fe1053b80: 5c24 2c44 | 895c 2424 | 448b 5c24 | 3044 895c | 2428 448b | 5424 4044 | 8b5c 2434 | 4489 5c24 
  0x0000028fe1053ba0: 3044 8954 | 2438 8944 

  0x0000028fe1053ba8: ;   {runtime_call UncommonTrapBlob}
  0x0000028fe1053ba8: 243c 90e8 

  0x0000028fe1053bac: ; ImmutableOopMap {rbp=Oop [36]=NarrowOop [40]=NarrowOop [56]=NarrowOop [64]=NarrowOop }
                      ;*aaload {reexecute=0 rethrow=0 return_oop=0}
                      ; - java.util.IdentityHashMap::containsKey@25 (line 368)
                      ; - java.util.Collections$SynchronizedMap::containsKey@12 (line 2983)
                      ; - com.formdev.flatlaf.ui.FlatWindowsNativeWindowBorder::hasCustomDecoration@5 (line 154)
                      ; - com.formdev.flatlaf.ui.FlatNativeWindowBorder::hasCustomDecoration@23 (line 222)
                      ; - com.formdev.flatlaf.ui.FlatTitlePane::hasNativeCustomDecoration@11 (line 702)
                      ; - com.formdev.flatlaf.ui.FlatTitlePane::updateNativeTitleBarHeightAndHitTestSpots@9 (line 721)
  0x0000028fe1053bac: b0d6 2dff 

  0x0000028fe1053bb0: ;   {post_call_nop}
  0x0000028fe1053bb0: 0f1f 8400 | 2811 002b | baf6 ffff | ff41 8beb 

  0x0000028fe1053bc0: ;   {runtime_call UncommonTrapBlob}
  0x0000028fe1053bc0: 6666 90e8 

  0x0000028fe1053bc4: ; ImmutableOopMap {rbp=NarrowOop }
                      ;*invokeinterface hasCustomDecoration {reexecute=0 rethrow=0 return_oop=0}
                      ; - com.formdev.flatlaf.ui.FlatNativeWindowBorder::hasCustomDecoration@23 (line 222)
                      ; - com.formdev.flatlaf.ui.FlatTitlePane::hasNativeCustomDecoration@11 (line 702)
                      ; - com.formdev.flatlaf.ui.FlatTitlePane::updateNativeTitleBarHeightAndHitTestSpots@9 (line 721)
  0x0000028fe1053bc4: 98d6 2dff 

  0x0000028fe1053bc8: ;   {post_call_nop}
  0x0000028fe1053bc8: 0f1f 8400 | 4011 002c | baf6 ffff | ff41 8beb 

  0x0000028fe1053bd8: ;   {runtime_call UncommonTrapBlob}
  0x0000028fe1053bd8: 6666 90e8 

  0x0000028fe1053bdc: ; ImmutableOopMap {rbp=NarrowOop }
                      ;*invokeinterface containsKey {reexecute=0 rethrow=0 return_oop=0}
                      ; - com.formdev.flatlaf.ui.FlatWindowsNativeWindowBorder::hasCustomDecoration@5 (line 154)
                      ; - com.formdev.flatlaf.ui.FlatNativeWindowBorder::hasCustomDecoration@23 (line 222)
                      ; - com.formdev.flatlaf.ui.FlatTitlePane::hasNativeCustomDecoration@11 (line 702)
                      ; - com.formdev.flatlaf.ui.FlatTitlePane::updateNativeTitleBarHeightAndHitTestSpots@9 (line 721)
  0x0000028fe1053bdc: 80d6 2dff 

  0x0000028fe1053be0: ;   {post_call_nop}
  0x0000028fe1053be0: 0f1f 8400 | 5811 002d | baf6 ffff | ff48 8b6c | 2450 4489 | 5c24 2444 | 894c 2428 

  0x0000028fe1053bfc: ;   {runtime_call UncommonTrapBlob}
  0x0000028fe1053bfc: 6666 90e8 

  0x0000028fe1053c00: ; ImmutableOopMap {rbp=Oop [36]=NarrowOop [40]=NarrowOop }
                      ;*invokeinterface containsKey {reexecute=0 rethrow=0 return_oop=0}
                      ; - java.util.Collections$SynchronizedMap::containsKey@12 (line 2983)
                      ; - com.formdev.flatlaf.ui.FlatWindowsNativeWindowBorder::hasCustomDecoration@5 (line 154)
                      ; - com.formdev.flatlaf.ui.FlatNativeWindowBorder::hasCustomDecoration@23 (line 222)
                      ; - com.formdev.flatlaf.ui.FlatTitlePane::hasNativeCustomDecoration@11 (line 702)
                      ; - com.formdev.flatlaf.ui.FlatTitlePane::updateNativeTitleBarHeightAndHitTestSpots@9 (line 721)
  0x0000028fe1053c00: 5cd6 2dff 

  0x0000028fe1053c04: ;   {post_call_nop}
  0x0000028fe1053c04: 0f1f 8400 | 7c11 002e | baf6 ffff | ff48 8b6c | 2450 4489 

  0x0000028fe1053c18: ;   {runtime_call UncommonTrapBlob}
  0x0000028fe1053c18: 4c24 24e8 

  0x0000028fe1053c1c: ; ImmutableOopMap {rbp=Oop [36]=NarrowOop }
                      ;*arraylength {reexecute=0 rethrow=0 return_oop=0}
                      ; - java.util.IdentityHashMap::containsKey@11 (line 365)
                      ; - java.util.Collections$SynchronizedMap::containsKey@12 (line 2983)
                      ; - com.formdev.flatlaf.ui.FlatWindowsNativeWindowBorder::hasCustomDecoration@5 (line 154)
                      ; - com.formdev.flatlaf.ui.FlatNativeWindowBorder::hasCustomDecoration@23 (line 222)
                      ; - com.formdev.flatlaf.ui.FlatTitlePane::hasNativeCustomDecoration@11 (line 702)
                      ; - com.formdev.flatlaf.ui.FlatTitlePane::updateNativeTitleBarHeightAndHitTestSpots@9 (line 721)
  0x0000028fe1053c1c: 40d6 2dff 

  0x0000028fe1053c20: ;   {post_call_nop}
  0x0000028fe1053c20: 0f1f 8400 | 9811 002f | baf6 ffff 

  0x0000028fe1053c2c: ;   {runtime_call UncommonTrapBlob}
  0x0000028fe1053c2c: ff66 90e8 

  0x0000028fe1053c30: ; ImmutableOopMap {}
                      ;*invokevirtual isVisible {reexecute=0 rethrow=0 return_oop=0}
                      ; - com.formdev.flatlaf.ui.FlatTitlePane::updateNativeTitleBarHeightAndHitTestSpots@42 (line 732)
  0x0000028fe1053c30: 2cd6 2dff 

  0x0000028fe1053c34: ;   {post_call_nop}
  0x0000028fe1053c34: 0f1f 8400 | ac11 0030 | baf6 ffff 

  0x0000028fe1053c40: ;   {runtime_call UncommonTrapBlob}
  0x0000028fe1053c40: ff66 90e8 

  0x0000028fe1053c44: ; ImmutableOopMap {}
                      ;*invokevirtual getSize {reexecute=0 rethrow=0 return_oop=0}
                      ; - com.formdev.flatlaf.ui.FlatTitlePane::getNativeHitTestSpot@1 (line 822)
                      ; - com.formdev.flatlaf.ui.FlatTitlePane::updateNativeTitleBarHeightAndHitTestSpots@275 (line 763)
  0x0000028fe1053c44: 18d6 2dff 

  0x0000028fe1053c48: ;   {post_call_nop}
  0x0000028fe1053c48: 0f1f 8400 | c011 0031 | baf6 ffff 

  0x0000028fe1053c54: ;   {runtime_call UncommonTrapBlob}
  0x0000028fe1053c54: ff66 90e8 

  0x0000028fe1053c58: ; ImmutableOopMap {}
                      ;*getfield x {reexecute=1 rethrow=0 return_oop=0}
                      ; - (reexecute) java.awt.Rectangle::<init>@2 (line 228)
                      ; - com.formdev.flatlaf.ui.FlatTitlePane::getNativeHitTestSpot@38 (line 827)
                      ; - com.formdev.flatlaf.ui.FlatTitlePane::updateNativeTitleBarHeightAndHitTestSpots@275 (line 763)
  0x0000028fe1053c58: 04d6 2dff 

  0x0000028fe1053c5c: ;   {post_call_nop}
  0x0000028fe1053c5c: 0f1f 8400 | d411 0032 | baf6 ffff 

  0x0000028fe1053c68: ;   {runtime_call UncommonTrapBlob}
  0x0000028fe1053c68: ff66 90e8 

  0x0000028fe1053c6c: ; ImmutableOopMap {}
                      ;*arraylength {reexecute=0 rethrow=0 return_oop=0}
                      ; - java.util.ArrayList::add@2 (line 483)
                      ; - java.util.ArrayList::add@20 (line 497)
                      ; - com.formdev.flatlaf.ui.FlatTitlePane::updateNativeTitleBarHeightAndHitTestSpots@288 (line 765)
  0x0000028fe1053c6c: f0d5 2dff 

  0x0000028fe1053c70: ;   {post_call_nop}
  0x0000028fe1053c70: 0f1f 8400 | e811 0033 | baf6 ffff 

  0x0000028fe1053c7c: ;   {runtime_call UncommonTrapBlob}
  0x0000028fe1053c7c: ff66 90e8 

  0x0000028fe1053c80: ; ImmutableOopMap {}
                      ;*invokevirtual getJMenuBar {reexecute=0 rethrow=0 return_oop=0}
                      ; - com.formdev.flatlaf.ui.FlatTitlePane::updateNativeTitleBarHeightAndHitTestSpots@298 (line 767)
  0x0000028fe1053c80: dcd5 2dff 

  0x0000028fe1053c84: ;   {post_call_nop}
  0x0000028fe1053c84: 0f1f 8400 | fc11 0034 | baf6 ffff 

  0x0000028fe1053c90: ;   {runtime_call UncommonTrapBlob}
  0x0000028fe1053c90: ff66 90e8 

  0x0000028fe1053c94: ; ImmutableOopMap {}
                      ;*invokevirtual isShowing {reexecute=0 rethrow=0 return_oop=0}
                      ; - com.formdev.flatlaf.ui.FlatTitlePane::boundsInWindow@1 (line 816)
                      ; - com.formdev.flatlaf.ui.FlatTitlePane::updateNativeTitleBarHeightAndHitTestSpots@512 (line 797)
  0x0000028fe1053c94: c8d5 2dff 

  0x0000028fe1053c98: ;   {post_call_nop}
  0x0000028fe1053c98: 0f1f 8400 | 1012 0035 | baf6 ffff 

  0x0000028fe1053ca4: ;   {runtime_call UncommonTrapBlob}
  0x0000028fe1053ca4: ff66 90e8 

  0x0000028fe1053ca8: ; ImmutableOopMap {}
                      ;*invokevirtual isVisible {reexecute=0 rethrow=0 return_oop=0}
                      ; - com.formdev.flatlaf.ui.FlatTitlePane::updateNativeTitleBarHeightAndHitTestSpots@522 (line 798)
  0x0000028fe1053ca8: b4d5 2dff 

  0x0000028fe1053cac: ;   {post_call_nop}
  0x0000028fe1053cac: 0f1f 8400 | 2412 0036 | baf6 ffff 

  0x0000028fe1053cb8: ;   {runtime_call UncommonTrapBlob}
  0x0000028fe1053cb8: ff66 90e8 

  0x0000028fe1053cbc: ; ImmutableOopMap {}
                      ;*invokevirtual isShowing {reexecute=0 rethrow=0 return_oop=0}
                      ; - com.formdev.flatlaf.ui.FlatTitlePane::boundsInWindow@1 (line 816)
                      ; - com.formdev.flatlaf.ui.FlatTitlePane::updateNativeTitleBarHeightAndHitTestSpots@539 (line 798)
  0x0000028fe1053cbc: a0d5 2dff 

  0x0000028fe1053cc0: ;   {post_call_nop}
  0x0000028fe1053cc0: 0f1f 8400 | 3812 0037 | baf6 ffff 

  0x0000028fe1053ccc: ;   {runtime_call UncommonTrapBlob}
  0x0000028fe1053ccc: ff66 90e8 

  0x0000028fe1053cd0: ; ImmutableOopMap {}
                      ;*invokevirtual isShowing {reexecute=0 rethrow=0 return_oop=0}
                      ; - com.formdev.flatlaf.ui.FlatTitlePane::boundsInWindow@1 (line 816)
                      ; - com.formdev.flatlaf.ui.FlatTitlePane::updateNativeTitleBarHeightAndHitTestSpots@549 (line 799)
  0x0000028fe1053cd0: 8cd5 2dff 

  0x0000028fe1053cd4: ;   {post_call_nop}
  0x0000028fe1053cd4: 0f1f 8400 | 4c12 0038 | baf6 ffff 

  0x0000028fe1053ce0: ;   {runtime_call UncommonTrapBlob}
  0x0000028fe1053ce0: ff66 90e8 

  0x0000028fe1053ce4: ; ImmutableOopMap {}
                      ;*getfield x {reexecute=1 rethrow=0 return_oop=0}
                      ; - (reexecute) javax.swing.SwingUtilities::convertRectangle@28 (line 242)
                      ; - com.formdev.flatlaf.ui.FlatTitlePane::boundsInWindow@19 (line 817)
                      ; - com.formdev.flatlaf.ui.FlatTitlePane::updateNativeTitleBarHeightAndHitTestSpots@512 (line 797)
  0x0000028fe1053ce4: 78d5 2dff 

  0x0000028fe1053ce8: ;   {post_call_nop}
  0x0000028fe1053ce8: 0f1f 8400 | 6012 0039 | baf6 ffff 

  0x0000028fe1053cf4: ;   {runtime_call UncommonTrapBlob}
  0x0000028fe1053cf4: ff66 90e8 

  0x0000028fe1053cf8: ; ImmutableOopMap {}
                      ;*getfield x {reexecute=1 rethrow=0 return_oop=0}
                      ; - (reexecute) javax.swing.SwingUtilities::convertRectangle@28 (line 242)
                      ; - com.formdev.flatlaf.ui.FlatTitlePane::boundsInWindow@19 (line 817)
                      ; - com.formdev.flatlaf.ui.FlatTitlePane::updateNativeTitleBarHeightAndHitTestSpots@539 (line 798)
  0x0000028fe1053cf8: 64d5 2dff 

  0x0000028fe1053cfc: ;   {post_call_nop}
  0x0000028fe1053cfc: 0f1f 8400 | 7412 003a | baf6 ffff 

  0x0000028fe1053d08: ;   {runtime_call UncommonTrapBlob}
  0x0000028fe1053d08: ff66 90e8 

  0x0000028fe1053d0c: ; ImmutableOopMap {}
                      ;*getfield x {reexecute=1 rethrow=0 return_oop=0}
                      ; - (reexecute) javax.swing.SwingUtilities::convertRectangle@28 (line 242)
                      ; - com.formdev.flatlaf.ui.FlatTitlePane::boundsInWindow@19 (line 817)
                      ; - com.formdev.flatlaf.ui.FlatTitlePane::updateNativeTitleBarHeightAndHitTestSpots@549 (line 799)
  0x0000028fe1053d0c: 50d5 2dff 

  0x0000028fe1053d10: ;   {post_call_nop}
  0x0000028fe1053d10: 0f1f 8400 | 8812 003b | ba45 ffff | ff48 8b6c | 2450 4489 | 5c24 2044 | 894c 2424 

  0x0000028fe1053d2c: ;   {runtime_call UncommonTrapBlob}
  0x0000028fe1053d2c: 6666 90e8 

  0x0000028fe1053d30: ; ImmutableOopMap {rbp=Oop [32]=NarrowOop [36]=NarrowOop }
                      ;*ifnull {reexecute=1 rethrow=0 return_oop=0}
                      ; - (reexecute) com.formdev.flatlaf.ui.FlatNativeWindowBorder::initialize@3 (line 261)
                      ; - com.formdev.flatlaf.ui.FlatNativeWindowBorder::isSupported@10 (line 68)
                      ; - com.formdev.flatlaf.ui.FlatNativeWindowBorder::hasCustomDecoration@11 (line 219)
                      ; - com.formdev.flatlaf.ui.FlatTitlePane::hasNativeCustomDecoration@11 (line 702)
                      ; - com.formdev.flatlaf.ui.FlatTitlePane::updateNativeTitleBarHeightAndHitTestSpots@9 (line 721)
  0x0000028fe1053d30: 2cd5 2dff 

  0x0000028fe1053d34: ;   {post_call_nop}
  0x0000028fe1053d34: 0f1f 8400 | ac12 003c | 488b e8eb | 0348 8be8 | ba95 ffff 

  0x0000028fe1053d48: ;   {runtime_call UncommonTrapBlob}
  0x0000028fe1053d48: ff66 90e8 

  0x0000028fe1053d4c: ; ImmutableOopMap {rbp=Oop [32]=Oop [44]=NarrowOop }
                      ;*astore_3 {reexecute=0 rethrow=0 return_oop=0}
                      ; - java.util.Collections$SynchronizedMap::containsKey@20 (line 2983)
                      ; - com.formdev.flatlaf.ui.FlatWindowsNativeWindowBorder::hasCustomDecoration@5 (line 154)
                      ; - com.formdev.flatlaf.ui.FlatNativeWindowBorder::hasCustomDecoration@23 (line 222)
                      ; - com.formdev.flatlaf.ui.FlatTitlePane::hasNativeCustomDecoration@11 (line 702)
                      ; - com.formdev.flatlaf.ui.FlatTitlePane::updateNativeTitleBarHeightAndHitTestSpots@9 (line 721)
  0x0000028fe1053d4c: 10d5 2dff 

  0x0000028fe1053d50: ;   {post_call_nop}
  0x0000028fe1053d50: 0f1f 8400 | c812 003d | 488b d0eb | 4d48 8bd0 | eb48 488b | d0eb 4348 | 8bd0 eb3e | 488b d0eb 
  0x0000028fe1053d70: 3948 8bd0 | eb34 eb2f | eb2d 488b | d0eb 2b48 | 8bd0 eb26 | 488b d0eb | 2148 8bd0 | eb1c 488b 
  0x0000028fe1053d90: d0eb 1748 | 8bd0 eb12 | 488b d0eb | 0d48 8bd0 | eb08 488b | d0eb 0348 | 8bd0 4883 

  0x0000028fe1053dac: ;   {runtime_call C2 Runtime rethrow}
  0x0000028fe1053dac: c470 5de9 | 2c8d 2eff | 458b 1849 | c1e3 0349 | 83fb 000f | 8406 f2ff | ff4d 8b57 | 384d 85d2 
  0x0000028fe1053dcc: 0f84 1400 | 0000 4983 | ea08 4d89 | 5738 4d03 | 5740 4d89 | 1ae9 e5f1 | ffff 4883 | ec30 4c89 
  0x0000028fe1053dec: 4424 284c | 894c 2420 | 498b cb49 

  0x0000028fe1053df8: ;   {runtime_call}
  0x0000028fe1053df8: 8bd7 48b8 | 2076 d073 | ff7f 0000 | ffd0 4c8b | 4c24 204c | 8b44 2428 | c5f8 7748 | 83c4 30e9 
  0x0000028fe1053e18: aff1 ffff | f083 4424 | c000 4180 | 3a00 0f84 | d7f1 ffff | 41c6 0200 | 4d8b 5f50 | 4d85 db0f 
  0x0000028fe1053e38: 8414 0000 | 0049 83eb | 084d 895f | 504d 035f | 584d 8913 | e9b2 f1ff | ff48 83ec | 2049 8bca 
  0x0000028fe1053e58: ;   {runtime_call}
  0x0000028fe1053e58: 498b d748 | b800 76d0 | 73ff 7f00 | 00ff d0c5 | f877 4883 | c420 e990 

  0x0000028fe1053e70: ;   {internal_word}
  0x0000028fe1053e70: f1ff ff49 | ba35 3505 | e18f 0200 | 004d 8997 | e004 0000 

  0x0000028fe1053e84: ;   {runtime_call SafepointBlob}
  0x0000028fe1053e84: e9d7 d020 | ff41 8387 | d806 0000 | 08e9 16ef 

  0x0000028fe1053e94: ;   {runtime_call Stub::method_entry_barrier}
  0x0000028fe1053e94: ffff e8a5 | 031f ffe9 | 0aed ffff 
[Stub Code]
  0x0000028fe1053ea0: ;   {static_stub}
  0x0000028fe1053ea0: 48bb 0000 | 0000 0000 

  0x0000028fe1053ea8: ;   {runtime_call nmethod}
  0x0000028fe1053ea8: 0000 e9fb 

  0x0000028fe1053eac: ;   {static_stub}
  0x0000028fe1053eac: ffff ff48 | bb00 0000 | 0000 0000 

  0x0000028fe1053eb8: ;   {runtime_call nmethod}
  0x0000028fe1053eb8: 00e9 fbff 

  0x0000028fe1053ebc: ;   {static_stub}
  0x0000028fe1053ebc: ffff 48bb | 0000 0000 | 0000 0000 

  0x0000028fe1053ec8: ;   {runtime_call nmethod}
  0x0000028fe1053ec8: e9fb ffff 

  0x0000028fe1053ecc: ;   {static_stub}
  0x0000028fe1053ecc: ff48 bb00 | 0000 0000 

  0x0000028fe1053ed4: ;   {runtime_call nmethod}
  0x0000028fe1053ed4: 0000 00e9 | fbff ffff 

  0x0000028fe1053edc: ;   {static_stub}
  0x0000028fe1053edc: 48bb 0000 | 0000 0000 

  0x0000028fe1053ee4: ;   {runtime_call nmethod}
  0x0000028fe1053ee4: 0000 e9fb 

  0x0000028fe1053ee8: ;   {runtime_call ExceptionBlob}
  0x0000028fe1053ee8: ffff ffe9 | 70d6 2dff 
[Deopt Handler Code]
  0x0000028fe1053ef0: e800 0000 | 0048 832c 

  0x0000028fe1053ef8: ;   {runtime_call DeoptimizationBlob}
  0x0000028fe1053ef8: 2405 e961 | d320 fff4 
[/MachCode]


---------------  P R O C E S S  ---------------

Threads class SMR info:
_java_thread_list=0x0000028ffdcce8e0, length=17, elements={
0x0000028ff26bf8a0, 0x0000028ff26c01b0, 0x0000028ff26c1ad0, 0x0000028ff26c2690,
0x0000028ff26c3250, 0x0000028ff26c3e10, 0x0000028ff26c4d00, 0x0000028ff26c5910,
0x0000028ff5546090, 0x0000028ff555bdb0, 0x0000028ffa3bc4a0, 0x0000028ffa3bfd80,
0x0000028ffa0b1dd0, 0x0000028ffdceb900, 0x0000028fce1c9e80, 0x0000028ffaa261b0,
0x0000028ff558a670
}

Java Threads: ( => current thread )
  0x0000028ff26bf8a0 JavaThread "Reference Handler"          daemon [_thread_blocked, id=12272, stack(0x000000b3a1000000,0x000000b3a1100000) (1024K)]
  0x0000028ff26c01b0 JavaThread "Finalizer"                  daemon [_thread_blocked, id=17740, stack(0x000000b3a1100000,0x000000b3a1200000) (1024K)]
  0x0000028ff26c1ad0 JavaThread "Signal Dispatcher"          daemon [_thread_blocked, id=1832, stack(0x000000b3a1200000,0x000000b3a1300000) (1024K)]
  0x0000028ff26c2690 JavaThread "Attach Listener"            daemon [_thread_blocked, id=26548, stack(0x000000b3a1300000,0x000000b3a1400000) (1024K)]
  0x0000028ff26c3250 JavaThread "Service Thread"             daemon [_thread_blocked, id=4224, stack(0x000000b3a1400000,0x000000b3a1500000) (1024K)]
  0x0000028ff26c3e10 JavaThread "Monitor Deflation Thread"   daemon [_thread_blocked, id=42320, stack(0x000000b3a1500000,0x000000b3a1600000) (1024K)]
  0x0000028ff26c4d00 JavaThread "C2 CompilerThread0"         daemon [_thread_blocked, id=1076, stack(0x000000b3a1600000,0x000000b3a1700000) (1024K)]
  0x0000028ff26c5910 JavaThread "C1 CompilerThread0"         daemon [_thread_blocked, id=7420, stack(0x000000b3a1700000,0x000000b3a1800000) (1024K)]
  0x0000028ff5546090 JavaThread "Notification Thread"        daemon [_thread_blocked, id=37708, stack(0x000000b3a1800000,0x000000b3a1900000) (1024K)]
  0x0000028ff555bdb0 JavaThread "Common-Cleaner"             daemon [_thread_blocked, id=40348, stack(0x000000b3a1900000,0x000000b3a1a00000) (1024K)]
  0x0000028ffa3bc4a0 JavaThread "Java2D Disposer"            daemon [_thread_blocked, id=40524, stack(0x000000b3a1d00000,0x000000b3a1e00000) (1024K)]
  0x0000028ffa3bfd80 JavaThread "AWT-Shutdown"                      [_thread_blocked, id=12784, stack(0x000000b3a1e00000,0x000000b3a1f00000) (1024K)]
  0x0000028ffa0b1dd0 JavaThread "AWT-Windows"                daemon [_thread_in_native, id=22456, stack(0x000000b3a1f00000,0x000000b3a2000000) (1024K)]
=>0x0000028ffdceb900 JavaThread "AWT-EventQueue-0"                  [_thread_in_native, id=46612, stack(0x000000b3a2200000,0x000000b3a2300000) (1024K)]
  0x0000028fce1c9e80 JavaThread "DestroyJavaVM"                     [_thread_blocked, id=46396, stack(0x000000b3a0800000,0x000000b3a0900000) (1024K)]
  0x0000028ffaa261b0 JavaThread "TimerQueue"                 daemon [_thread_blocked, id=36996, stack(0x000000b3a2800000,0x000000b3a2900000) (1024K)]
  0x0000028ff558a670 JavaThread "Thread-3"                          [_thread_in_native, id=19444, stack(0x000000b3a0700000,0x000000b3a0800000) (1024K)]
Total: 17

Other Threads:
  0x0000028ff26aad60 VMThread "VM Thread"                           [id=7212, stack(0x000000b3a0f00000,0x000000b3a1000000) (1024K)]
  0x0000028ff25746e0 WatcherThread "VM Periodic Task Thread"        [id=23964, stack(0x000000b3a0e00000,0x000000b3a0f00000) (1024K)]
  0x0000028fd05f14f0 WorkerThread "GC Thread#0"                     [id=27560, stack(0x000000b3a0900000,0x000000b3a0a00000) (1024K)]
  0x0000028ffe5cb2f0 WorkerThread "GC Thread#1"                     [id=32576, stack(0x000000b3a2900000,0x000000b3a2a00000) (1024K)]
  0x0000028ffe5cbb90 WorkerThread "GC Thread#2"                     [id=47016, stack(0x000000b3a2a00000,0x000000b3a2b00000) (1024K)]
  0x0000028ffe5ca600 WorkerThread "GC Thread#3"                     [id=14820, stack(0x000000b3a2b00000,0x000000b3a2c00000) (1024K)]
  0x0000028ffe5cbfe0 WorkerThread "GC Thread#4"                     [id=22216, stack(0x000000b3a2c00000,0x000000b3a2d00000) (1024K)]
  0x0000028ffe5cc430 WorkerThread "GC Thread#5"                     [id=42152, stack(0x000000b3a2d00000,0x000000b3a2e00000) (1024K)]
  0x0000028ffe5caa50 WorkerThread "GC Thread#6"                     [id=4432, stack(0x000000b3a2e00000,0x000000b3a2f00000) (1024K)]
  0x0000028ffe5caea0 WorkerThread "GC Thread#7"                     [id=27672, stack(0x000000b3a2f00000,0x000000b3a3000000) (1024K)]
  0x0000028ffe059c90 WorkerThread "GC Thread#8"                     [id=2496, stack(0x000000b3a3000000,0x000000b3a3100000) (1024K)]
  0x0000028ffe05c360 WorkerThread "GC Thread#9"                     [id=26036, stack(0x000000b3a3100000,0x000000b3a3200000) (1024K)]
  0x0000028ffe05a0e0 WorkerThread "GC Thread#10"                    [id=45460, stack(0x000000b3a3200000,0x000000b3a3300000) (1024K)]
  0x0000028ffe05b220 WorkerThread "GC Thread#11"                    [id=13572, stack(0x000000b3a3300000,0x000000b3a3400000) (1024K)]
  0x0000028ff24efe40 ConcurrentGCThread "G1 Main Marker"            [id=38044, stack(0x000000b3a0a00000,0x000000b3a0b00000) (1024K)]
  0x0000028ff24f09e0 WorkerThread "G1 Conc#0"                       [id=28416, stack(0x000000b3a0b00000,0x000000b3a0c00000) (1024K)]
  0x0000028ffe05c7b0 WorkerThread "G1 Conc#1"                       [id=32448, stack(0x000000b3a2100000,0x000000b3a2200000) (1024K)]
  0x0000028ffe060410 WorkerThread "G1 Conc#2"                       [id=44336, stack(0x000000b3a2700000,0x000000b3a2800000) (1024K)]
  0x0000028ff255dbf0 ConcurrentGCThread "G1 Refine#0"               [id=10028, stack(0x000000b3a0c00000,0x000000b3a0d00000) (1024K)]
  0x0000028ff255e800 ConcurrentGCThread "G1 Service"                [id=34448, stack(0x000000b3a0d00000,0x000000b3a0e00000) (1024K)]
Total: 20

Threads with active compile tasks:
Total: 0

VM state: not at safepoint (normal execution)

VM Mutex/Monitor currently owned by a thread: None

Heap address: 0x0000000604c00000, size: 8116 MB, Compressed Oops mode: Zero based, Oop shift amount: 3

CDS archive(s) mapped at: [0x0000000038000000-0x0000000038dd0000-0x0000000038dd0000), size 14483456, SharedBaseAddress: 0x0000000038000000, ArchiveRelocationMode: 1.
Compressed class space mapped at: 0x0000000039000000-0x0000000079000000, reserved size: 1073741824
UseCompressedClassPointers 1, UseCompactObjectHeaders 0
Narrow klass pointer bits 32, Max shift 3
Narrow klass base: 0x0000000038000000, Narrow klass shift: 0
Encoding Range: [0x0000000038000000 - 0x0000000138000000), (4294967296 bytes)
Klass Range:    [0x0000000038010000 - 0x0000000079000000), (1090453504 bytes)
Klass ID Range:  [65536 - 1090519033) (1090453497)
Protection zone: [0x0000000038000000 - 0x0000000038010000), (65536 bytes)

GC Precious Log:
 CardTable entry size: 512
 Card Set container configuration: InlinePtr #cards 4 size 8 Array Of Cards #cards 32 size 80 Howl #buckets 8 coarsen threshold 7372 Howl Bitmap #cards 1024 size 144 coarsen threshold 921 Card regions per heap region 1 cards per card region 8192
 CPUs: 16 total, 16 available
 Memory: 32452M
 Large Page Support: Disabled
 NUMA Support: Disabled
 Compressed Oops: Enabled (Zero based)
 Heap Region Size: 4M
 Heap Min Capacity: 8M
 Heap Initial Capacity: 508M
 Heap Max Capacity: 8116M
 Pre-touch: Disabled
 Parallel Workers: 13
 Concurrent Workers: 3
 Concurrent Refinement Workers: 13
 Periodic GC: Disabled

Heap:
 garbage-first heap   total reserved 8310784K, committed 258048K, used 105749K [0x0000000604c00000, 0x0000000800000000)
  region size 4096K, 6 young (24576K), 3 survivors (12288K)

Heap Regions: E=young(eden), S=young(survivor), O=old, HS=humongous(starts), HC=humongous(continues), CS=collection set, F=free, TAMS=top-at-mark-start, PB=parsable bottom
|   0|0x0000000604c00000, 0x0000000605000000, 0x0000000605000000|100%|HS|  |TAMS 0x0000000604c00000| PB 0x0000000604c00000| Complete |  0
|   1|0x0000000605000000, 0x0000000605400000, 0x0000000605400000|100%|HC|  |TAMS 0x0000000605000000| PB 0x0000000605000000| Complete |  0
|   2|0x0000000605400000, 0x0000000605800000, 0x0000000605800000|100%|HC|  |TAMS 0x0000000605400000| PB 0x0000000605400000| Complete |  0
|   3|0x0000000605800000, 0x0000000605c00000, 0x0000000605c00000|100%| O|  |TAMS 0x0000000605800000| PB 0x0000000605800000| Untracked |  0
|   4|0x0000000605c00000, 0x0000000606000000, 0x0000000606000000|100%| O|  |TAMS 0x0000000605c00000| PB 0x0000000605c00000| Untracked |  0
|   5|0x0000000606000000, 0x0000000606400000, 0x0000000606400000|100%|HS|  |TAMS 0x0000000606000000| PB 0x0000000606000000| Complete |  0
|   6|0x0000000606400000, 0x0000000606800000, 0x0000000606800000|100%|HC|  |TAMS 0x0000000606400000| PB 0x0000000606400000| Complete |  0
|   7|0x0000000606800000, 0x0000000606c00000, 0x0000000606c00000|100%|HC|  |TAMS 0x0000000606800000| PB 0x0000000606800000| Complete |  0
|   8|0x0000000606c00000, 0x0000000607000000, 0x0000000607000000|100%|HS|  |TAMS 0x0000000606c00000| PB 0x0000000606c00000| Complete |  0
|   9|0x0000000607000000, 0x0000000607400000, 0x0000000607400000|100%|HC|  |TAMS 0x0000000607000000| PB 0x0000000607000000| Complete |  0
|  10|0x0000000607400000, 0x0000000607800000, 0x0000000607800000|100%| O|  |TAMS 0x0000000607400000| PB 0x0000000607400000| Untracked |  0
|  11|0x0000000607800000, 0x0000000607c00000, 0x0000000607c00000|100%| O|  |TAMS 0x0000000607800000| PB 0x0000000607800000| Untracked |  0
|  12|0x0000000607c00000, 0x0000000608000000, 0x0000000608000000|100%|HS|  |TAMS 0x0000000607c00000| PB 0x0000000607c00000| Complete |  0
|  13|0x0000000608000000, 0x0000000608400000, 0x0000000608400000|100%|HC|  |TAMS 0x0000000608000000| PB 0x0000000608000000| Complete |  0
|  14|0x0000000608400000, 0x0000000608800000, 0x0000000608800000|100%| O|  |TAMS 0x0000000608400000| PB 0x0000000608400000| Untracked |  0
|  15|0x0000000608800000, 0x0000000608c00000, 0x0000000608c00000|100%| O|  |TAMS 0x0000000608800000| PB 0x0000000608800000| Untracked |  0
|  16|0x0000000608c00000, 0x0000000608d52a00, 0x0000000609000000| 33%| O|  |TAMS 0x0000000608c00000| PB 0x0000000608c00000| Untracked |  0
|  17|0x0000000609000000, 0x0000000609000000, 0x0000000609400000|  0%| F|  |TAMS 0x0000000609000000| PB 0x0000000609000000| Untracked |  0
|  18|0x0000000609400000, 0x0000000609400000, 0x0000000609800000|  0%| F|  |TAMS 0x0000000609400000| PB 0x0000000609400000| Untracked |  0
|  19|0x0000000609800000, 0x0000000609800000, 0x0000000609c00000|  0%| F|  |TAMS 0x0000000609800000| PB 0x0000000609800000| Untracked |  0
|  20|0x0000000609c00000, 0x0000000609c00000, 0x000000060a000000|  0%| F|  |TAMS 0x0000000609c00000| PB 0x0000000609c00000| Untracked |  0
|  21|0x000000060a000000, 0x000000060a400000, 0x000000060a400000|100%| O|  |TAMS 0x000000060a000000| PB 0x000000060a000000| Untracked |  0
|  22|0x000000060a400000, 0x000000060a400000, 0x000000060a800000|  0%| F|  |TAMS 0x000000060a400000| PB 0x000000060a400000| Untracked |  0
|  23|0x000000060a800000, 0x000000060a800000, 0x000000060ac00000|  0%| F|  |TAMS 0x000000060a800000| PB 0x000000060a800000| Untracked |  0
|  24|0x000000060ac00000, 0x000000060ac00000, 0x000000060b000000|  0%| F|  |TAMS 0x000000060ac00000| PB 0x000000060ac00000| Untracked |  0
|  25|0x000000060b000000, 0x000000060b000000, 0x000000060b400000|  0%| F|  |TAMS 0x000000060b000000| PB 0x000000060b000000| Untracked |  0
|  26|0x000000060b400000, 0x000000060b800000, 0x000000060b800000|100%| O|  |TAMS 0x000000060b400000| PB 0x000000060b400000| Untracked |  0
|  27|0x000000060b800000, 0x000000060bc00000, 0x000000060bc00000|100%| O|  |TAMS 0x000000060b800000| PB 0x000000060b800000| Untracked |  0
|  28|0x000000060bc00000, 0x000000060c000000, 0x000000060c000000|100%| O|  |TAMS 0x000000060bc00000| PB 0x000000060bc00000| Untracked |  0
|  29|0x000000060c000000, 0x000000060c400000, 0x000000060c400000|100%| O|  |TAMS 0x000000060c000000| PB 0x000000060c000000| Untracked |  0
|  30|0x000000060c400000, 0x000000060c400000, 0x000000060c800000|  0%| F|  |TAMS 0x000000060c400000| PB 0x000000060c400000| Untracked |  0
|  31|0x000000060c800000, 0x000000060c800000, 0x000000060cc00000|  0%| F|  |TAMS 0x000000060c800000| PB 0x000000060c800000| Untracked |  0
|  32|0x000000060cc00000, 0x000000060cdf2c00, 0x000000060d000000| 48%| S|CS|TAMS 0x000000060cc00000| PB 0x000000060cc00000| Complete |  0
|  33|0x000000060d000000, 0x000000060d400000, 0x000000060d400000|100%| S|CS|TAMS 0x000000060d000000| PB 0x000000060d000000| Complete |  0
|  34|0x000000060d400000, 0x000000060d800000, 0x000000060d800000|100%| S|CS|TAMS 0x000000060d400000| PB 0x000000060d400000| Complete |  0
|  35|0x000000060d800000, 0x000000060d800000, 0x000000060dc00000|  0%| F|  |TAMS 0x000000060d800000| PB 0x000000060d800000| Untracked |  0
|  36|0x000000060dc00000, 0x000000060dc00000, 0x000000060e000000|  0%| F|  |TAMS 0x000000060dc00000| PB 0x000000060dc00000| Untracked |  0
|  37|0x000000060e000000, 0x000000060e000000, 0x000000060e400000|  0%| F|  |TAMS 0x000000060e000000| PB 0x000000060e000000| Untracked |  0
|  38|0x000000060e400000, 0x000000060e400000, 0x000000060e800000|  0%| F|  |TAMS 0x000000060e400000| PB 0x000000060e400000| Untracked |  0
|  39|0x000000060e800000, 0x000000060e800000, 0x000000060ec00000|  0%| F|  |TAMS 0x000000060e800000| PB 0x000000060e800000| Untracked |  0
|  40|0x000000060ec00000, 0x000000060ec00000, 0x000000060f000000|  0%| F|  |TAMS 0x000000060ec00000| PB 0x000000060ec00000| Untracked |  0
|  41|0x000000060f000000, 0x000000060f000000, 0x000000060f400000|  0%| F|  |TAMS 0x000000060f000000| PB 0x000000060f000000| Untracked |  0
|  42|0x000000060f400000, 0x000000060f400000, 0x000000060f800000|  0%| F|  |TAMS 0x000000060f400000| PB 0x000000060f400000| Untracked |  0
|  43|0x000000060f800000, 0x000000060f800000, 0x000000060fc00000|  0%| F|  |TAMS 0x000000060f800000| PB 0x000000060f800000| Untracked |  0
|  44|0x000000060fc00000, 0x000000060fc00000, 0x0000000610000000|  0%| F|  |TAMS 0x000000060fc00000| PB 0x000000060fc00000| Untracked |  0
|  45|0x0000000610000000, 0x0000000610000000, 0x0000000610400000|  0%| F|  |TAMS 0x0000000610000000| PB 0x0000000610000000| Untracked |  0
|  46|0x0000000610400000, 0x0000000610400000, 0x0000000610800000|  0%| F|  |TAMS 0x0000000610400000| PB 0x0000000610400000| Untracked |  0
|  47|0x0000000610800000, 0x0000000610800000, 0x0000000610c00000|  0%| F|  |TAMS 0x0000000610800000| PB 0x0000000610800000| Untracked |  0
|  48|0x0000000610c00000, 0x0000000610c00000, 0x0000000611000000|  0%| F|  |TAMS 0x0000000610c00000| PB 0x0000000610c00000| Untracked |  0
|  49|0x0000000611000000, 0x0000000611000000, 0x0000000611400000|  0%| F|  |TAMS 0x0000000611000000| PB 0x0000000611000000| Untracked |  0
|  50|0x0000000611400000, 0x0000000611400000, 0x0000000611800000|  0%| F|  |TAMS 0x0000000611400000| PB 0x0000000611400000| Untracked |  0
|  51|0x0000000611800000, 0x0000000611800000, 0x0000000611c00000|  0%| F|  |TAMS 0x0000000611800000| PB 0x0000000611800000| Untracked |  0
|  52|0x0000000611c00000, 0x0000000611c00000, 0x0000000612000000|  0%| F|  |TAMS 0x0000000611c00000| PB 0x0000000611c00000| Untracked |  0
|  53|0x0000000612000000, 0x0000000612000000, 0x0000000612400000|  0%| F|  |TAMS 0x0000000612000000| PB 0x0000000612000000| Untracked |  0
|  54|0x0000000612400000, 0x0000000612400000, 0x0000000612800000|  0%| F|  |TAMS 0x0000000612400000| PB 0x0000000612400000| Untracked |  0
|  55|0x0000000612800000, 0x0000000612800000, 0x0000000612c00000|  0%| F|  |TAMS 0x0000000612800000| PB 0x0000000612800000| Untracked |  0
|  56|0x0000000612c00000, 0x0000000612c00000, 0x0000000613000000|  0%| F|  |TAMS 0x0000000612c00000| PB 0x0000000612c00000| Untracked |  0
|  57|0x0000000613000000, 0x0000000613000000, 0x0000000613400000|  0%| F|  |TAMS 0x0000000613000000| PB 0x0000000613000000| Untracked |  0
| 119|0x0000000622800000, 0x0000000622800000, 0x0000000622c00000|  0%| F|  |TAMS 0x0000000622800000| PB 0x0000000622800000| Untracked |  0
| 120|0x0000000622c00000, 0x0000000622c00000, 0x0000000623000000|  0%| F|  |TAMS 0x0000000622c00000| PB 0x0000000622c00000| Untracked |  0
| 121|0x0000000623000000, 0x0000000623400000, 0x0000000623400000|100%| E|  |TAMS 0x0000000623000000| PB 0x0000000623000000| Complete |  0
| 126|0x0000000624400000, 0x0000000624800000, 0x0000000624800000|100%| E|CS|TAMS 0x0000000624400000| PB 0x0000000624400000| Complete |  0
|2028|0x00000007ffc00000, 0x0000000800000000, 0x0000000800000000|100%| E|CS|TAMS 0x00000007ffc00000| PB 0x00000007ffc00000| Complete |  0

Card table byte_map: [0x0000028fe9630000,0x0000028fea610000] _byte_map_base: 0x0000028fe660a000

Marking Bits: (CMBitMap*) 0x0000028fd05f3090
 Bits: [0x0000028fea610000, 0x0000028ff24e0000)

Polling page: 0x0000028fce3f0000

Metaspace:
Metaspace        used 23358K, committed 23872K, reserved 1114112K
 class space     used 2064K, committed 2304K, reserved 1048576K

Usage:
  Non-class:     20.79 MB used.
      Class:      2.02 MB used.
       Both:     22.81 MB used.

Virtual space:
  Non-class space:       64.00 MB reserved,      21.06 MB ( 33%) committed,  1 nodes.
      Class space:        1.00 GB reserved,       2.25 MB ( <1%) committed,  1 nodes.
             Both:        1.06 GB reserved,      23.31 MB (  2%) committed. 

Chunk freelists:
   Non-Class:  10.70 MB
       Class:  13.72 MB
        Both:  24.42 MB

MaxMetaspaceSize: unlimited
CompressedClassSpaceSize: 1.00 GB
Initial GC threshold: 21.00 MB
Current GC threshold: 38.69 MB
CDS: on
 - commit_granule_bytes: 65536.
 - commit_granule_words: 8192.
 - virtual_space_node_default_size: 8388608.
 - enlarge_chunks_in_place: 1.
UseCompressedClassPointers 1, UseCompactObjectHeaders 0
Narrow klass pointer bits 32, Max shift 3
Narrow klass base: 0x0000000038000000, Narrow klass shift: 0
Encoding Range: [0x0000000038000000 - 0x0000000138000000), (4294967296 bytes)
Klass Range:    [0x0000000038010000 - 0x0000000079000000), (1090453504 bytes)
Klass ID Range:  [65536 - 1090519033) (1090453497)
Protection zone: [0x0000000038000000 - 0x0000000038010000), (65536 bytes)


Internal statistics:

num_allocs_failed_limit: 5.
num_arena_births: 580.
num_arena_deaths: 0.
num_vsnodes_births: 2.
num_vsnodes_deaths: 0.
num_space_committed: 373.
num_space_uncommitted: 0.
num_chunks_returned_to_freelist: 5.
num_chunks_taken_from_freelist: 867.
num_chunk_merges: 0.
num_chunk_splits: 596.
num_chunks_enlarged: 398.
num_inconsistent_stats: 0.

CodeHeap 'non-profiled nmethods': size=119232Kb used=5697Kb max_used=7543Kb free=113534Kb
 bounds [0x0000028fe0950000, 0x0000028fe10b0000, 0x0000028fe7dc0000]
CodeHeap 'profiled nmethods': size=119104Kb used=8440Kb max_used=13862Kb free=110663Kb
 bounds [0x0000028fd8dc0000, 0x0000028fd9b50000, 0x0000028fe0210000]
CodeHeap 'non-nmethods': size=7424Kb used=1812Kb max_used=3641Kb free=5611Kb
 bounds [0x0000028fe0210000, 0x0000028fe05b0000, 0x0000028fe0950000]
CodeCache: size=245760Kb, used=15949Kb, max_used=25046Kb, free=229808Kb
 total_blobs=7844, nmethods=6899, adapters=835, full_count=0
Compilation: enabled, stopped_count=0, restarted_count=0

Compilation events (20 events):
Event: 3645.599 Thread 0x0000028ff26c4d00 9152 %     4       java.awt.GridBagLayout::ArrangeGrid @ 700 (1017 bytes)
Event: 3645.648 Thread 0x0000028ff26c4d00 nmethod 9152% 0x0000028fe0dc9488 code [0x0000028fe0dc9580, 0x0000028fe0dcb948]
Event: 3645.744 Thread 0x0000028ffa024320 9153 %     4       java.awt.GridBagLayout::ArrangeGrid @ 747 (1017 bytes)
Event: 3645.794 Thread 0x0000028ffa024320 nmethod 9153% 0x0000028fe0d71208 code [0x0000028fe0d71300, 0x0000028fe0d73738]
Event: 3645.900 Thread 0x0000028ffa024320 9154       4       java.awt.GridBagLayout::ArrangeGrid (1017 bytes)
Event: 3646.016 Thread 0x0000028ffa024320 nmethod 9154 0x0000028fe0cecb88 code [0x0000028fe0cecca0, 0x0000028fe0cf0c18]
Event: 3646.077 Thread 0x0000028ffa024320 9155       4       jdk.internal.util.DecimalDigits::uncheckedGetCharsLatin1 (105 bytes)
Event: 3646.080 Thread 0x0000028ffa024320 nmethod 9155 0x0000028fe0f1f608 code [0x0000028fe0f1f700, 0x0000028fe0f1f8b0]
Event: 3646.577 Thread 0x0000028ffa024320 9156       4       javax.swing.text.PlainView::updateMetrics (121 bytes)
Event: 3646.587 Thread 0x0000028ffa024320 nmethod 9156 0x0000028fe0f1f008 code [0x0000028fe0f1f100, 0x0000028fe0f1f588]
Event: 3647.491 Thread 0x0000028ff26c4d00 9157       4       javax.swing.text.PlainView::updateDamage (354 bytes)
Event: 3648.336 Thread 0x0000028ff26c4d00 nmethod 9157 0x0000028fe0b97108 code [0x0000028fe0b97200, 0x0000028fe0b9ab90]
Event: 3649.150 Thread 0x0000028ff26c5910 9158   !   3       java.io.PrintStream::writeln (81 bytes)
Event: 3649.152 Thread 0x0000028ff26c5910 nmethod 9158 0x0000028fd8ff3a08 code [0x0000028fd8ff3b00, 0x0000028fd8ff4af0]
Event: 3650.109 Thread 0x0000028ff26c5910 9159       3       sun.font.FileFontStrike::getCodePointAdvance (13 bytes)
Event: 3650.109 Thread 0x0000028ff26c5910 nmethod 9159 0x0000028fd8fea888 code [0x0000028fd8fea980, 0x0000028fd8feac10]
Event: 3650.109 Thread 0x0000028ff26c5910 9160       3       sun.font.TrueTypeGlyphMapper::charToGlyph (9 bytes)
Event: 3650.109 Thread 0x0000028ff26c5910 nmethod 9160 0x0000028fd924ca08 code [0x0000028fd924cb00, 0x0000028fd924cc38]
Event: 3650.144 Thread 0x0000028ff26c5910 9161       3       javax.swing.JScrollPane::getUI (8 bytes)
Event: 3650.144 Thread 0x0000028ff26c5910 nmethod 9161 0x0000028fd924f388 code [0x0000028fd924f480, 0x0000028fd924f660]

GC Heap Usage History (20 events):
Event: 3633.578 {heap Before GC invocations=2496 (full 0):
 garbage-first heap   total reserved 8310784K, committed 258048K, used 210739K [0x0000000604c00000, 0x0000000800000000)
  region size 4096K, 35 young (143360K), 3 survivors (12288K)
}
Event: 3633.584 {heap After GC invocations=2497 (full 0):
 garbage-first heap   total reserved 8310784K, committed 258048K, used 86718K [0x0000000604c00000, 0x0000000800000000)
  region size 4096K, 5 young (20480K), 5 survivors (20480K)
}
Event: 3634.610 {heap Before GC invocations=2497 (full 0):
 garbage-first heap   total reserved 8310784K, committed 258048K, used 205502K [0x0000000604c00000, 0x0000000800000000)
  region size 4096K, 34 young (139264K), 5 survivors (20480K)
}
Event: 3634.614 {heap After GC invocations=2498 (full 0):
 garbage-first heap   total reserved 8310784K, committed 258048K, used 79885K [0x0000000604c00000, 0x0000000800000000)
  region size 4096K, 3 young (12288K), 3 survivors (12288K)
}
Event: 3636.292 {heap Before GC invocations=2498 (full 0):
 garbage-first heap   total reserved 8310784K, committed 258048K, used 206861K [0x0000000604c00000, 0x0000000800000000)
  region size 4096K, 34 young (139264K), 3 survivors (12288K)
}
Event: 3636.297 {heap After GC invocations=2499 (full 0):
 garbage-first heap   total reserved 8310784K, committed 258048K, used 79653K [0x0000000604c00000, 0x0000000800000000)
  region size 4096K, 3 young (12288K), 3 survivors (12288K)
}
Event: 3637.595 {heap Before GC invocations=2499 (full 0):
 garbage-first heap   total reserved 8310784K, committed 258048K, used 206629K [0x0000000604c00000, 0x0000000800000000)
  region size 4096K, 34 young (139264K), 3 survivors (12288K)
}
Event: 3637.599 {heap After GC invocations=2500 (full 0):
 garbage-first heap   total reserved 8310784K, committed 258048K, used 77813K [0x0000000604c00000, 0x0000000800000000)
  region size 4096K, 3 young (12288K), 3 survivors (12288K)
}
Event: 3638.906 {heap Before GC invocations=2500 (full 0):
 garbage-first heap   total reserved 8310784K, committed 258048K, used 208885K [0x0000000604c00000, 0x0000000800000000)
  region size 4096K, 35 young (143360K), 3 survivors (12288K)
}
Event: 3638.909 {heap After GC invocations=2501 (full 0):
 garbage-first heap   total reserved 8310784K, committed 258048K, used 79153K [0x0000000604c00000, 0x0000000800000000)
  region size 4096K, 3 young (12288K), 3 survivors (12288K)
}
Event: 3640.555 {heap Before GC invocations=2501 (full 0):
 garbage-first heap   total reserved 8310784K, committed 258048K, used 210225K [0x0000000604c00000, 0x0000000800000000)
  region size 4096K, 35 young (143360K), 3 survivors (12288K)
}
Event: 3640.558 {heap After GC invocations=2502 (full 0):
 garbage-first heap   total reserved 8310784K, committed 258048K, used 79732K [0x0000000604c00000, 0x0000000800000000)
  region size 4096K, 3 young (12288K), 3 survivors (12288K)
}
Event: 3641.616 {heap Before GC invocations=2502 (full 0):
 garbage-first heap   total reserved 8310784K, committed 258048K, used 210804K [0x0000000604c00000, 0x0000000800000000)
  region size 4096K, 35 young (143360K), 3 survivors (12288K)
}
Event: 3641.620 {heap After GC invocations=2503 (full 0):
 garbage-first heap   total reserved 8310784K, committed 258048K, used 78536K [0x0000000604c00000, 0x0000000800000000)
  region size 4096K, 3 young (12288K), 3 survivors (12288K)
}
Event: 3643.090 {heap Before GC invocations=2503 (full 0):
 garbage-first heap   total reserved 8310784K, committed 258048K, used 209608K [0x0000000604c00000, 0x0000000800000000)
  region size 4096K, 35 young (143360K), 3 survivors (12288K)
}
Event: 3643.096 {heap After GC invocations=2504 (full 0):
 garbage-first heap   total reserved 8310784K, committed 258048K, used 79695K [0x0000000604c00000, 0x0000000800000000)
  region size 4096K, 3 young (12288K), 3 survivors (12288K)
}
Event: 3644.637 {heap Before GC invocations=2504 (full 0):
 garbage-first heap   total reserved 8310784K, committed 258048K, used 210767K [0x0000000604c00000, 0x0000000800000000)
  region size 4096K, 35 young (143360K), 3 survivors (12288K)
}
Event: 3644.645 {heap After GC invocations=2505 (full 0):
 garbage-first heap   total reserved 8310784K, committed 258048K, used 78786K [0x0000000604c00000, 0x0000000800000000)
  region size 4096K, 3 young (12288K), 3 survivors (12288K)
}
Event: 3647.140 {heap Before GC invocations=2505 (full 0):
 garbage-first heap   total reserved 8310784K, committed 258048K, used 218050K [0x0000000604c00000, 0x0000000800000000)
  region size 4096K, 35 young (143360K), 3 survivors (12288K)
}
Event: 3647.171 {heap After GC invocations=2506 (full 0):
 garbage-first heap   total reserved 8310784K, committed 258048K, used 96354K [0x0000000604c00000, 0x0000000800000000)
  region size 4096K, 5 young (20480K), 5 survivors (20480K)
}

Metaspace Usage History (20 events):
Event: 3633.578 {metaspace Before GC invocations=2496 (full 0):
 Metaspace       used 23256K, committed 23744K, reserved 1114112K
  class space    used 2059K, committed 2304K, reserved 1048576K
}
Event: 3633.584 {metaspace After GC invocations=2497 (full 0):
 Metaspace       used 23256K, committed 23744K, reserved 1114112K
  class space    used 2059K, committed 2304K, reserved 1048576K
}
Event: 3634.610 {metaspace Before GC invocations=2497 (full 0):
 Metaspace       used 23256K, committed 23744K, reserved 1114112K
  class space    used 2059K, committed 2304K, reserved 1048576K
}
Event: 3634.614 {metaspace After GC invocations=2498 (full 0):
 Metaspace       used 23256K, committed 23744K, reserved 1114112K
  class space    used 2059K, committed 2304K, reserved 1048576K
}
Event: 3636.292 {metaspace Before GC invocations=2498 (full 0):
 Metaspace       used 23256K, committed 23744K, reserved 1114112K
  class space    used 2059K, committed 2304K, reserved 1048576K
}
Event: 3636.297 {metaspace After GC invocations=2499 (full 0):
 Metaspace       used 23256K, committed 23744K, reserved 1114112K
  class space    used 2059K, committed 2304K, reserved 1048576K
}
Event: 3637.595 {metaspace Before GC invocations=2499 (full 0):
 Metaspace       used 23256K, committed 23744K, reserved 1114112K
  class space    used 2059K, committed 2304K, reserved 1048576K
}
Event: 3637.599 {metaspace After GC invocations=2500 (full 0):
 Metaspace       used 23256K, committed 23744K, reserved 1114112K
  class space    used 2059K, committed 2304K, reserved 1048576K
}
Event: 3638.906 {metaspace Before GC invocations=2500 (full 0):
 Metaspace       used 23256K, committed 23744K, reserved 1114112K
  class space    used 2059K, committed 2304K, reserved 1048576K
}
Event: 3638.909 {metaspace After GC invocations=2501 (full 0):
 Metaspace       used 23256K, committed 23744K, reserved 1114112K
  class space    used 2059K, committed 2304K, reserved 1048576K
}
Event: 3640.555 {metaspace Before GC invocations=2501 (full 0):
 Metaspace       used 23256K, committed 23744K, reserved 1114112K
  class space    used 2059K, committed 2304K, reserved 1048576K
}
Event: 3640.558 {metaspace After GC invocations=2502 (full 0):
 Metaspace       used 23256K, committed 23744K, reserved 1114112K
  class space    used 2059K, committed 2304K, reserved 1048576K
}
Event: 3641.616 {metaspace Before GC invocations=2502 (full 0):
 Metaspace       used 23256K, committed 23744K, reserved 1114112K
  class space    used 2059K, committed 2304K, reserved 1048576K
}
Event: 3641.620 {metaspace After GC invocations=2503 (full 0):
 Metaspace       used 23256K, committed 23744K, reserved 1114112K
  class space    used 2059K, committed 2304K, reserved 1048576K
}
Event: 3643.090 {metaspace Before GC invocations=2503 (full 0):
 Metaspace       used 23256K, committed 23744K, reserved 1114112K
  class space    used 2059K, committed 2304K, reserved 1048576K
}
Event: 3643.096 {metaspace After GC invocations=2504 (full 0):
 Metaspace       used 23256K, committed 23744K, reserved 1114112K
  class space    used 2059K, committed 2304K, reserved 1048576K
}
Event: 3644.637 {metaspace Before GC invocations=2504 (full 0):
 Metaspace       used 23256K, committed 23744K, reserved 1114112K
  class space    used 2059K, committed 2304K, reserved 1048576K
}
Event: 3644.645 {metaspace After GC invocations=2505 (full 0):
 Metaspace       used 23256K, committed 23744K, reserved 1114112K
  class space    used 2059K, committed 2304K, reserved 1048576K
}
Event: 3647.140 {metaspace Before GC invocations=2505 (full 0):
 Metaspace       used 23357K, committed 23872K, reserved 1114112K
  class space    used 2064K, committed 2304K, reserved 1048576K
}
Event: 3647.171 {metaspace After GC invocations=2506 (full 0):
 Metaspace       used 23357K, committed 23872K, reserved 1114112K
  class space    used 2064K, committed 2304K, reserved 1048576K
}

Dll operation events (12 events):
Event: 0.009 Loaded shared library C:\Program Files\Java\jdk-25\bin\java.dll
Event: 0.036 Loaded shared library C:\Program Files\Java\jdk-25\bin\net.dll
Event: 0.038 Loaded shared library C:\Program Files\Java\jdk-25\bin\nio.dll
Event: 0.043 Loaded shared library C:\Program Files\Java\jdk-25\bin\zip.dll
Event: 0.165 Loaded shared library C:\Program Files\Java\jdk-25\bin\jimage.dll
Event: 0.168 Loaded shared library C:\Program Files\Java\jdk-25\bin\awt.dll
Event: 0.270 Loaded shared library C:\Program Files\Java\jdk-25\bin\freetype.dll
Event: 0.271 Loaded shared library C:\Program Files\Java\jdk-25\bin\fontmanager.dll
Event: 0.371 Loaded shared library C:\Users\info\AppData\Local\Temp\flatlaf.temp\flatlaf-windows-x86_64-4164139640452000.dll
Event: 1.182 Loaded shared library C:\Windows\System32\ucrtbase.dll
Event: 1.185 Loaded shared library C:\Program Files\Java\jdk-25\bin\syslookup.dll
Event: 6.089 Loaded shared library C:\Program Files\Java\jdk-25\bin\extnet.dll

Deoptimization events (20 events):
Event: 3649.080 Thread 0x0000028ffdceb900 Uncommon trap: trap_request=0xffffff45 fr.pc=0x0000028fe0e98424 relative=0x00000000000011a4
Event: 3649.080 Thread 0x0000028ffdceb900 Uncommon trap: reason=unstable_if action=reinterpret pc=0x0000028fe0e98424 method=sun.java2d.SunGraphics2D.getClipBounds(Ljava/awt/Rectangle;)Ljava/awt/Rectangle; @ 12 c2
Event: 3649.080 Thread 0x0000028ffdceb900 DEOPT PACKING pc=0x0000028fe0e98424 sp=0x000000b3a22fefe0
Event: 3649.080 Thread 0x0000028ffdceb900 DEOPT UNPACKING pc=0x0000028fe0331302 sp=0x000000b3a22feea0 mode 2
Event: 3649.080 Thread 0x0000028ffdceb900 Uncommon trap: trap_request=0xffffff45 fr.pc=0x0000028fe0b55410 relative=0x0000000000000410
Event: 3649.080 Thread 0x0000028ffdceb900 Uncommon trap: reason=unstable_if action=reinterpret pc=0x0000028fe0b55410 method=sun.java2d.SunGraphics2D.untransformShape(Ljava/awt/Shape;)Ljava/awt/Shape; @ 11 c2
Event: 3649.080 Thread 0x0000028ffdceb900 DEOPT PACKING pc=0x0000028fe0b55410 sp=0x000000b3a22fee10
Event: 3649.080 Thread 0x0000028ffdceb900 DEOPT UNPACKING pc=0x0000028fe0331302 sp=0x000000b3a22fedc0 mode 2
Event: 3649.089 Thread 0x0000028ffdceb900 Uncommon trap: trap_request=0xffffff45 fr.pc=0x0000028fe0d464e8 relative=0x0000000000001ce8
Event: 3649.089 Thread 0x0000028ffdceb900 Uncommon trap: reason=unstable_if action=reinterpret pc=0x0000028fe0d464e8 method=java.io.BufferedOutputStream.write([BII)V @ 5 c2
Event: 3649.089 Thread 0x0000028ffdceb900 DEOPT PACKING pc=0x0000028fe0d464e8 sp=0x000000b3a22ff130
Event: 3649.089 Thread 0x0000028ffdceb900 DEOPT UNPACKING pc=0x0000028fe0331302 sp=0x000000b3a22fee70 mode 2
Event: 3650.144 Thread 0x0000028ffdceb900 Uncommon trap: trap_request=0xffffff45 fr.pc=0x0000028fe0cc1dac relative=0x00000000000001ac
Event: 3650.144 Thread 0x0000028ffdceb900 Uncommon trap: reason=unstable_if action=reinterpret pc=0x0000028fe0cc1dac method=javax.swing.DefaultBoundedRangeModel.setRangeProperties(IIIIZ)V @ 34 c2
Event: 3650.144 Thread 0x0000028ffdceb900 DEOPT PACKING pc=0x0000028fe0cc1dac sp=0x000000b3a22feb40
Event: 3650.144 Thread 0x0000028ffdceb900 DEOPT UNPACKING pc=0x0000028fe0331302 sp=0x000000b3a22feae8 mode 2
Event: 3650.472 Thread 0x0000028ffdceb900 Uncommon trap: trap_request=0xffffff45 fr.pc=0x0000028fe0ff2374 relative=0x00000000000001f4
Event: 3650.472 Thread 0x0000028ffdceb900 Uncommon trap: reason=unstable_if action=reinterpret pc=0x0000028fe0ff2374 method=java.util.HashMap$HashIterator.<init>(Ljava/util/HashMap;)V @ 50 c2
Event: 3650.472 Thread 0x0000028ffdceb900 DEOPT PACKING pc=0x0000028fe0ff2374 sp=0x000000b3a22ff280
Event: 3650.472 Thread 0x0000028ffdceb900 DEOPT UNPACKING pc=0x0000028fe0331302 sp=0x000000b3a22ff150 mode 2

Classes loaded (20 events):
Event: 3644.774 Loading class java/util/WeakHashMap$KeyIterator
Event: 3644.774 Loading class java/util/WeakHashMap$HashIterator
Event: 3644.774 Loading class java/util/WeakHashMap$HashIterator done
Event: 3644.774 Loading class java/util/WeakHashMap$KeyIterator done
Event: 3644.774 Loading class javax/swing/RepaintManager$DisplayChangedRunnable
Event: 3644.775 Loading class javax/swing/RepaintManager$DisplayChangedRunnable done
Event: 3644.776 Loading class java/lang/InterruptedException
Event: 3644.776 Loading class java/lang/InterruptedException done
Event: 3644.776 Loading class java/lang/Throwable$WrappedPrintStream
Event: 3644.776 Loading class java/lang/Throwable$PrintStreamOrWriter
Event: 3644.777 Loading class java/lang/Throwable$PrintStreamOrWriter done
Event: 3644.777 Loading class java/lang/Throwable$WrappedPrintStream done
Event: 3644.778 Loading class java/lang/StackTraceElement$HashedModules
Event: 3644.778 Loading class java/lang/StackTraceElement$HashedModules done
Event: 3644.783 Loading class java/awt/AWTError
Event: 3644.783 Loading class java/awt/AWTError done
Event: 3644.786 Loading class java/awt/geom/NoninvertibleTransformException
Event: 3644.786 Loading class java/awt/geom/NoninvertibleTransformException done
Event: 3644.855 Loading class java/awt/AWTException
Event: 3644.855 Loading class java/awt/AWTException done

Classes unloaded (0 events):
No events

Classes redefined (0 events):
No events

Internal exceptions (20 events):
Event: 385.959 Thread 0x0000028ffe8a0e30 Implicit null exception at 0x0000028fe0fbe592 to 0x0000028fe0fc3df8
Event: 1624.452 Thread 0x0000028ffdceb900 Implicit null exception at 0x0000028fe10821a1 to 0x0000028fe1083fc4
Event: 3644.729 Thread 0x0000028ffdceb900 Exception <a 'sun/java2d/InvalidPipeException'{0x00000006246229b8}: bounds changed> (0x00000006246229b8) 
thrown [s\open\src\hotspot\share\prims\jni.cpp, line 534]
Event: 3644.730 Thread 0x0000028ffdceb900 Exception <a 'sun/java2d/InvalidPipeException'{0x0000000624622cc8}: bounds changed> (0x0000000624622cc8) 
thrown [s\open\src\hotspot\share\prims\jni.cpp, line 534]
Event: 3644.730 Thread 0x0000028ffdceb900 Exception <a 'sun/java2d/InvalidPipeException'{0x000000062462a308}: bounds changed> (0x000000062462a308) 
thrown [s\open\src\hotspot\share\prims\jni.cpp, line 534]
Event: 3644.730 Thread 0x0000028ffdceb900 Exception <a 'sun/java2d/InvalidPipeException'{0x000000062462a618}: bounds changed> (0x000000062462a618) 
thrown [s\open\src\hotspot\share\prims\jni.cpp, line 534]
Event: 3644.731 Thread 0x0000028ffdceb900 Exception <a 'sun/java2d/InvalidPipeException'{0x000000062462e7c0}: bounds changed> (0x000000062462e7c0) 
thrown [s\open\src\hotspot\share\prims\jni.cpp, line 534]
Event: 3644.731 Thread 0x0000028ffdceb900 Exception <a 'sun/java2d/InvalidPipeException'{0x000000062462ead0}: bounds changed> (0x000000062462ead0) 
thrown [s\open\src\hotspot\share\prims\jni.cpp, line 534]
Event: 3644.731 Thread 0x0000028ffdceb900 Exception <a 'sun/java2d/InvalidPipeException'{0x0000000624632c70}: bounds changed> (0x0000000624632c70) 
thrown [s\open\src\hotspot\share\prims\jni.cpp, line 534]
Event: 3644.731 Thread 0x0000028ffdceb900 Exception <a 'sun/java2d/InvalidPipeException'{0x0000000624632f80}: bounds changed> (0x0000000624632f80) 
thrown [s\open\src\hotspot\share\prims\jni.cpp, line 534]
Event: 3644.731 Thread 0x0000028ffdceb900 Exception <a 'sun/java2d/InvalidPipeException'{0x0000000624637120}: bounds changed> (0x0000000624637120) 
thrown [s\open\src\hotspot\share\prims\jni.cpp, line 534]
Event: 3644.731 Thread 0x0000028ffdceb900 Exception <a 'sun/java2d/InvalidPipeException'{0x0000000624637430}: bounds changed> (0x0000000624637430) 
thrown [s\open\src\hotspot\share\prims\jni.cpp, line 534]
Event: 3644.731 Thread 0x0000028ffdceb900 Exception <a 'sun/java2d/InvalidPipeException'{0x000000062463b5d0}: bounds changed> (0x000000062463b5d0) 
thrown [s\open\src\hotspot\share\prims\jni.cpp, line 534]
Event: 3644.731 Thread 0x0000028ffdceb900 Exception <a 'sun/java2d/InvalidPipeException'{0x000000062463b8e0}: bounds changed> (0x000000062463b8e0) 
thrown [s\open\src\hotspot\share\prims\jni.cpp, line 534]
Event: 3644.731 Thread 0x0000028ffdceb900 Exception <a 'sun/java2d/InvalidPipeException'{0x000000062463fa80}: bounds changed> (0x000000062463fa80) 
thrown [s\open\src\hotspot\share\prims\jni.cpp, line 534]
Event: 3644.731 Thread 0x0000028ffdceb900 Exception <a 'sun/java2d/InvalidPipeException'{0x000000062463fd90}: bounds changed> (0x000000062463fd90) 
thrown [s\open\src\hotspot\share\prims\jni.cpp, line 534]
Event: 3644.732 Thread 0x0000028ffdceb900 Exception <a 'sun/java2d/InvalidPipeException'{0x0000000624646da8}: bounds changed> (0x0000000624646da8) 
thrown [s\open\src\hotspot\share\prims\jni.cpp, line 534]
Event: 3644.732 Thread 0x0000028ffdceb900 Exception <a 'sun/java2d/InvalidPipeException'{0x00000006246470b8}: bounds changed> (0x00000006246470b8) 
thrown [s\open\src\hotspot\share\prims\jni.cpp, line 534]
Event: 3644.773 Thread 0x0000028ffdceb900 Exception <a 'sun/java2d/InvalidPipeException'{0x00000006246c93b8}: bounds changed> (0x00000006246c93b8) 
thrown [s\open\src\hotspot\share\prims\jni.cpp, line 534]
Event: 3644.773 Thread 0x0000028ffdceb900 Exception <a 'sun/java2d/InvalidPipeException'{0x00000006246c96c8}: bounds changed> (0x00000006246c96c8) 
thrown [s\open\src\hotspot\share\prims\jni.cpp, line 534]

VM Operations (20 events):
Event: 3633.578 Executing safepoint VM operation: G1CollectForAllocation (G1 Evacuation Pause)
Event: 3633.584 Executing safepoint VM operation: G1CollectForAllocation (G1 Evacuation Pause) done
Event: 3634.610 Executing safepoint VM operation: G1CollectForAllocation (G1 Evacuation Pause)
Event: 3634.614 Executing safepoint VM operation: G1CollectForAllocation (G1 Evacuation Pause) done
Event: 3636.292 Executing safepoint VM operation: G1CollectForAllocation (G1 Evacuation Pause)
Event: 3636.297 Executing safepoint VM operation: G1CollectForAllocation (G1 Evacuation Pause) done
Event: 3637.595 Executing safepoint VM operation: G1CollectForAllocation (G1 Evacuation Pause)
Event: 3637.599 Executing safepoint VM operation: G1CollectForAllocation (G1 Evacuation Pause) done
Event: 3638.906 Executing safepoint VM operation: G1CollectForAllocation (G1 Evacuation Pause)
Event: 3638.909 Executing safepoint VM operation: G1CollectForAllocation (G1 Evacuation Pause) done
Event: 3640.555 Executing safepoint VM operation: G1CollectForAllocation (G1 Evacuation Pause)
Event: 3640.558 Executing safepoint VM operation: G1CollectForAllocation (G1 Evacuation Pause) done
Event: 3641.616 Executing safepoint VM operation: G1CollectForAllocation (G1 Evacuation Pause)
Event: 3641.620 Executing safepoint VM operation: G1CollectForAllocation (G1 Evacuation Pause) done
Event: 3643.090 Executing safepoint VM operation: G1CollectForAllocation (G1 Evacuation Pause)
Event: 3643.096 Executing safepoint VM operation: G1CollectForAllocation (G1 Evacuation Pause) done
Event: 3644.637 Executing safepoint VM operation: G1CollectForAllocation (G1 Evacuation Pause)
Event: 3644.645 Executing safepoint VM operation: G1CollectForAllocation (G1 Evacuation Pause) done
Event: 3647.140 Executing safepoint VM operation: G1CollectForAllocation (G1 Evacuation Pause)
Event: 3647.171 Executing safepoint VM operation: G1CollectForAllocation (G1 Evacuation Pause) done

Memory protections (0 events):
No events

Nmethod flushes (20 events):
Event: 956.247 Thread 0x0000028ff26aad60 flushing  nmethod 0x0000028fd9793288
Event: 956.247 Thread 0x0000028ff26aad60 flushing  nmethod 0x0000028fd9794f88
Event: 956.247 Thread 0x0000028ff26aad60 flushing  nmethod 0x0000028fd97dcc08
Event: 956.247 Thread 0x0000028ff26aad60 flushing  nmethod 0x0000028fd97ddb08
Event: 956.247 Thread 0x0000028ff26aad60 flushing  nmethod 0x0000028fd97dec08
Event: 956.247 Thread 0x0000028ff26aad60 flushing  nmethod 0x0000028fd97def08
Event: 956.247 Thread 0x0000028ff26aad60 flushing  nmethod 0x0000028fd97e0c08
Event: 956.247 Thread 0x0000028ff26aad60 flushing  nmethod 0x0000028fd97e2308
Event: 956.247 Thread 0x0000028ff26aad60 flushing  nmethod 0x0000028fd97e8e88
Event: 956.247 Thread 0x0000028ff26aad60 flushing  nmethod 0x0000028fd97e9688
Event: 956.247 Thread 0x0000028ff26aad60 flushing osr nmethod 0x0000028fd985ed08
Event: 956.247 Thread 0x0000028ff26aad60 flushing  nmethod 0x0000028fd9863a88
Event: 956.247 Thread 0x0000028ff26aad60 flushing  nmethod 0x0000028fd9865d08
Event: 956.247 Thread 0x0000028ff26aad60 flushing  nmethod 0x0000028fd9867788
Event: 956.247 Thread 0x0000028ff26aad60 flushing  nmethod 0x0000028fd9867b08
Event: 956.247 Thread 0x0000028ff26aad60 flushing  nmethod 0x0000028fd986af88
Event: 956.247 Thread 0x0000028ff26aad60 flushing  nmethod 0x0000028fd98ea408
Event: 956.247 Thread 0x0000028ff26aad60 flushing  nmethod 0x0000028fd98eab88
Event: 956.247 Thread 0x0000028ff26aad60 flushing  nmethod 0x0000028fd98edc88
Event: 956.247 Thread 0x0000028ff26aad60 flushing  nmethod 0x0000028fd98eeb88

Events (20 events):
Event: 431.188 Thread 0x0000028ffa0293c0 Thread exited: 0x0000028ffa0293c0
Event: 440.427 Thread 0x0000028ffa025b50 Thread exited: 0x0000028ffa025b50
Event: 772.409 Thread 0x0000028ffe8a0e30 Thread exited: 0x0000028ffe8a0e30
Event: 778.929 Thread 0x0000028ffdceb900 Thread added: 0x0000028ff558a670
Event: 954.021 Thread 0x0000028ff26c4d00 Thread added: 0x0000028ffa027380
Event: 954.021 Thread 0x0000028ff26c4d00 Thread added: 0x0000028ffa0283a0
Event: 954.470 Thread 0x0000028ffa0283a0 Thread exited: 0x0000028ffa0283a0
Event: 954.470 Thread 0x0000028ffa027380 Thread exited: 0x0000028ffa027380
Event: 1126.486 Thread 0x0000028ff26c4d00 Thread added: 0x0000028ffa0222e0
Event: 1131.488 Thread 0x0000028ffa0222e0 Thread exited: 0x0000028ffa0222e0
Event: 3263.123 Thread 0x0000028ff26c4d00 Thread added: 0x0000028ffa025b50
Event: 3263.123 Thread 0x0000028ff26c4d00 Thread added: 0x0000028ffa024320
Event: 3268.134 Thread 0x0000028ffa024320 Thread exited: 0x0000028ffa024320
Event: 3268.136 Thread 0x0000028ffa025b50 Thread exited: 0x0000028ffa025b50
Event: 3644.721 Thread 0x0000028ff26c5910 Thread added: 0x0000028ffa0222e0
Event: 3644.721 Thread 0x0000028ff26c5910 Thread added: 0x0000028ffa027380
Event: 3645.502 Thread 0x0000028ff26c4d00 Thread added: 0x0000028ffa024320
Event: 3646.077 Thread 0x0000028ffa027380 Thread exited: 0x0000028ffa027380
Event: 3646.077 Thread 0x0000028ffa0222e0 Thread exited: 0x0000028ffa0222e0
Event: 3647.492 Thread 0x0000028ffa024320 Thread exited: 0x0000028ffa024320


Dynamic libraries:
0x00007ff6ded00000 - 0x00007ff6ded0e000 	C:\Program Files\Java\jdk-25\bin\java.exe
0x00007ff8b5ec0000 - 0x00007ff8b6128000 	C:\WINDOWS\SYSTEM32\ntdll.dll
0x00007ff8b4f10000 - 0x00007ff8b4fd9000 	C:\WINDOWS\System32\KERNEL32.DLL
0x00007ff8b3510000 - 0x00007ff8b3908000 	C:\WINDOWS\System32\KERNELBASE.dll
0x00007ff8af790000 - 0x00007ff8af82f000 	C:\WINDOWS\SYSTEM32\apphelp.dll
0x00007ff8b30a0000 - 0x00007ff8b31eb000 	C:\WINDOWS\System32\ucrtbase.dll
0x00007ff886d90000 - 0x00007ff886da7000 	C:\Program Files\Java\jdk-25\bin\jli.dll
0x00007ff8863e0000 - 0x00007ff8863fe000 	C:\Program Files\Java\jdk-25\bin\VCRUNTIME140.dll
0x00007ff8b3e00000 - 0x00007ff8b3fc7000 	C:\WINDOWS\System32\USER32.dll
0x00007ff89cd10000 - 0x00007ff89cfa4000 	C:\WINDOWS\WinSxS\amd64_microsoft.windows.common-controls_6595b64144ccf1df_6.0.26100.7019_none_3e06ffa0e335b8a8\COMCTL32.dll
0x00007ff8b32b0000 - 0x00007ff8b32d7000 	C:\WINDOWS\System32\win32u.dll
0x00007ff8b59d0000 - 0x00007ff8b5a79000 	C:\WINDOWS\System32\msvcrt.dll
0x00007ff8b4fe0000 - 0x00007ff8b500b000 	C:\WINDOWS\System32\GDI32.dll
0x00007ff8b3b30000 - 0x00007ff8b3c5c000 	C:\WINDOWS\System32\gdi32full.dll
0x00007ff8b3460000 - 0x00007ff8b3503000 	C:\WINDOWS\System32\msvcp_win.dll
0x00007ff8b5b00000 - 0x00007ff8b5b31000 	C:\WINDOWS\System32\IMM32.DLL
0x00007ff893f10000 - 0x00007ff893f1c000 	C:\Program Files\Java\jdk-25\bin\vcruntime140_1.dll
0x00007ff8650b0000 - 0x00007ff86513d000 	C:\Program Files\Java\jdk-25\bin\msvcp140.dll
0x00007fff73950000 - 0x00007fff747af000 	C:\Program Files\Java\jdk-25\bin\server\jvm.dll
0x00007ff8b4030000 - 0x00007ff8b40e4000 	C:\WINDOWS\System32\ADVAPI32.dll
0x00007ff8b5610000 - 0x00007ff8b56b6000 	C:\WINDOWS\System32\sechost.dll
0x00007ff8b3ce0000 - 0x00007ff8b3df8000 	C:\WINDOWS\System32\RPCRT4.dll
0x00007ff8b5a80000 - 0x00007ff8b5af4000 	C:\WINDOWS\System32\WS2_32.dll
0x00007ff8b2e70000 - 0x00007ff8b2ece000 	C:\WINDOWS\SYSTEM32\POWRPROF.dll
0x00007ff8af940000 - 0x00007ff8af975000 	C:\WINDOWS\SYSTEM32\WINMM.dll
0x00007ff8a1b40000 - 0x00007ff8a1b4b000 	C:\WINDOWS\SYSTEM32\VERSION.dll
0x00007ff8b2e50000 - 0x00007ff8b2e64000 	C:\WINDOWS\SYSTEM32\UMPDC.dll
0x00007ff8b1dd0000 - 0x00007ff8b1deb000 	C:\WINDOWS\SYSTEM32\kernel.appcore.dll
0x00007ff893530000 - 0x00007ff89353a000 	C:\Program Files\Java\jdk-25\bin\jimage.dll
0x00007ff8b0670000 - 0x00007ff8b08b2000 	C:\WINDOWS\SYSTEM32\DBGHELP.DLL
0x00007ff8b5010000 - 0x00007ff8b539b000 	C:\WINDOWS\System32\combase.dll
0x00007ff8b4e10000 - 0x00007ff8b4ee7000 	C:\WINDOWS\System32\OLEAUT32.dll
0x00007ff8af900000 - 0x00007ff8af93c000 	C:\WINDOWS\SYSTEM32\dbgcore.DLL
0x00007ff8b3a80000 - 0x00007ff8b3b25000 	C:\WINDOWS\System32\bcryptPrimitives.dll
0x00007ff884830000 - 0x00007ff88484f000 	C:\Program Files\Java\jdk-25\bin\java.dll
0x00007ff8b5ce0000 - 0x00007ff8b5e77000 	C:\WINDOWS\System32\ole32.dll
0x00007ff8b4580000 - 0x00007ff8b4ccf000 	C:\WINDOWS\System32\SHELL32.dll
0x00007ff8b3910000 - 0x00007ff8b3a7b000 	C:\WINDOWS\System32\wintypes.dll
0x00007ff8b0c30000 - 0x00007ff8b148d000 	C:\WINDOWS\SYSTEM32\windows.storage.dll
0x00007ff8b5bd0000 - 0x00007ff8b5cc2000 	C:\WINDOWS\System32\SHCORE.dll
0x00007ff8b5510000 - 0x00007ff8b5577000 	C:\WINDOWS\System32\shlwapi.dll
0x00007ff8b2f30000 - 0x00007ff8b2f59000 	C:\WINDOWS\SYSTEM32\profapi.dll
0x00007ff883f30000 - 0x00007ff883f42000 	C:\Program Files\Java\jdk-25\bin\net.dll
0x00007ff8b2340000 - 0x00007ff8b23ab000 	C:\WINDOWS\system32\mswsock.dll
0x00007ff883bf0000 - 0x00007ff883c06000 	C:\Program Files\Java\jdk-25\bin\nio.dll
0x00007ff8838e0000 - 0x00007ff8838f7000 	C:\Program Files\Java\jdk-25\bin\zip.dll
0x00007ff81cf20000 - 0x00007ff81d0a3000 	C:\Program Files\Java\jdk-25\bin\awt.dll
0x00007ff8afd20000 - 0x00007ff8afdca000 	C:\WINDOWS\system32\uxtheme.dll
0x00007ff8b53a0000 - 0x00007ff8b54fe000 	C:\WINDOWS\System32\MSCTF.dll
0x00007ff85da60000 - 0x00007ff85dae7000 	C:\Program Files\Java\jdk-25\bin\freetype.dll
0x00007ff845dd0000 - 0x00007ff845ebe000 	C:\Program Files\Java\jdk-25\bin\fontmanager.dll
0x00007ff8affd0000 - 0x00007ff8b0000000 	C:\WINDOWS\system32\DWMAPI.DLL
0x00007fffc4630000 - 0x00007fffc473c000 	C:\WINDOWS\system32\opengl32.dll
0x00007fffc4590000 - 0x00007fffc45bd000 	C:\WINDOWS\SYSTEM32\GLU32.dll
0x00007ff8b0020000 - 0x00007ff8b0063000 	C:\WINDOWS\SYSTEM32\dxcore.dll
0x00007ff893410000 - 0x00007ff893416000 	C:\Users\info\AppData\Local\Temp\flatlaf.temp\flatlaf-windows-x86_64-4164139640452000.dll
0x00007ff8931d0000 - 0x00007ff8931d7000 	C:\Program Files\Java\jdk-25\bin\jawt.dll
0x00007ff8b4cf0000 - 0x00007ff8b4da0000 	C:\WINDOWS\System32\clbcatq.dll
0x00007ff8ae040000 - 0x00007ff8ae270000 	C:\WINDOWS\SYSTEM32\WindowsCodecs.dll
0x00007ff86b680000 - 0x00007ff86b6da000 	C:\WINDOWS\system32\dataexchange.dll
0x00007ff8a2e00000 - 0x00007ff8a3044000 	C:\WINDOWS\system32\twinapi.appcore.dll
0x00007ff897150000 - 0x00007ff897297000 	C:\WINDOWS\SYSTEM32\textinputframework.dll
0x00007ff896790000 - 0x00007ff8967ee000 	C:\WINDOWS\system32\ApplicationTargetedFeatureDatabase.dll
0x00007ff892e30000 - 0x00007ff892e39000 	C:\Program Files\Java\jdk-25\bin\syslookup.dll
0x00007ff8af450000 - 0x00007ff8af577000 	C:\WINDOWS\SYSTEM32\CoreMessaging.dll
0x00007ff8ab9e0000 - 0x00007ff8abcc2000 	C:\WINDOWS\SYSTEM32\CoreUIComponents.dll
0x00007ff8b2620000 - 0x00007ff8b262c000 	C:\WINDOWS\SYSTEM32\CRYPTBASE.DLL
0x00007ff892b80000 - 0x00007ff892b89000 	C:\Program Files\Java\jdk-25\bin\extnet.dll

JVMTI agents: none

dbghelp: loaded successfully - version: 4.0.5 - missing functions: none
symbol engine: initialized successfully - sym options: 0x614 - pdb path: .;C:\Program Files\Java\jdk-25\bin;C:\WINDOWS\SYSTEM32;C:\WINDOWS\WinSxS\amd64_microsoft.windows.common-controls_6595b64144ccf1df_6.0.26100.7019_none_3e06ffa0e335b8a8;C:\Program Files\Java\jdk-25\bin\server;C:\Users\info\AppData\Local\Temp\flatlaf.temp

VM Arguments:
java_command: UZ_GUI.jar
java_class_path (initial): UZ_GUI.jar
Launcher Type: SUN_STANDARD

[Global flags]
     intx CICompilerCount                          = 12                                        {product} {ergonomic}
     uint ConcGCThreads                            = 3                                         {product} {ergonomic}
     uint G1ConcRefinementThreads                  = 13                                        {product} {ergonomic}
   size_t G1HeapRegionSize                         = 4194304                                   {product} {ergonomic}
   size_t InitialHeapSize                          = 532676608                                 {product} {ergonomic}
   size_t MarkStackSize                            = 4194304                                   {product} {ergonomic}
   size_t MarkStackSizeMax                         = 536870912                                 {product} {ergonomic}
   size_t MaxHeapSize                              = 8510242816                                {product} {ergonomic}
   size_t MaxNewSize                               = 5104467968                                {product} {ergonomic}
   size_t MinHeapDeltaBytes                        = 4194304                                   {product} {ergonomic}
   size_t MinHeapSize                              = 8388608                                   {product} {ergonomic}
    uintx NonNMethodCodeHeapSize                   = 7602176                                {pd product} {ergonomic}
    uintx NonProfiledCodeHeapSize                  = 122093568                              {pd product} {ergonomic}
    uintx ProfiledCodeHeapSize                     = 121962496                              {pd product} {ergonomic}
    uintx ReservedCodeCacheSize                    = 251658240                              {pd product} {ergonomic}
     bool SegmentedCodeCache                       = true                                      {product} {ergonomic}
   size_t SoftMaxHeapSize                          = 8510242816                             {manageable} {ergonomic}
     bool UseCompressedOops                        = true                           {product lp64_product} {ergonomic}
     bool UseG1GC                                  = true                                      {product} {ergonomic}
     bool UseLargePagesIndividualAllocation        = false                                  {pd product} {ergonomic}

Logging:
Log output configuration:
 #0: stdout all=warning uptime,level,tags foldmultilines=false
 #1: stderr all=off uptime,level,tags foldmultilines=false

Release file:
IMPLEMENTOR="Oracle Corporation" 
JAVA_RUNTIME_VERSION="25+36-3489" 
JAVA_VERSION="25" 
JAVA_VERSION_DATE="2025-09-16" 
LIBC="default" 
MODULES="java.base java.compiler java.datatransfer java.xml java.prefs java.desktop java.instrument java.logging java.management java.security.sasl java.naming java.rmi java.management.rmi java.net.http java.scripting java.security.jgss java.transaction.xa java.sql java.sql.rowset java.xml.crypto java.se java.smartcardio jdk.accessibility jdk.internal.jvmstat jdk.attach jdk.charsets jdk.internal.opt jdk.zipfs jdk.compiler jdk.crypto.cryptoki jdk.crypto.ec jdk.crypto.mscapi jdk.dynalink jdk.internal.ed jdk.editpad jdk.internal.vm.ci jdk.graal.compiler jdk.graal.compiler.management jdk.hotspot.agent jdk.httpserver jdk.incubator.vector jdk.internal.le jdk.internal.md jdk.jartool jdk.javadoc jdk.jcmd jdk.management jdk.management.agent jdk.jconsole jdk.jdeps jdk.jdwp.agent jdk.jdi jdk.jfr jdk.jlink jdk.jpackage jdk.jshell jdk.jsobject jdk.jstatd jdk.localedata jdk.management.jfr jdk.naming.dns jdk.naming.rmi jdk.net jdk.nio.mapmode jdk.sctp jdk.security.auth jdk.security.jgss jdk.unsupported jdk.unsupported.desktop jdk.xml.dom" 
OS_ARCH="x86_64" 
OS_NAME="Windows" 
SOURCE=".:git:6c48f4ed707b" 

Environment Variables:
PATH=C:\Program Files\Microsoft MPI\Bin\;C:\Program Files (x86)\NVIDIA Corporation\PhysX\Common;C:\WINDOWS\system32;C:\WINDOWS;C:\WINDOWS\System32\Wbem;C:\WINDOWS\System32\WindowsPowerShell\v1.0\;C:\WINDOWS\System32\OpenSSH\;C:\Program Files\MATLAB\R2025b\bin;C:\Program Files\MATLAB\R2025a\bin;C:\Program Files\MATLAB\R2024b\bin;C:\Program Files (x86)\Windows Kits\8.1\Windows Performance Toolkit\;C:\Program Files\dotnet\;c:\Program Files\Vector SIL Kit 4.0.56\x86\bin;c:\Program Files\Vector SIL Kit 4.0.56\x86_64\bin;c:\Program Files (x86)\Vector CANdb++ 3.1\Exec32;C:\Program Files\MATLAB\R2024a\bin;C:\Program Files\Git\cmd;C:\Program Files\Git LFS;C:\Program Files\Docker\Docker\resources\bin;C:\Program Files\Java\jdk-25\bin;C:\Program Files\PuTTY\;C:\Program Files\CMake\bin;C:\Xilinx\Vivado\2022.2\bin;C:\Users\info\AppData\Local\Programs\Python\Python313\Scripts\;C:\Users\info\AppData\Local\Programs\Python\Python313\;C:\Users\info\AppData\Local\Programs\Python\Launcher\;C:\Users\info\AppData\Local\Microsoft\WindowsApps;C:\Users\info\AppData\Local\gitkraken\bin;C:\Users\info\AppData\Local\Programs\Microsoft VS Code\bin;c:\Program Files\Vector Informatik GmbH\VIO System Configuration Tool\;C:\Users\info\AppData\Local\PowerToys\
USERNAME=info
OS=Windows_NT
PROCESSOR_IDENTIFIER=Intel64 Family 6 Model 154 Stepping 3, GenuineIntel
TMP=C:\Users\info\AppData\Local\Temp
TEMP=C:\Users\info\AppData\Local\Temp




Compilation memory statistics disabled.

Periodic native trim disabled

---------------  S Y S T E M  ---------------

OS:
 Windows 11 , 64 bit Build 26100 (10.0.26100.7019)
OS uptime: 4 days 20:40 hours
Hyper-V role detected

CPU: total 16 (initial active 16) (8 cores per cpu, 2 threads per core) family 6 model 154 stepping 3 microcode 0x435, cx8, cmov, fxsr, ht, mmx, 3dnowpref, sse, sse2, sse3, ssse3, sse4.1, sse4.2, popcnt, lzcnt, tsc, tscinvbit, avx, avx2, aes, erms, clmul, bmi1, bmi2, adx, sha, fma, vzeroupper, clflush, clflushopt, clwb, hv, serialize, rdtscp, rdpid, fsrm, gfni, f16c, cet_ibt, cet_ss
Processor Information for processor 0
  Max Mhz: 2100, Current Mhz: 2100, Mhz Limit: 2100
Processor Information for processor 1
  Max Mhz: 2100, Current Mhz: 2100, Mhz Limit: 2100
Processor Information for processor 2
  Max Mhz: 2100, Current Mhz: 2100, Mhz Limit: 2100
Processor Information for processor 3
  Max Mhz: 2100, Current Mhz: 2100, Mhz Limit: 2100
Processor Information for processor 4
  Max Mhz: 2100, Current Mhz: 2100, Mhz Limit: 2100
Processor Information for processor 5
  Max Mhz: 2100, Current Mhz: 2100, Mhz Limit: 2100
Processor Information for processor 6
  Max Mhz: 2100, Current Mhz: 2100, Mhz Limit: 2100
Processor Information for processor 7
  Max Mhz: 2100, Current Mhz: 2100, Mhz Limit: 2100
Processor Information for processor 8
  Max Mhz: 2100, Current Mhz: 1500, Mhz Limit: 1491
Processor Information for processor 9
  Max Mhz: 2100, Current Mhz: 1500, Mhz Limit: 1491
Processor Information for processor 10
  Max Mhz: 2100, Current Mhz: 1500, Mhz Limit: 1491
Processor Information for processor 11
  Max Mhz: 2100, Current Mhz: 1500, Mhz Limit: 1491
Processor Information for processor 12
  Max Mhz: 2100, Current Mhz: 1500, Mhz Limit: 1491
Processor Information for processor 13
  Max Mhz: 2100, Current Mhz: 1500, Mhz Limit: 1491
Processor Information for processor 14
  Max Mhz: 2100, Current Mhz: 1500, Mhz Limit: 1491
Processor Information for processor 15
  Max Mhz: 2100, Current Mhz: 1500, Mhz Limit: 1491

Memory: 4k page, system-wide physical 32452M (15822M free)
TotalPageFile size 48324M (AvailPageFile size 21779M)
current process WorkingSet (physical memory assigned to process): 537M, peak: 537M
current process commit charge ("private bytes"): 456M, peak: 682M

vm_info: OpenJDK 64-Bit Server VM (25+36-3489) for windows-amd64 JRE (25+36-3489), built on 2025-08-12T17:19:28Z with unknown MS VC++:1943

END.
