{"nodes":{"node:1":{"location":{"x":30,"y":30}},"node:2":{"location":{"x":220,"y":30}}},"selection":null,"view":{"scroll":{"x":-0,"y":-0.985915482044219971},"visible_rect":{"max":{"x":25520.0625,"y":3195.5625},"min":{"x":-0,"y":-39.375}},"zoom":0.0250391233712434769}}